gene,drug,source,testing_level,has_prescribing,has_dosing,has_alternate_drug,label_id,label_name,gene_norm,drug_norm
CYP2C9,nateglinide,EMA,Actionable PGx,1,0,0,PA166269401,Annotation of EMA Label for nateglinide and CYP2C9,CYP2C9,nateglinide
ARG1,glycerol phenylbutyrate,EMA,Testing Required,0,0,0,PA166269701,"Annotation of EMA Label for glycerol phenylbutyrate and ARG1, ASL, ASS1, CPS1, OTC",ARG1,glycerol phenylbutyrate
ASL,glycerol phenylbutyrate,EMA,Testing Required,0,0,0,PA166269701,"Annotation of EMA Label for glycerol phenylbutyrate and ARG1, ASL, ASS1, CPS1, OTC",ASL,glycerol phenylbutyrate
ASS1,glycerol phenylbutyrate,EMA,Testing Required,0,0,0,PA166269701,"Annotation of EMA Label for glycerol phenylbutyrate and ARG1, ASL, ASS1, CPS1, OTC",ASS1,glycerol phenylbutyrate
CPS1,glycerol phenylbutyrate,EMA,Testing Required,0,0,0,PA166269701,"Annotation of EMA Label for glycerol phenylbutyrate and ARG1, ASL, ASS1, CPS1, OTC",CPS1,glycerol phenylbutyrate
OTC,glycerol phenylbutyrate,EMA,Testing Required,0,0,0,PA166269701,"Annotation of EMA Label for glycerol phenylbutyrate and ARG1, ASL, ASS1, CPS1, OTC",OTC,glycerol phenylbutyrate
SMN2,nusinersen,EMA,,0,0,0,PA166273281,Annotation of EMA Label for nusinersen and SMN2,SMN2,nusinersen
CYP2B6,ospemifene,EMA,,0,0,0,PA166273261,"Annotation of EMA Label for ospemifene and CYP2B6, CYP2C9",CYP2B6,ospemifene
CYP2C9,ospemifene,EMA,,0,0,0,PA166273261,"Annotation of EMA Label for ospemifene and CYP2B6, CYP2C9",CYP2C9,ospemifene
DPYD,tegafur / gimeracil / oteracil,EMA,Testing Recommended,1,0,1,PA166271261,Annotation of EMA Label for tegafur / gimeracil / oteracil and DPYD,DPYD,tegafur / gimeracil / oteracil
ALK,ipilimumab,EMA,Testing Required,0,0,0,PA166273521,"Annotation of EMA Label for ipilimumab and ALK, CD274, EGFR",ALK,ipilimumab
CD274,ipilimumab,EMA,Testing Required,0,0,0,PA166273521,"Annotation of EMA Label for ipilimumab and ALK, CD274, EGFR",CD274,ipilimumab
EGFR,ipilimumab,EMA,Testing Required,0,0,0,PA166273521,"Annotation of EMA Label for ipilimumab and ALK, CD274, EGFR",EGFR,ipilimumab
HLA-A,ipilimumab,EMA,No Clinical PGx,0,0,0,PA166273501,Annotation of EMA Label for ipilimumab and HLA-A,HLA-A,ipilimumab
SSTR1,lutetium (177Lu) dotatate,EMA,Testing Required,0,0,0,PA166273423,"Annotation of EMA Label for lutetium (177Lu) dotatate and SSTR1, SSTR2, SSTR3, SSTR4, SSTR5",SSTR1,lutetium (177lu) dotatate
SSTR2,lutetium (177Lu) dotatate,EMA,Testing Required,0,0,0,PA166273423,"Annotation of EMA Label for lutetium (177Lu) dotatate and SSTR1, SSTR2, SSTR3, SSTR4, SSTR5",SSTR2,lutetium (177lu) dotatate
SSTR3,lutetium (177Lu) dotatate,EMA,Testing Required,0,0,0,PA166273423,"Annotation of EMA Label for lutetium (177Lu) dotatate and SSTR1, SSTR2, SSTR3, SSTR4, SSTR5",SSTR3,lutetium (177lu) dotatate
SSTR4,lutetium (177Lu) dotatate,EMA,Testing Required,0,0,0,PA166273423,"Annotation of EMA Label for lutetium (177Lu) dotatate and SSTR1, SSTR2, SSTR3, SSTR4, SSTR5",SSTR4,lutetium (177lu) dotatate
SSTR5,lutetium (177Lu) dotatate,EMA,Testing Required,0,0,0,PA166273423,"Annotation of EMA Label for lutetium (177Lu) dotatate and SSTR1, SSTR2, SSTR3, SSTR4, SSTR5",SSTR5,lutetium (177lu) dotatate
CYP2D6,upadacitinib,HCSC,No Clinical PGx,0,0,0,PA166272241,Annotation of HCSC Label for upadacitinib and CYP2D6,CYP2D6,upadacitinib
ERBB2,tipiracil / trifluridine,HCSC,,0,0,0,PA166272321,"Annotation of HCSC Label for tipiracil / trifluridine and ERBB2, KRAS",ERBB2,tipiracil / trifluridine
KRAS,tipiracil / trifluridine,HCSC,,0,0,0,PA166272321,"Annotation of HCSC Label for tipiracil / trifluridine and ERBB2, KRAS",KRAS,tipiracil / trifluridine
MET,capmatinib,HCSC,Testing Required,0,0,0,PA166271361,Annotation of HCSC Label for capmatinib and MET,MET,capmatinib
KRAS,sotorasib,HCSC,Testing Required,0,0,0,PA166272581,Annotation of HCSC Label for sotorasib and KRAS,KRAS,sotorasib
KRAS,sotorasib,EMA,Testing Required,0,0,0,PA166272601,Annotation of EMA Label for sotorasib and KRAS,KRAS,sotorasib
DPYD,capecitabine,Swissmedic,Actionable PGx,1,1,1,PA166184114,Annotation of Swissmedic Label for capecitabine and DPYD,DPYD,capecitabine
G6PD,carbasalate calcium,Swissmedic,Actionable PGx,0,0,0,PA166184117,Annotation of Swissmedic Label for carbasalate calcium and G6PD,G6PD,carbasalate calcium
CYP2D6,codeine,Swissmedic,Actionable PGx,1,0,1,PA166184126,Annotation of Swissmedic Label for codeine and CYP2D6,CYP2D6,codeine
CYP2D6,brexpiprazole,Swissmedic,Actionable PGx,1,1,0,PA166184405,Annotation of Swissmedic Label for brexpiprazole and CYP2D6,CYP2D6,brexpiprazole
HLA-B,carbamazepine,Swissmedic,Testing Required,1,0,1,PA166184116,Annotation of Swissmedic Label for carbamazepine and HLA-B,HLA-B,carbamazepine
CYP2C9,rimegepant,EMA,No Clinical PGx,0,0,0,PA166272701,Annotation of EMA Label for rimegepant and CYP2C9,CYP2C9,rimegepant
SMN1,risdiplam,EMA,Testing Required,0,0,0,PA166272721,"Annotation of EMA Label for risdiplam and SMN1, SMN2",SMN1,risdiplam
SMN2,risdiplam,EMA,Testing Required,0,0,0,PA166272721,"Annotation of EMA Label for risdiplam and SMN1, SMN2",SMN2,risdiplam
UGT1A1,sacituzumab govitecan,EMA,Actionable PGx,1,0,0,PA166271541,Annotation of EMA Label for sacituzumab govitecan and UGT1A1,UGT1A1,sacituzumab govitecan
HLA-B,dolutegravir / abacavir / lamivudine,Swissmedic,Testing Required,1,0,0,PA166184506,Annotation of Swissmedic Label for dolutegravir / abacavir / lamivudine and HLA-B,HLA-B,dolutegravir / abacavir / lamivudine
G6PD,ciprofloxacin,Swissmedic,Actionable PGx,0,0,0,PA166184122,Annotation of Swissmedic Label for ciprofloxacin and G6PD,G6PD,ciprofloxacin
CYP2D6,clomipramine,Swissmedic,Actionable PGx,0,0,0,PA166184124,Annotation of Swissmedic Label for clomipramine and CYP2D6,CYP2D6,clomipramine
CYP2C19,dexlansoprazole,Swissmedic,Actionable PGx,0,0,0,PA166184133,Annotation of Swissmedic Label for dexlansoprazole and CYP2C19,CYP2C19,dexlansoprazole
CYP2D6,dextromethorphan,Swissmedic,Actionable PGx,0,0,0,PA166184134,Annotation of Swissmedic Label for dextromethorphan and CYP2D6,CYP2D6,dextromethorphan
CYP2D6,duloxetine,Swissmedic,Actionable PGx,0,0,0,PA166184442,Annotation of Swissmedic Label for duloxetine and CYP2D6,CYP2D6,duloxetine
DPYD,flucytosine,Swissmedic,Testing Recommended,0,0,0,PA166184449,Annotation of Swissmedic Label for flucytosine and DPYD,DPYD,flucytosine
G6PD,amlodipine / atorvastatin / perindopril arginine,Swissmedic,Actionable PGx,0,0,0,PA166183786,"Annotation of Swissmedic Label for amlodipine / atorvastatin / perindopril arginine and G6PD, SLCO1B1",G6PD,amlodipine / atorvastatin / perindopril arginine
SLCO1B1,amlodipine / atorvastatin / perindopril arginine,Swissmedic,Actionable PGx,0,0,0,PA166183786,"Annotation of Swissmedic Label for amlodipine / atorvastatin / perindopril arginine and G6PD, SLCO1B1",SLCO1B1,amlodipine / atorvastatin / perindopril arginine
ABL1,blinatumomab,HCSC,,0,0,0,PA166274002,"Annotation of HCSC Label for blinatumomab and ABL1, BCR",ABL1,blinatumomab
BCR,blinatumomab,HCSC,,0,0,0,PA166274002,"Annotation of HCSC Label for blinatumomab and ABL1, BCR",BCR,blinatumomab
UGT1A1,sacituzumab govitecan,HCSC,Actionable PGx,1,0,1,PA166271561,Annotation of HCSC Label for sacituzumab govitecan and UGT1A1,UGT1A1,sacituzumab govitecan
RET,selpercatinib,EMA,Testing Required,0,0,0,PA166272781,Annotation of EMA Label for selpercatinib and RET,RET,selpercatinib
LEPR,setmelanotide,EMA,Testing Required,0,0,0,PA166272801,"Annotation of EMA Label for setmelanotide and LEPR, PCSK1, POMC",LEPR,setmelanotide
PCSK1,setmelanotide,EMA,Testing Required,0,0,0,PA166272801,"Annotation of EMA Label for setmelanotide and LEPR, PCSK1, POMC",PCSK1,setmelanotide
POMC,setmelanotide,EMA,Testing Required,0,0,0,PA166272801,"Annotation of EMA Label for setmelanotide and LEPR, PCSK1, POMC",POMC,setmelanotide
CYP2C9,siponimod,EMA,Testing Required,1,1,1,PA166272821,Annotation of EMA Label for siponimod and CYP2C9,CYP2C9,siponimod
ALDH5A1,sodium oxybate,EMA,Actionable PGx,1,0,1,PA166272841,Annotation of EMA Label for sodium oxybate and ALDH5A1,ALDH5A1,sodium oxybate
ALK,cemiplimab-rwlc,HCSC,Testing Required,0,0,0,PA166278442,"Annotation of HCSC Label for cemiplimab-rwlc and ALK, CD274, EGFR, ROS1",ALK,cemiplimab-rwlc
CD274,cemiplimab-rwlc,HCSC,Testing Required,0,0,0,PA166278442,"Annotation of HCSC Label for cemiplimab-rwlc and ALK, CD274, EGFR, ROS1",CD274,cemiplimab-rwlc
EGFR,cemiplimab-rwlc,HCSC,Testing Required,0,0,0,PA166278442,"Annotation of HCSC Label for cemiplimab-rwlc and ALK, CD274, EGFR, ROS1",EGFR,cemiplimab-rwlc
ROS1,cemiplimab-rwlc,HCSC,Testing Required,0,0,0,PA166278442,"Annotation of HCSC Label for cemiplimab-rwlc and ALK, CD274, EGFR, ROS1",ROS1,cemiplimab-rwlc
RET,selpercatinib,HCSC,Testing Required,0,0,0,PA166278601,Annotation of HCSC Label for selpercatinib and RET,RET,selpercatinib
G6PD,ofloxacin,Swissmedic,Actionable PGx,1,0,0,PA166184157,Annotation of Swissmedic Label for ofloxacin and G6PD,G6PD,ofloxacin
HLA-B,oxcarbazepine,Swissmedic,Testing Required,1,0,1,PA166184173,Annotation of Swissmedic Label for oxcarbazepine and HLA-B,HLA-B,oxcarbazepine
G6PD,quinine,Swissmedic,Actionable PGx,1,0,1,PA166184120,Annotation of Swissmedic Label for quinine and G6PD,G6PD,quinine
G6PD,rasburicase,Swissmedic,Actionable PGx,1,0,1,PA166184403,Annotation of Swissmedic Label for rasburicase and G6PD,G6PD,rasburicase
DPYD,fluorouracil,Swissmedic,Testing Required,0,0,0,PA166184450,Annotation of Swissmedic Label for fluorouracil and DPYD,DPYD,fluorouracil
CYP2D6,fluoxetine,Swissmedic,Informative PGx,0,0,0,PA166184452,Annotation of Swissmedic Label for fluoxetine and CYP2D6,CYP2D6,fluoxetine
G6PD,hydroxychloroquine,Swissmedic,Actionable PGx,0,0,0,PA166184461,Annotation of Swissmedic Label for hydroxychloroquine and G6PD,G6PD,hydroxychloroquine
CYP2C19,moclobemide,Swissmedic,Actionable PGx,0,0,0,PA166183900,Annotation of Swissmedic Label for moclobemide and CYP2C19,CYP2C19,moclobemide
CYP2D6,nebivolol,Swissmedic,Informative PGx,0,0,0,PA166183910,Annotation of Swissmedic Label for nebivolol and CYP2D6,CYP2D6,nebivolol
CYP2D6,palonosetron,Swissmedic,Informative PGx,0,0,0,PA166184221,Annotation of Swissmedic Label for palonosetron and CYP2D6,CYP2D6,palonosetron
HLA-B,pazopanib,Swissmedic,Actionable PGx,0,0,0,PA166184268,Annotation of Swissmedic Label for pazopanib and HLA-B,HLA-B,pazopanib
CYP2D6,propafenone,Swissmedic,Actionable PGx,0,0,0,PA166184395,Annotation of Swissmedic Label for propafenone and CYP2D6,CYP2D6,propafenone
CYP2C9,losartan,Swissmedic,Actionable PGx,0,0,0,PA166184388,"Annotation of Swissmedic Label for losartan and CYP2C9, CYP3A4",CYP2C9,losartan
CYP3A4,losartan,Swissmedic,Actionable PGx,0,0,0,PA166184388,"Annotation of Swissmedic Label for losartan and CYP2C9, CYP3A4",CYP3A4,losartan
G6PD,sulfamethoxazole / trimethoprim,Swissmedic,Actionable PGx,0,0,0,PA166184390,Annotation of Swissmedic Label for sulfamethoxazole / trimethoprim and G6PD,G6PD,sulfamethoxazole / trimethoprim
AQP4,eculizumab,EMA,,0,0,0,PA166281081,"Annotation of EMA Label for eculizumab and AQP4, CHRNA1, CHRNA3, CHRNA4, CHRNA5, CHRNA6, CHRNA7, CHRNB1, CHRNE",AQP4,eculizumab
CHRNA1,eculizumab,EMA,,0,0,0,PA166281081,"Annotation of EMA Label for eculizumab and AQP4, CHRNA1, CHRNA3, CHRNA4, CHRNA5, CHRNA6, CHRNA7, CHRNB1, CHRNE",CHRNA1,eculizumab
CHRNA3,eculizumab,EMA,,0,0,0,PA166281081,"Annotation of EMA Label for eculizumab and AQP4, CHRNA1, CHRNA3, CHRNA4, CHRNA5, CHRNA6, CHRNA7, CHRNB1, CHRNE",CHRNA3,eculizumab
CHRNA4,eculizumab,EMA,,0,0,0,PA166281081,"Annotation of EMA Label for eculizumab and AQP4, CHRNA1, CHRNA3, CHRNA4, CHRNA5, CHRNA6, CHRNA7, CHRNB1, CHRNE",CHRNA4,eculizumab
CHRNA5,eculizumab,EMA,,0,0,0,PA166281081,"Annotation of EMA Label for eculizumab and AQP4, CHRNA1, CHRNA3, CHRNA4, CHRNA5, CHRNA6, CHRNA7, CHRNB1, CHRNE",CHRNA5,eculizumab
CHRNA6,eculizumab,EMA,,0,0,0,PA166281081,"Annotation of EMA Label for eculizumab and AQP4, CHRNA1, CHRNA3, CHRNA4, CHRNA5, CHRNA6, CHRNA7, CHRNB1, CHRNE",CHRNA6,eculizumab
CHRNA7,eculizumab,EMA,,0,0,0,PA166281081,"Annotation of EMA Label for eculizumab and AQP4, CHRNA1, CHRNA3, CHRNA4, CHRNA5, CHRNA6, CHRNA7, CHRNB1, CHRNE",CHRNA7,eculizumab
CHRNB1,eculizumab,EMA,,0,0,0,PA166281081,"Annotation of EMA Label for eculizumab and AQP4, CHRNA1, CHRNA3, CHRNA4, CHRNA5, CHRNA6, CHRNA7, CHRNB1, CHRNE",CHRNB1,eculizumab
CHRNE,eculizumab,EMA,,0,0,0,PA166281081,"Annotation of EMA Label for eculizumab and AQP4, CHRNA1, CHRNA3, CHRNA4, CHRNA5, CHRNA6, CHRNA7, CHRNB1, CHRNE",CHRNE,eculizumab
NAGS,carglumic acid,HCSC,,0,0,0,PA166129525,Annotation of HCSC Label for carglumic acid and NAGS,NAGS,carglumic acid
ABL1,ponatinib,HCSC,Testing Required,0,0,0,PA166129527,"Annotation of HCSC Label for ponatinib and ABL1, BCR",ABL1,ponatinib
BCR,ponatinib,HCSC,Testing Required,0,0,0,PA166129527,"Annotation of HCSC Label for ponatinib and ABL1, BCR",BCR,ponatinib
ALK,ceritinib,HCSC,Testing Required,0,0,0,PA166129526,Annotation of HCSC Label for ceritinib and ALK,ALK,ceritinib
CHRNA1,zilucoplan,HCSC,,0,0,0,PA166329401,"Annotation of HCSC Label for zilucoplan and CHRNA1, CHRNA3, CHRNA4, CHRNA5, CHRNA6, CHRNA7, CHRNB1, CHRNE",CHRNA1,zilucoplan
CHRNA3,zilucoplan,HCSC,,0,0,0,PA166329401,"Annotation of HCSC Label for zilucoplan and CHRNA1, CHRNA3, CHRNA4, CHRNA5, CHRNA6, CHRNA7, CHRNB1, CHRNE",CHRNA3,zilucoplan
CHRNA4,zilucoplan,HCSC,,0,0,0,PA166329401,"Annotation of HCSC Label for zilucoplan and CHRNA1, CHRNA3, CHRNA4, CHRNA5, CHRNA6, CHRNA7, CHRNB1, CHRNE",CHRNA4,zilucoplan
CHRNA5,zilucoplan,HCSC,,0,0,0,PA166329401,"Annotation of HCSC Label for zilucoplan and CHRNA1, CHRNA3, CHRNA4, CHRNA5, CHRNA6, CHRNA7, CHRNB1, CHRNE",CHRNA5,zilucoplan
CHRNA6,zilucoplan,HCSC,,0,0,0,PA166329401,"Annotation of HCSC Label for zilucoplan and CHRNA1, CHRNA3, CHRNA4, CHRNA5, CHRNA6, CHRNA7, CHRNB1, CHRNE",CHRNA6,zilucoplan
CHRNA7,zilucoplan,HCSC,,0,0,0,PA166329401,"Annotation of HCSC Label for zilucoplan and CHRNA1, CHRNA3, CHRNA4, CHRNA5, CHRNA6, CHRNA7, CHRNB1, CHRNE",CHRNA7,zilucoplan
CHRNB1,zilucoplan,HCSC,,0,0,0,PA166329401,"Annotation of HCSC Label for zilucoplan and CHRNA1, CHRNA3, CHRNA4, CHRNA5, CHRNA6, CHRNA7, CHRNB1, CHRNE",CHRNB1,zilucoplan
CHRNE,zilucoplan,HCSC,,0,0,0,PA166329401,"Annotation of HCSC Label for zilucoplan and CHRNA1, CHRNA3, CHRNA4, CHRNA5, CHRNA6, CHRNA7, CHRNB1, CHRNE",CHRNE,zilucoplan
BCHE,chloroprocaine,HCSC,Informative PGx,0,0,0,PA166396961,Annotation of HCSC Label for chloroprocaine and BCHE,BCHE,chloroprocaine
RET,pralsetinib,HCSC,Testing Required,0,0,0,PA166281722,Annotation of HCSC Label for pralsetinib and RET,RET,pralsetinib
CYP2D6,paliperidone,HCSC,No Clinical PGx,0,0,0,PA166281761,Annotation of HCSC Label for paliperidone and CYP2D6,CYP2D6,paliperidone
AGXT,lumasiran,HCSC,,0,0,0,PA166283221,Annotation of HCSC Label for lumasiran and AGXT,AGXT,lumasiran
HRAS,encorafenib,EMA,Actionable PGx,1,0,1,PA166284541,"Annotation of EMA Label for encorafenib and HRAS, KRAS, NRAS",HRAS,encorafenib
KRAS,encorafenib,EMA,Actionable PGx,1,0,1,PA166284541,"Annotation of EMA Label for encorafenib and HRAS, KRAS, NRAS",KRAS,encorafenib
NRAS,encorafenib,EMA,Actionable PGx,1,0,1,PA166284541,"Annotation of EMA Label for encorafenib and HRAS, KRAS, NRAS",NRAS,encorafenib
F5,relugolix / estradiol / norethindrone acetate,FDA,Actionable PGx,1,0,1,PA166397721,"Annotation of FDA Label for relugolix / estradiol / norethindrone acetate and F5, PROC, PROS1, SERPINC1",F5,relugolix / estradiol / norethindrone acetate
PROC,relugolix / estradiol / norethindrone acetate,FDA,Actionable PGx,1,0,1,PA166397721,"Annotation of FDA Label for relugolix / estradiol / norethindrone acetate and F5, PROC, PROS1, SERPINC1",PROC,relugolix / estradiol / norethindrone acetate
PROS1,relugolix / estradiol / norethindrone acetate,FDA,Actionable PGx,1,0,1,PA166397721,"Annotation of FDA Label for relugolix / estradiol / norethindrone acetate and F5, PROC, PROS1, SERPINC1",PROS1,relugolix / estradiol / norethindrone acetate
SERPINC1,relugolix / estradiol / norethindrone acetate,FDA,Actionable PGx,1,0,1,PA166397721,"Annotation of FDA Label for relugolix / estradiol / norethindrone acetate and F5, PROC, PROS1, SERPINC1",SERPINC1,relugolix / estradiol / norethindrone acetate
BRAF,pembrolizumab,EMA,,0,0,0,PA166284681,Annotation of EMA Label for pembrolizumab and BRAF,BRAF,pembrolizumab
BRCA1,niraparib,HCSC,Informative PGx,0,0,0,PA166283161,"Annotation of HCSC Label for niraparib and BRCA1, BRCA2",BRCA1,niraparib
BRCA2,niraparib,HCSC,Informative PGx,0,0,0,PA166283161,"Annotation of HCSC Label for niraparib and BRCA1, BRCA2",BRCA2,niraparib
F5,relugolix / estradiol / norethindrone acetate,HCSC,Actionable PGx,1,0,1,PA166397701,"Annotation of HCSC Label for relugolix / estradiol / norethindrone acetate and F5, PROC, PROS1, SERPINC1",F5,relugolix / estradiol / norethindrone acetate
PROC,relugolix / estradiol / norethindrone acetate,HCSC,Actionable PGx,1,0,1,PA166397701,"Annotation of HCSC Label for relugolix / estradiol / norethindrone acetate and F5, PROC, PROS1, SERPINC1",PROC,relugolix / estradiol / norethindrone acetate
PROS1,relugolix / estradiol / norethindrone acetate,HCSC,Actionable PGx,1,0,1,PA166397701,"Annotation of HCSC Label for relugolix / estradiol / norethindrone acetate and F5, PROC, PROS1, SERPINC1",PROS1,relugolix / estradiol / norethindrone acetate
SERPINC1,relugolix / estradiol / norethindrone acetate,HCSC,Actionable PGx,1,0,1,PA166397701,"Annotation of HCSC Label for relugolix / estradiol / norethindrone acetate and F5, PROC, PROS1, SERPINC1",SERPINC1,relugolix / estradiol / norethindrone acetate
UGT1A1,cabotegravir / rilpivirine,HCSC,No Clinical PGx,0,0,0,PA166284761,Annotation of HCSC Label for cabotegravir / rilpivirine and UGT1A1,UGT1A1,cabotegravir / rilpivirine
CYP2D6,cariprazine,HCSC,No Clinical PGx,0,0,0,PA166398041,Annotation of HCSC Label for cariprazine and CYP2D6,CYP2D6,cariprazine
HLA-B,fosphenytoin,HCSC,Actionable PGx,1,0,1,PA166284241,Annotation of HCSC Label for fosphenytoin and HLA-B,HLA-B,fosphenytoin
HLA-A,oxcarbazepine,HCSC,Informative PGx,0,0,0,PA166224081,Annotation of HCSC Label for oxcarbazepine and HLA-A,HLA-A,oxcarbazepine
HRAS,encorafenib,HCSC,Actionable PGx,1,0,1,PA166284561,"Annotation of HCSC Label for encorafenib and HRAS, KRAS, NRAS",HRAS,encorafenib
KRAS,encorafenib,HCSC,Actionable PGx,1,0,1,PA166284561,"Annotation of HCSC Label for encorafenib and HRAS, KRAS, NRAS",KRAS,encorafenib
NRAS,encorafenib,HCSC,Actionable PGx,1,0,1,PA166284561,"Annotation of HCSC Label for encorafenib and HRAS, KRAS, NRAS",NRAS,encorafenib
CPOX,givosiran,HCSC,,0,0,0,PA166283802,"Annotation of HCSC Label for givosiran and CPOX, HMBS, PPOX",CPOX,givosiran
HMBS,givosiran,HCSC,,0,0,0,PA166283802,"Annotation of HCSC Label for givosiran and CPOX, HMBS, PPOX",HMBS,givosiran
PPOX,givosiran,HCSC,,0,0,0,PA166283802,"Annotation of HCSC Label for givosiran and CPOX, HMBS, PPOX",PPOX,givosiran
TTR,tafamidis,HCSC,,0,0,0,PA166272361,Annotation of HCSC Label for tafamidis and TTR,TTR,tafamidis
ALDH5A1,sodium oxybate,HCSC,Actionable PGx,1,0,1,PA166278561,Annotation of HCSC Label for sodium oxybate and ALDH5A1,ALDH5A1,sodium oxybate
ALK,nivolumab,HCSC,Testing Required,0,0,0,PA166284721,"Annotation of HCSC Label for nivolumab and ALK, CD274, EGFR, ERBB2",ALK,nivolumab
CD274,nivolumab,HCSC,Testing Required,0,0,0,PA166284721,"Annotation of HCSC Label for nivolumab and ALK, CD274, EGFR, ERBB2",CD274,nivolumab
EGFR,nivolumab,HCSC,Testing Required,0,0,0,PA166284721,"Annotation of HCSC Label for nivolumab and ALK, CD274, EGFR, ERBB2",EGFR,nivolumab
ERBB2,nivolumab,HCSC,Testing Required,0,0,0,PA166284721,"Annotation of HCSC Label for nivolumab and ALK, CD274, EGFR, ERBB2",ERBB2,nivolumab
ALK,ipilimumab,HCSC,Testing Required,0,0,0,PA166283821,"Annotation of HCSC Label for ipilimumab and ALK, CD274, EGFR",ALK,ipilimumab
CD274,ipilimumab,HCSC,Testing Required,0,0,0,PA166283821,"Annotation of HCSC Label for ipilimumab and ALK, CD274, EGFR",CD274,ipilimumab
EGFR,ipilimumab,HCSC,Testing Required,0,0,0,PA166283821,"Annotation of HCSC Label for ipilimumab and ALK, CD274, EGFR",EGFR,ipilimumab
MET,tepotinib,HCSC,Testing Required,0,0,0,PA166272341,Annotation of HCSC Label for tepotinib and MET,MET,tepotinib
BRAF,nivolumab,EMA,,0,0,0,PA166273302,Annotation of EMA Label for nivolumab and BRAF,BRAF,nivolumab
CYP2D6,pitolisant,HCSC,Actionable PGx,1,1,0,PA166281741,Annotation of HCSC Label for pitolisant and CYP2D6,CYP2D6,pitolisant
MOCS1,fosdenopterin,EMA,Testing Required,0,0,0,PA166283961,Annotation of EMA Label for fosdenopterin and MOCS1,MOCS1,fosdenopterin
ERBB2,trastuzumab deruxtecan,EMA,Testing Required,0,0,0,PA166283941,Annotation of EMA Label for trastuzumab deruxtecan and ERBB2,ERBB2,trastuzumab deruxtecan
CD38,isatuximab,EMA,,0,0,0,PA166273481,Annotation of EMA Label for isatuximab and CD38,CD38,isatuximab
LDLR,evinacumab,EMA,,0,0,0,PA166283981,Annotation of EMA Label for evinacumab and LDLR,LDLR,evinacumab
NECTIN4,enfortumab vedotin,EMA,,0,0,0,PA166284001,Annotation of EMA Label for enfortumab vedotin and NECTIN4,NECTIN4,enfortumab vedotin
NECTIN4,enfortumab vedotin,HCSC,,0,0,0,PA166284021,Annotation of HCSC Label for enfortumab vedotin and NECTIN4,NECTIN4,enfortumab vedotin
HLA-A,tebentafusp,FDA,Testing Required,0,0,0,PA166277761,Annotation of FDA Label for tebentafusp and HLA-A,HLA-A,tebentafusp
ALK,atezolizumab,HCSC,Testing Required,0,0,0,PA166229941,"Annotation of HCSC Label for atezolizumab and ALK, CD274, EGFR",ALK,atezolizumab
CD274,atezolizumab,HCSC,Testing Required,0,0,0,PA166229941,"Annotation of HCSC Label for atezolizumab and ALK, CD274, EGFR",CD274,atezolizumab
EGFR,atezolizumab,HCSC,Testing Required,0,0,0,PA166229941,"Annotation of HCSC Label for atezolizumab and ALK, CD274, EGFR",EGFR,atezolizumab
MET,tepotinib,EMA,Testing Required,0,0,0,PA166272641,Annotation of EMA Label for tepotinib and MET,MET,tepotinib
NTRK1,entrectinib,HCSC,Testing Required,0,0,0,PA166284062,"Annotation of HCSC Label for entrectinib and NTRK1, NTRK2, NTRK3, ROS1",NTRK1,entrectinib
NTRK2,entrectinib,HCSC,Testing Required,0,0,0,PA166284062,"Annotation of HCSC Label for entrectinib and NTRK1, NTRK2, NTRK3, ROS1",NTRK2,entrectinib
NTRK3,entrectinib,HCSC,Testing Required,0,0,0,PA166284062,"Annotation of HCSC Label for entrectinib and NTRK1, NTRK2, NTRK3, ROS1",NTRK3,entrectinib
ROS1,entrectinib,HCSC,Testing Required,0,0,0,PA166284062,"Annotation of HCSC Label for entrectinib and NTRK1, NTRK2, NTRK3, ROS1",ROS1,entrectinib
CYP2C9,fosphenytoin,HCSC,Informative PGx,0,0,0,PA166284261,Annotation of HCSC Label for fosphenytoin and CYP2C9,CYP2C9,fosphenytoin
KRAS,azacitidine,EMA,,0,0,0,PA166278202,"Annotation of EMA Label for azacitidine and KRAS, NRAS, PTPN11",KRAS,azacitidine
NRAS,azacitidine,EMA,,0,0,0,PA166278202,"Annotation of EMA Label for azacitidine and KRAS, NRAS, PTPN11",NRAS,azacitidine
PTPN11,azacitidine,EMA,,0,0,0,PA166278202,"Annotation of EMA Label for azacitidine and KRAS, NRAS, PTPN11",PTPN11,azacitidine
NAT2,amifampridine,HCSC,Actionable PGx,1,1,0,PA166229921,Annotation of HCSC Label for amifampridine and NAT2,NAT2,amifampridine
APOB,inclisiran,HCSC,,0,0,0,PA166283901,"Annotation of HCSC Label for inclisiran and APOB, LDLR, PCSK9",APOB,inclisiran
LDLR,inclisiran,HCSC,,0,0,0,PA166283901,"Annotation of HCSC Label for inclisiran and APOB, LDLR, PCSK9",LDLR,inclisiran
PCSK9,inclisiran,HCSC,,0,0,0,PA166283901,"Annotation of HCSC Label for inclisiran and APOB, LDLR, PCSK9",PCSK9,inclisiran
CYP2D6,Opium derivatives and expectorants,Swissmedic,Actionable PGx,0,0,0,PA166184172,Annotation of Swissmedic Label for Opium derivatives and expectorants and CYP2D6,CYP2D6,opium derivatives and expectorants
NUDT15,azathioprine,Swissmedic,Actionable PGx,1,1,0,PA166184112,"Annotation of Swissmedic Label for azathioprine and NUDT15, TPMT",NUDT15,azathioprine
TPMT,azathioprine,Swissmedic,Actionable PGx,1,1,0,PA166184112,"Annotation of Swissmedic Label for azathioprine and NUDT15, TPMT",TPMT,azathioprine
CYP2C19,clopidogrel,Swissmedic,Actionable PGx,1,1,0,PA166184125,Annotation of Swissmedic Label for clopidogrel and CYP2C19,CYP2C19,clopidogrel
BRAF,encorafenib,EMA,Testing Required,0,0,0,PA166182948,Annotation of EMA Label for encorafenib and BRAF,BRAF,encorafenib
UGT1A1,irinotecan,EMA,Actionable PGx,1,1,0,PA166182952,Annotation of EMA Label for irinotecan and UGT1A1,UGT1A1,irinotecan
CYP2C9,lesinurad,EMA,Actionable PGx,1,0,0,PA166183181,Annotation of EMA Label for lesinurad and CYP2C9,CYP2C9,lesinurad
G6PD,chloroquine,Swissmedic,Actionable PGx,1,0,1,PA166184121,Annotation of Swissmedic Label for chloroquine and G6PD,G6PD,chloroquine
SLCO1B1,ezetimibe / simvastatin,Swissmedic,Testing Recommended,1,1,0,PA166184429,Annotation of Swissmedic Label for ezetimibe / simvastatin and SLCO1B1,SLCO1B1,ezetimibe / simvastatin
HLA-B,lamivudine / abacavir,Swissmedic,Testing Required,1,0,0,PA166184502,Annotation of Swissmedic Label for lamivudine / abacavir and HLA-B,HLA-B,lamivudine / abacavir
G6PD,bisoprolol fumarate / perindopril arginine,Swissmedic,Actionable PGx,0,0,0,PA166184113,Annotation of Swissmedic Label for bisoprolol fumarate / perindopril arginine and G6PD,G6PD,bisoprolol fumarate / perindopril arginine
IFNL3,dasabuvir,Swissmedic,Actionable PGx,0,0,0,PA166184132,Annotation of Swissmedic Label for dasabuvir and IFNL3,IFNL3,dasabuvir
CYP2B6,efavirenz,Swissmedic,Actionable PGx,0,0,0,PA166184443,Annotation of Swissmedic Label for efavirenz and CYP2B6,CYP2B6,efavirenz
CYP2D6,escitalopram,Swissmedic,Informative PGx,0,0,0,PA166184446,Annotation of Swissmedic Label for escitalopram and CYP2D6,CYP2D6,escitalopram
CYP2D6,fesoterodine,Swissmedic,Actionable PGx,0,0,0,PA166184447,Annotation of Swissmedic Label for fesoterodine and CYP2D6,CYP2D6,fesoterodine
TYMS,fluorouracil,Swissmedic,Actionable PGx,0,0,0,PA166184451,Annotation of Swissmedic Label for fluorouracil and TYMS,TYMS,fluorouracil
CYP2D6,gefitinib,Swissmedic,Actionable PGx,0,0,0,PA166184455,Annotation of Swissmedic Label for gefitinib and CYP2D6,CYP2D6,gefitinib
G6PD,gliclazide,Swissmedic,Actionable PGx,0,0,0,PA166184457,Annotation of Swissmedic Label for gliclazide and G6PD,G6PD,gliclazide
CYP2D6,ibrutinib,Swissmedic,Informative PGx,0,0,0,PA166184374,Annotation of Swissmedic Label for ibrutinib and CYP2D6,CYP2D6,ibrutinib
HLA-DQA1,lapatinib,Swissmedic,Actionable PGx,0,0,0,PA166184383,"Annotation of Swissmedic Label for lapatinib and HLA-DQA1, HLA-DRB1",HLA-DQA1,lapatinib
HLA-DRB1,lapatinib,Swissmedic,Actionable PGx,0,0,0,PA166184383,"Annotation of Swissmedic Label for lapatinib and HLA-DQA1, HLA-DRB1",HLA-DRB1,lapatinib
ABCG2,ezetimibe / rosuvastatin,Swissmedic,Actionable PGx,1,1,0,PA166184427,"Annotation of Swissmedic Label for ezetimibe / rosuvastatin and ABCG2, SLCO1B1",ABCG2,ezetimibe / rosuvastatin
SLCO1B1,ezetimibe / rosuvastatin,Swissmedic,Actionable PGx,1,1,0,PA166184427,"Annotation of Swissmedic Label for ezetimibe / rosuvastatin and ABCG2, SLCO1B1",SLCO1B1,ezetimibe / rosuvastatin
CYP2C19,clomipramine,HCSC,Actionable PGx,1,0,0,PA166398581,"Annotation of HCSC Label for clomipramine and CYP2C19, CYP2D6",CYP2C19,clomipramine
CYP2D6,clomipramine,HCSC,Actionable PGx,1,0,0,PA166398581,"Annotation of HCSC Label for clomipramine and CYP2C19, CYP2D6",CYP2D6,clomipramine
G6PD,nitrofurantoin,Swissmedic,Actionable PGx,1,0,1,PA166184155,Annotation of Swissmedic Label for nitrofurantoin and G6PD,G6PD,nitrofurantoin
SLCO1B1,simvastatin,Swissmedic,Testing Recommended,1,0,0,PA166184500,Annotation of Swissmedic Label for simvastatin and SLCO1B1,SLCO1B1,simvastatin
CYP2D6,dextromethorphan / quinidine,EMA,Informative PGx,0,0,0,PA166119827,Annotation of EMA Label for dextromethorphan / quinidine and CYP2D6,CYP2D6,dextromethorphan / quinidine
CYP2D6,ondansetron,Swissmedic,Informative PGx,0,0,0,PA166184160,Annotation of Swissmedic Label for ondansetron and CYP2D6,CYP2D6,ondansetron
CYP2D6,oxycodone,Swissmedic,Actionable PGx,0,0,0,PA166184177,Annotation of Swissmedic Label for oxycodone and CYP2D6,CYP2D6,oxycodone
CYP2D6,paliperidone,Swissmedic,Informative PGx,0,0,0,PA166184220,Annotation of Swissmedic Label for paliperidone and CYP2D6,CYP2D6,paliperidone
G6PD,perindopril,Swissmedic,Actionable PGx,0,0,0,PA166184286,Annotation of Swissmedic Label for perindopril and G6PD,G6PD,perindopril
SLCO1B1,pitavastatin,Swissmedic,Actionable PGx,0,0,0,PA166184393,Annotation of Swissmedic Label for pitavastatin and SLCO1B1,SLCO1B1,pitavastatin
CYP2C19,rabeprazole,Swissmedic,Actionable PGx,0,0,0,PA166184396,Annotation of Swissmedic Label for rabeprazole and CYP2C19,CYP2C19,rabeprazole
CYP2D6,risperidone,Swissmedic,Informative PGx,0,0,0,PA166184421,Annotation of Swissmedic Label for risperidone and CYP2D6,CYP2D6,risperidone
G6PD,sulfadiazine,Swissmedic,Actionable PGx,0,0,0,PA166184389,Annotation of Swissmedic Label for sulfadiazine and G6PD,G6PD,sulfadiazine
CYP2D6,tamoxifen,Swissmedic,Actionable PGx,0,0,0,PA166184392,Annotation of Swissmedic Label for tamoxifen and CYP2D6,CYP2D6,tamoxifen
G6PD,sulfasalazine,Swissmedic,Actionable PGx,0,0,0,PA166184391,Annotation of Swissmedic Label for sulfasalazine and G6PD,G6PD,sulfasalazine
CYP2D6,tolperisone,Swissmedic,Actionable PGx,0,0,0,PA166184425,Annotation of Swissmedic Label for tolperisone and CYP2D6,CYP2D6,tolperisone
CYP2D6,umeclidinium / vilanterol,Swissmedic,Informative PGx,0,0,0,PA166184236,Annotation of Swissmedic Label for umeclidinium / vilanterol and CYP2D6,CYP2D6,umeclidinium / vilanterol
CYP2D6,vortioxetine,Swissmedic,Actionable PGx,0,0,0,PA166184239,Annotation of Swissmedic Label for vortioxetine and CYP2D6,CYP2D6,vortioxetine
SLCO1B1,letermovir,Swissmedic,Informative PGx,0,0,0,PA166184386,"Annotation of Swissmedic Label for letermovir and SLCO1B1, UGT1A1",SLCO1B1,letermovir
UGT1A1,letermovir,Swissmedic,Informative PGx,0,0,0,PA166184386,"Annotation of Swissmedic Label for letermovir and SLCO1B1, UGT1A1",UGT1A1,letermovir
CYP2D6,fesoterodine,EMA,Informative PGx,0,0,0,PA166122967,Annotation of EMA Label for fesoterodine and CYP2D6,CYP2D6,fesoterodine
EGFR,afatinib,EMA,Testing Required,0,0,0,PA166119823,Annotation of EMA Label for afatinib and EGFR,EGFR,afatinib
CYP2D6,tetrabenazine,Swissmedic,Testing Required,1,0,0,PA166184422,Annotation of Swissmedic Label for tetrabenazine and CYP2D6,CYP2D6,tetrabenazine
CFTR,ivacaftor / tezacaftor,FDA,Testing Required,0,0,0,PA166179847,Annotation of FDA Label for ivacaftor / tezacaftor and CFTR,CFTR,ivacaftor / tezacaftor
CFTR,ivacaftor / tezacaftor,EMA,Testing Required,0,0,0,PA166182954,Annotation of EMA Label for ivacaftor / tezacaftor and CFTR,CFTR,ivacaftor / tezacaftor
CFTR,ivacaftor / tezacaftor,HCSC,Testing Required,0,0,0,PA166398921,Annotation of HCSC Label for ivacaftor / tezacaftor and CFTR,CFTR,ivacaftor / tezacaftor
CFTR,ivacaftor / lumacaftor,HCSC,Testing Required,0,0,0,PA166398941,Annotation of HCSC Label for ivacaftor / lumacaftor and CFTR,CFTR,ivacaftor / lumacaftor
CYP2D6,fesoterodine,FDA,Informative PGx,0,0,0,PA166122972,Annotation of FDA Label for fesoterodine and CYP2D6,CYP2D6,fesoterodine
CYP2C9,seladelpar,EMA,Informative PGx,0,0,0,PA166400401,Annotation of EMA Label for seladelpar and CYP2C9,CYP2C9,seladelpar
ABL1,bosutinib,EMA,Testing Required,0,0,0,PA166117941,"Annotation of EMA Label for bosutinib and ABL1, BCR",ABL1,bosutinib
BCR,bosutinib,EMA,Testing Required,0,0,0,PA166117941,"Annotation of EMA Label for bosutinib and ABL1, BCR",BCR,bosutinib
EGFR,erlotinib,EMA,Testing Required,0,0,0,PA166104844,Annotation of EMA Label for erlotinib and EGFR,EGFR,erlotinib
CYP2C19,clopidogrel,EMA,Informative PGx,0,0,0,PA166104841,Annotation of EMA Label for clopidogrel and CYP2C19,CYP2C19,clopidogrel
CYP2C19,rabeprazole,HCSC,Informative PGx,0,0,0,PA166127706,Annotation of HCSC Label for rabeprazole and CYP2C19,CYP2C19,rabeprazole
CYP2D6,propranolol,EMA,No Clinical PGx,0,0,0,PA166122487,Annotation of EMA Label for propranolol and CYP2D6,CYP2D6,propranolol
LDLR,atorvastatin,HCSC,,0,0,0,PA166127634,Annotation of HCSC Label for atorvastatin and LDLR,LDLR,atorvastatin
ERBB2,trastuzumab emtansine,EMA,Testing Required,0,0,0,PA166122547,Annotation of EMA Label for trastuzumab emtansine and ERBB2,ERBB2,trastuzumab emtansine
CYB5R1,primaquine,HCSC,Actionable PGx,1,0,0,PA166127702,"Annotation of HCSC Label for primaquine and CYB5R1, CYB5R2, CYB5R3, CYB5R4, CYP2D6",CYB5R1,primaquine
CYB5R2,primaquine,HCSC,Actionable PGx,1,0,0,PA166127702,"Annotation of HCSC Label for primaquine and CYB5R1, CYB5R2, CYB5R3, CYB5R4, CYP2D6",CYB5R2,primaquine
CYB5R3,primaquine,HCSC,Actionable PGx,1,0,0,PA166127702,"Annotation of HCSC Label for primaquine and CYB5R1, CYB5R2, CYB5R3, CYB5R4, CYP2D6",CYB5R3,primaquine
CYB5R4,primaquine,HCSC,Actionable PGx,1,0,0,PA166127702,"Annotation of HCSC Label for primaquine and CYB5R1, CYB5R2, CYB5R3, CYB5R4, CYP2D6",CYB5R4,primaquine
CYP2D6,primaquine,HCSC,Actionable PGx,1,0,0,PA166127702,"Annotation of HCSC Label for primaquine and CYB5R1, CYB5R2, CYB5R3, CYB5R4, CYP2D6",CYP2D6,primaquine
ERBB2,trastuzumab,EMA,Testing Required,0,0,0,PA166114481,Annotation of EMA Label for trastuzumab and ERBB2,ERBB2,trastuzumab
ERBB2,trastuzumab,FDA,Testing Required,0,0,0,PA166104920,Annotation of FDA Label for trastuzumab and ERBB2,ERBB2,trastuzumab
G6PD,sulfadiazine,FDA,Informative PGx,0,0,0,PA166104902,Annotation of FDA Label for sulfadiazine and G6PD,G6PD,sulfadiazine
G6PD,rasburicase,HCSC,Testing Required,1,0,1,PA166127707,Annotation of HCSC Label for rasburicase and G6PD,G6PD,rasburicase
G6PD,glyburide,FDA,Actionable PGx,1,0,1,PA166104881,Annotation of FDA Label for glyburide and G6PD,G6PD,glyburide
CYP2D6,atomoxetine,HCSC,Informative PGx,0,0,0,PA166127633,Annotation of HCSC Label for atomoxetine and CYP2D6,CYP2D6,atomoxetine
CYP2C19,atazanavir,HCSC,Informative PGx,0,0,0,PA166159707,Annotation of HCSC Label for atazanavir and CYP2C19,CYP2C19,atazanavir
ALK,brigatinib,EMA,Testing Required,0,0,0,PA166182931,Annotation of EMA Label for brigatinib and ALK,ALK,brigatinib
CYP2D6,timolol,EMA,,0,0,0,PA166115435,Annotation of EMA Label for timolol and CYP2D6,CYP2D6,timolol
IFNL3,telaprevir,EMA,Informative PGx,0,0,0,PA166114378,Annotation of EMA Label for telaprevir and IFNL3,IFNL3,telaprevir
G6PD,dabrafenib,FDA,Actionable PGx,1,0,0,PA166114913,Annotation of FDA Label for dabrafenib and G6PD,G6PD,dabrafenib
ERBB2,pertuzumab,EMA,Testing Required,0,0,0,PA166122066,Annotation of EMA Label for pertuzumab and ERBB2,ERBB2,pertuzumab
BRAF,dabrafenib,EMA,Testing Required,0,0,0,PA166119826,Annotation of EMA Label for dabrafenib and BRAF,BRAF,dabrafenib
CYP2C19,voriconazole,EMA,Informative PGx,0,0,0,PA166122826,Annotation of EMA Label for voriconazole and CYP2C19,CYP2C19,voriconazole
CYP2D6,propafenone,HCSC,No Clinical PGx,0,0,0,PA166127704,Annotation of HCSC Label for propafenone and CYP2D6,CYP2D6,propafenone
HLA-B,phenytoin,HCSC,Testing Recommended,1,0,1,PA166127701,Annotation of HCSC Label for phenytoin and HLA-B,HLA-B,phenytoin
TPMT,azathioprine,HCSC,Actionable PGx,1,0,0,PA166127635,Annotation of HCSC Label for azathioprine and TPMT,TPMT,azathioprine
ERBB2,pertuzumab,HCSC,Testing Required,0,0,0,PA166127700,Annotation of HCSC Label for pertuzumab and ERBB2,ERBB2,pertuzumab
CYP2C9,celecoxib,HCSC,Actionable PGx,1,1,0,PA166127647,Annotation of HCSC Label for celecoxib and CYP2C9,CYP2C9,celecoxib
CYP2C19,citalopram,HCSC,Actionable PGx,1,1,0,PA166127650,Annotation of HCSC Label for citalopram and CYP2C19,CYP2C19,citalopram
G6PD,quinine,HCSC,Actionable PGx,1,0,1,PA166127705,Annotation of HCSC Label for quinine and G6PD,G6PD,quinine
CYP2B6,prasugrel,EMA,No Clinical PGx,0,0,0,PA166105321,"Annotation of EMA Label for prasugrel and CYP2B6, CYP2C19, CYP2C9, CYP3A5",CYP2B6,prasugrel
CYP2C19,prasugrel,EMA,No Clinical PGx,0,0,0,PA166105321,"Annotation of EMA Label for prasugrel and CYP2B6, CYP2C19, CYP2C9, CYP3A5",CYP2C19,prasugrel
CYP2C9,prasugrel,EMA,No Clinical PGx,0,0,0,PA166105321,"Annotation of EMA Label for prasugrel and CYP2B6, CYP2C19, CYP2C9, CYP3A5",CYP2C9,prasugrel
CYP3A5,prasugrel,EMA,No Clinical PGx,0,0,0,PA166105321,"Annotation of EMA Label for prasugrel and CYP2B6, CYP2C19, CYP2C9, CYP3A5",CYP3A5,prasugrel
CYP2D6,carvedilol,HCSC,Informative PGx,0,0,0,PA166127646,Annotation of HCSC Label for carvedilol and CYP2D6,CYP2D6,carvedilol
CYP2D6,risperidone,HCSC,No Clinical PGx,0,0,0,PA166127708,Annotation of HCSC Label for risperidone and CYP2D6,CYP2D6,risperidone
G6PD,chloroquine,FDA,Actionable PGx,1,0,0,PA166104786,Annotation of FDA Label for chloroquine and G6PD,G6PD,chloroquine
LDLR,rosuvastatin,HCSC,,0,0,0,PA166127709,Annotation of HCSC Label for rosuvastatin and LDLR,LDLR,rosuvastatin
MS4A1,rituximab,EMA,,0,0,0,PA166122546,Annotation of EMA Label for rituximab and MS4A1,MS4A1,rituximab
EGFR,erlotinib,FDA,Testing Required,0,0,0,PA166104785,Annotation of FDA Label for erlotinib and EGFR,EGFR,erlotinib
EGFR,afatinib,FDA,Testing Required,0,0,0,PA166114903,Annotation of FDA Label for afatinib and EGFR,EGFR,afatinib
IFNL3,boceprevir,EMA,No Clinical PGx,0,0,0,PA166104872,Annotation of EMA Label for boceprevir and IFNL3,IFNL3,boceprevir
CYP2D6,nefazodone,FDA,No Clinical PGx,0,0,0,PA166104880,Annotation of FDA Label for nefazodone and CYP2D6,CYP2D6,nefazodone
ERBB2,lapatinib,FDA,Testing Required,0,0,0,PA166104791,"Annotation of FDA Label for lapatinib and ERBB2, ESR1, ESR2, PGR",ERBB2,lapatinib
ESR1,lapatinib,FDA,Testing Required,0,0,0,PA166104791,"Annotation of FDA Label for lapatinib and ERBB2, ESR1, ESR2, PGR",ESR1,lapatinib
ESR2,lapatinib,FDA,Testing Required,0,0,0,PA166104791,"Annotation of FDA Label for lapatinib and ERBB2, ESR1, ESR2, PGR",ESR2,lapatinib
PGR,lapatinib,FDA,Testing Required,0,0,0,PA166104791,"Annotation of FDA Label for lapatinib and ERBB2, ESR1, ESR2, PGR",PGR,lapatinib
NUDT15,azathioprine,FDA,Testing Recommended,1,1,1,PA166104782,"Annotation of FDA Label for azathioprine and NUDT15, TPMT",NUDT15,azathioprine
TPMT,azathioprine,FDA,Testing Recommended,1,1,1,PA166104782,"Annotation of FDA Label for azathioprine and NUDT15, TPMT",TPMT,azathioprine
LDLR,atorvastatin,FDA,,0,0,0,PA166104775,Annotation of FDA Label for atorvastatin and LDLR,LDLR,atorvastatin
CYP2D6,tiotropium,FDA,,0,0,0,PA166104830,Annotation of FDA Label for tiotropium and CYP2D6,CYP2D6,tiotropium
ARG1,sodium benzoate / sodium phenylacetate,FDA,,0,0,0,PA166104794,"Annotation of FDA Label for sodium benzoate / sodium phenylacetate and ARG1, ASL, ASS1, CPS1, NAGS, OTC",ARG1,sodium benzoate / sodium phenylacetate
ASL,sodium benzoate / sodium phenylacetate,FDA,,0,0,0,PA166104794,"Annotation of FDA Label for sodium benzoate / sodium phenylacetate and ARG1, ASL, ASS1, CPS1, NAGS, OTC",ASL,sodium benzoate / sodium phenylacetate
ASS1,sodium benzoate / sodium phenylacetate,FDA,,0,0,0,PA166104794,"Annotation of FDA Label for sodium benzoate / sodium phenylacetate and ARG1, ASL, ASS1, CPS1, NAGS, OTC",ASS1,sodium benzoate / sodium phenylacetate
CPS1,sodium benzoate / sodium phenylacetate,FDA,,0,0,0,PA166104794,"Annotation of FDA Label for sodium benzoate / sodium phenylacetate and ARG1, ASL, ASS1, CPS1, NAGS, OTC",CPS1,sodium benzoate / sodium phenylacetate
NAGS,sodium benzoate / sodium phenylacetate,FDA,,0,0,0,PA166104794,"Annotation of FDA Label for sodium benzoate / sodium phenylacetate and ARG1, ASL, ASS1, CPS1, NAGS, OTC",NAGS,sodium benzoate / sodium phenylacetate
OTC,sodium benzoate / sodium phenylacetate,FDA,,0,0,0,PA166104794,"Annotation of FDA Label for sodium benzoate / sodium phenylacetate and ARG1, ASL, ASS1, CPS1, NAGS, OTC",OTC,sodium benzoate / sodium phenylacetate
CYP2D6,terbinafine,FDA,,0,0,0,PA166104822,Annotation of FDA Label for terbinafine and CYP2D6,CYP2D6,terbinafine
CYP2D6,fluoxetine,FDA,Actionable PGx,1,0,0,PA166104835,Annotation of FDA Label for fluoxetine and CYP2D6,CYP2D6,fluoxetine
CYP2D6,iloperidone,FDA,Actionable PGx,1,1,0,PA166104887,Annotation of FDA Label for iloperidone and CYP2D6,CYP2D6,iloperidone
CYP2D6,galantamine,FDA,No Clinical PGx,0,0,0,PA166104869,Annotation of FDA Label for galantamine and CYP2D6,CYP2D6,galantamine
NAT2,isoniazid / pyrazinamide / rifampin,FDA,Informative PGx,0,0,0,PA166104850,Annotation of FDA Label for isoniazid / pyrazinamide / rifampin and NAT2,NAT2,isoniazid / pyrazinamide / rifampin
HLA-B,abacavir,EMA,Testing Required,1,0,1,PA166104896,Annotation of EMA Label for abacavir and HLA-B,HLA-B,abacavir
CYP2D6,codeine,FDA,Actionable PGx,1,0,1,PA166104916,Annotation of FDA Label for codeine and CYP2D6,CYP2D6,codeine
CYP2C9,flurbiprofen,FDA,Actionable PGx,1,1,0,PA166104922,Annotation of FDA Label for flurbiprofen and CYP2C9,CYP2C9,flurbiprofen
OTC,valproic acid,FDA,Actionable PGx,1,0,1,PA166104825,Annotation of FDA Label for valproic acid and OTC,OTC,valproic acid
CYP2D6,thioridazine,FDA,Actionable PGx,1,0,1,PA166104805,Annotation of FDA Label for thioridazine and CYP2D6,CYP2D6,thioridazine
CYP2D6,desipramine,FDA,Informative PGx,0,0,0,PA166104862,Annotation of FDA Label for desipramine and CYP2D6,CYP2D6,desipramine
ERBB2,pertuzumab,FDA,Testing Required,0,0,0,PA166104889,Annotation of FDA Label for pertuzumab and ERBB2,ERBB2,pertuzumab
CFTR,ivacaftor,EMA,Testing Required,0,0,0,PA166104928,Annotation of EMA Label for ivacaftor and CFTR,CFTR,ivacaftor
TPMT,cisplatin,FDA,Informative PGx,0,0,0,PA166104853,Annotation of FDA Label for cisplatin and TPMT,TPMT,cisplatin
DPYD,capecitabine,EMA,Testing Recommended,1,0,1,PA166104905,Annotation of EMA Label for capecitabine and DPYD,DPYD,capecitabine
CYP2D6,pimozide,FDA,Testing Required,1,1,0,PA166104870,Annotation of FDA Label for pimozide and CYP2D6,CYP2D6,pimozide
IL2RA,denileukin diftitox,FDA,,0,0,0,PA166104883,Annotation of FDA Label for denileukin diftitox and IL2RA,IL2RA,denileukin diftitox
G6PD,primaquine,FDA,Testing Required,1,0,1,PA166104876,Annotation of FDA Label for primaquine and G6PD,G6PD,primaquine
NAGS,carglumic acid,FDA,,0,0,0,PA166114908,Annotation of FDA Label for carglumic acid and NAGS,NAGS,carglumic acid
CYP2D6,aripiprazole,EMA,Actionable PGx,1,1,0,PA166104899,Annotation of EMA Label for aripiprazole and CYP2D6,CYP2D6,aripiprazole
TNFRSF8,brentuximab vedotin,EMA,,0,0,0,PA166104904,Annotation of EMA Label for brentuximab vedotin and TNFRSF8,TNFRSF8,brentuximab vedotin
CYP3A4,cabazitaxel,EMA,,0,0,0,PA166123048,Annotation of EMA Label for cabazitaxel and CYP3A4,CYP3A4,cabazitaxel
CYP2C19,carisoprodol,FDA,Actionable PGx,1,0,0,PA166104832,Annotation of FDA Label for carisoprodol and CYP2C19,CYP2C19,carisoprodol
EGFR,gefitinib,EMA,Testing Required,0,0,0,PA166104930,Annotation of EMA Label for gefitinib and EGFR,EGFR,gefitinib
CYP2C9,celecoxib,FDA,Actionable PGx,1,1,1,PA166104843,Annotation of FDA Label for celecoxib and CYP2C9,CYP2C9,celecoxib
CYP2C19,lansoprazole,FDA,Informative PGx,0,0,0,PA166104898,Annotation of FDA Label for lansoprazole and CYP2C19,CYP2C19,lansoprazole
CYP2C9,seladelpar,FDA,Actionable PGx,1,0,0,PA166400441,Annotation of FDA Label for seladelpar and CYP2C9,CYP2C9,seladelpar
CD274,cosibelimab,FDA,,0,0,0,PA166401081,Annotation of FDA Label for cosibelimab and CD274,CD274,cosibelimab
APOE,donanemab,EMA,Testing Required,1,0,1,PA166401162,Annotation of EMA Label for donanemab and APOE,APOE,donanemab
TNFSF13B,belimumab,EMA,,0,0,0,PA166119824,Annotation of EMA Label for belimumab and TNFSF13B,TNFSF13B,belimumab
KRAS,regorafenib,EMA,Informative PGx,0,0,0,PA166122488,Annotation of EMA Label for regorafenib and KRAS,KRAS,regorafenib
CYP2C19,ticagrelor,EMA,Informative PGx,0,0,0,PA166114382,Annotation of EMA Label for ticagrelor and CYP2C19,CYP2C19,ticagrelor
IDH1,vorasidenib,FDA,Testing Required,0,0,0,PA166401181,"Annotation of FDA Label for vorasidenib and IDH1, IDH2",IDH1,vorasidenib
IDH2,vorasidenib,FDA,Testing Required,0,0,0,PA166401181,"Annotation of FDA Label for vorasidenib and IDH1, IDH2",IDH2,vorasidenib
IDH1,vorasidenib,HCSC,Testing Required,0,0,0,PA166401201,"Annotation of HCSC Label for vorasidenib and IDH1, IDH2",IDH1,vorasidenib
IDH2,vorasidenib,HCSC,Testing Required,0,0,0,PA166401201,"Annotation of HCSC Label for vorasidenib and IDH1, IDH2",IDH2,vorasidenib
MS4A1,rituximab,FDA,,0,0,0,PA166105240,Annotation of FDA Label for rituximab and MS4A1,MS4A1,rituximab
GSTM1,lazertinib,FDA,No Clinical PGx,0,0,0,PA166401241,Annotation of FDA Label for lazertinib and GSTM1,GSTM1,lazertinib
NAGS,carglumic acid,EMA,,0,0,0,PA166119825,Annotation of EMA Label for carglumic acid and NAGS,NAGS,carglumic acid
EGFR,lazertinib,EMA,Testing Required,0,0,0,PA166401242,Annotation of EMA Label for lazertinib and EGFR,EGFR,lazertinib
NUDT15,mercaptopurine,EMA,Testing Recommended,1,1,0,PA166121251,"Annotation of EMA Label for mercaptopurine and NUDT15, TPMT",NUDT15,mercaptopurine
TPMT,mercaptopurine,EMA,Testing Recommended,1,1,0,PA166121251,"Annotation of EMA Label for mercaptopurine and NUDT15, TPMT",TPMT,mercaptopurine
MS4A1,ibritumomab,EMA,,0,0,0,PA166121246,Annotation of EMA Label for ibritumomab and MS4A1,MS4A1,ibritumomab
GSTM1,lazertinib,EMA,No Clinical PGx,0,0,0,PA166401261,Annotation of EMA Label for lazertinib and GSTM1,GSTM1,lazertinib
NPC1,arimoclomol,FDA,,0,0,0,PA166401301,"Annotation of FDA Label for arimoclomol and NPC1, NPC2",NPC1,arimoclomol
NPC2,arimoclomol,FDA,,0,0,0,PA166401301,"Annotation of FDA Label for arimoclomol and NPC1, NPC2",NPC2,arimoclomol
NPC1,levacetylleucine,FDA,,0,0,0,PA166401321,"Annotation of FDA Label for levacetylleucine and NPC1, NPC2",NPC1,levacetylleucine
NPC2,levacetylleucine,FDA,,0,0,0,PA166401321,"Annotation of FDA Label for levacetylleucine and NPC1, NPC2",NPC2,levacetylleucine
GALNS,elosulfase alfa,FDA,Testing Required,0,0,0,PA166159064,Annotation of FDA Label for elosulfase alfa and GALNS,GALNS,elosulfase alfa
ESR1,raloxifene,FDA,,0,0,0,PA166185194,"Annotation of FDA Label for raloxifene and ESR1, ESR2",ESR1,raloxifene
ESR2,raloxifene,FDA,,0,0,0,PA166185194,"Annotation of FDA Label for raloxifene and ESR1, ESR2",ESR2,raloxifene
TNFRSF8,brentuximab vedotin,HCSC,,0,0,0,PA166160288,Annotation of HCSC Label for brentuximab vedotin and TNFRSF8,TNFRSF8,brentuximab vedotin
CYP2C19,brivaracetam,HCSC,Informative PGx,0,0,0,PA166160289,Annotation of HCSC Label for brivaracetam and CYP2C19,CYP2C19,brivaracetam
TNFSF13B,belimumab,HCSC,,0,0,0,PA166159938,Annotation of HCSC Label for belimumab and TNFSF13B,TNFSF13B,belimumab
EGFR,osimertinib,EMA,Testing Required,0,0,0,PA166183246,Annotation of EMA Label for osimertinib and EGFR,EGFR,osimertinib
ERBB2,inavolisib,HCSC,Testing Required,0,0,0,PA166401361,"Annotation of HCSC Label for inavolisib and ERBB2, ESR1, ESR2, PIK3CA",ERBB2,inavolisib
ESR1,inavolisib,HCSC,Testing Required,0,0,0,PA166401361,"Annotation of HCSC Label for inavolisib and ERBB2, ESR1, ESR2, PIK3CA",ESR1,inavolisib
ESR2,inavolisib,HCSC,Testing Required,0,0,0,PA166401361,"Annotation of HCSC Label for inavolisib and ERBB2, ESR1, ESR2, PIK3CA",ESR2,inavolisib
PIK3CA,inavolisib,HCSC,Testing Required,0,0,0,PA166401361,"Annotation of HCSC Label for inavolisib and ERBB2, ESR1, ESR2, PIK3CA",PIK3CA,inavolisib
ALK,lorlatinib,FDA,Testing Required,0,0,0,PA166182744,Annotation of FDA Label for lorlatinib and ALK,ALK,lorlatinib
CLDN18,zolbetuximab,EMA,Testing Required,0,0,0,PA166401421,"Annotation of EMA Label for zolbetuximab and CLDN18, ERBB2",CLDN18,zolbetuximab
ERBB2,zolbetuximab,EMA,Testing Required,0,0,0,PA166401421,"Annotation of EMA Label for zolbetuximab and CLDN18, ERBB2",ERBB2,zolbetuximab
AKR1D1,cholic acid,EMA,,0,0,0,PA166182940,"Annotation of EMA Label for cholic acid and AKR1D1, HSD3B7",AKR1D1,cholic acid
HSD3B7,cholic acid,EMA,,0,0,0,PA166182940,"Annotation of EMA Label for cholic acid and AKR1D1, HSD3B7",HSD3B7,cholic acid
CLDN18,zolbetuximab,HCSC,Testing Required,0,0,0,PA166401441,"Annotation of HCSC Label for zolbetuximab and CLDN18, ERBB2",CLDN18,zolbetuximab
ERBB2,zolbetuximab,HCSC,Testing Required,0,0,0,PA166401441,"Annotation of HCSC Label for zolbetuximab and CLDN18, ERBB2",ERBB2,zolbetuximab
F5,rivaroxaban,FDA,,0,0,0,PA166182726,Annotation of FDA Label for rivaroxaban and F5,F5,rivaroxaban
BRAF,nivolumab,FDA,,0,0,0,PA166160121,"Annotation of FDA Label for nivolumab and BRAF, ERBB2",BRAF,nivolumab
ERBB2,nivolumab,FDA,,0,0,0,PA166160121,"Annotation of FDA Label for nivolumab and BRAF, ERBB2",ERBB2,nivolumab
ERBB2,eribulin,FDA,,0,0,0,PA166182725,"Annotation of FDA Label for eribulin and ERBB2, ESR1, ESR2, PGR",ERBB2,eribulin
ESR1,eribulin,FDA,,0,0,0,PA166182725,"Annotation of FDA Label for eribulin and ERBB2, ESR1, ESR2, PGR",ESR1,eribulin
ESR2,eribulin,FDA,,0,0,0,PA166182725,"Annotation of FDA Label for eribulin and ERBB2, ESR1, ESR2, PGR",ESR2,eribulin
PGR,eribulin,FDA,,0,0,0,PA166182725,"Annotation of FDA Label for eribulin and ERBB2, ESR1, ESR2, PGR",PGR,eribulin
ESR1,toremifene,FDA,,0,0,0,PA166182750,"Annotation of FDA Label for toremifene and ESR1, ESR2",ESR1,toremifene
ESR2,toremifene,FDA,,0,0,0,PA166182750,"Annotation of FDA Label for toremifene and ESR1, ESR2",ESR2,toremifene
G6PD,tolbutamide,FDA,Actionable PGx,1,0,1,PA166182787,Annotation of FDA Label for tolbutamide and G6PD,G6PD,tolbutamide
ERBB2,zanidatamab,FDA,Testing Required,0,0,0,PA166401461,Annotation of FDA Label for zanidatamab and ERBB2,ERBB2,zanidatamab
CYP2D6,duloxetine,EMA,Informative PGx,0,0,0,PA166182944,Annotation of EMA Label for duloxetine and CYP2D6,CYP2D6,duloxetine
BRAF,cobimetinib,EMA,Testing Required,0,0,0,PA166182941,Annotation of EMA Label for cobimetinib and BRAF,BRAF,cobimetinib
UGT1A1,dolutegravir,EMA,Informative PGx,0,0,0,PA166182943,Annotation of EMA Label for dolutegravir and UGT1A1,UGT1A1,dolutegravir
KMT2A,revumenib,FDA,Testing Required,0,0,0,PA166401462,"Annotation of FDA Label for revumenib and KMT2A, NPM1",KMT2A,revumenib
NPM1,revumenib,FDA,Testing Required,0,0,0,PA166401462,"Annotation of FDA Label for revumenib and KMT2A, NPM1",NPM1,revumenib
ALK,ensartinib,FDA,Testing Required,0,0,0,PA166401501,Annotation of FDA Label for ensartinib and ALK,ALK,ensartinib
LPL,olezarsen,FDA,,0,0,0,PA166401521,Annotation of FDA Label for olezarsen and LPL,LPL,olezarsen
G6PD,sodium nitrite,HCSC,Actionable PGx,1,0,1,PA166129528,Annotation of HCSC Label for sodium nitrite and G6PD,G6PD,sodium nitrite
G6PD,mefloquine,Swissmedic,Informative PGx,0,0,0,PA166183621,Annotation of Swissmedic Label for mefloquine and G6PD,G6PD,mefloquine
EGFR,lazertinib,HCSC,Testing Required,0,0,0,PA166402202,Annotation of HCSC Label for lazertinib and EGFR,EGFR,lazertinib
GSTM1,lazertinib,HCSC,No Clinical PGx,0,0,0,PA166402201,Annotation of HCSC Label for lazertinib and GSTM1,GSTM1,lazertinib
CYP2C9,acenocoumarol,Swissmedic,Actionable PGx,0,0,0,PA166183593,Annotation of Swissmedic Label for acenocoumarol and CYP2C9,CYP2C9,acenocoumarol
ERBB2,talazoparib,FDA,Testing Required,0,0,0,PA166182752,Annotation of FDA Label for talazoparib and ERBB2,ERBB2,talazoparib
ALK,alectinib,FDA,Testing Required,0,0,0,PA166160051,Annotation of FDA Label for alectinib and ALK,ALK,alectinib
CYP2C19,voriconazole,Swissmedic,Actionable PGx,0,0,0,PA166184238,Annotation of Swissmedic Label for voriconazole and CYP2C19,CYP2C19,voriconazole
CYP2D6,tamsulosin,Swissmedic,Actionable PGx,0,0,0,PA166184404,"Annotation of Swissmedic Label for tamsulosin and CYP2D6, CYP3A4",CYP2D6,tamsulosin
CYP3A4,tamsulosin,Swissmedic,Actionable PGx,0,0,0,PA166184404,"Annotation of Swissmedic Label for tamsulosin and CYP2D6, CYP3A4",CYP3A4,tamsulosin
UGT1A1,dolutegravir,FDA,Informative PGx,0,0,0,PA166160010,Annotation of FDA Label for dolutegravir and UGT1A1,UGT1A1,dolutegravir
UGT1A1,nilotinib,HCSC,Actionable PGx,1,0,0,PA166151974,Annotation of HCSC Label for nilotinib and UGT1A1,UGT1A1,nilotinib
CYP3A5,maraviroc,Swissmedic,Actionable PGx,0,0,0,PA166183590,Annotation of Swissmedic Label for maraviroc and CYP3A5,CYP3A5,maraviroc
CFTR,vanzacaftor / tezacaftor / deutivacaftor,FDA,Testing Required,0,0,0,PA166401541,Annotation of FDA Label for vanzacaftor / tezacaftor / deutivacaftor and CFTR,CFTR,vanzacaftor / tezacaftor / deutivacaftor
UGT1A1,erlotinib,EMA,Actionable PGx,1,0,0,PA166182949,Annotation of EMA Label for erlotinib and UGT1A1,UGT1A1,erlotinib
CYP2D6,mirabegron,EMA,No Clinical PGx,0,0,0,PA166183219,Annotation of EMA Label for mirabegron and CYP2D6,CYP2D6,mirabegron
CFTR,ivacaftor / lumacaftor,EMA,Testing Required,0,0,0,PA166182953,Annotation of EMA Label for ivacaftor / lumacaftor and CFTR,CFTR,ivacaftor / lumacaftor
HLA-B,abacavir,Swissmedic,Testing Required,1,0,1,PA166183563,Annotation of Swissmedic Label for abacavir and HLA-B,HLA-B,abacavir
CYP2C19,atazanavir,PMDA,Actionable PGx,0,0,0,PA166161536,Annotation of PMDA Label for atazanavir and CYP2C19,CYP2C19,atazanavir
CYP2D6,umeclidinium,EMA,No Clinical PGx,0,0,0,PA166183441,Annotation of EMA Label for umeclidinium and CYP2D6,CYP2D6,umeclidinium
BRAF,binimetinib,EMA,Testing Required,0,0,0,PA166182928,Annotation of EMA Label for binimetinib and BRAF,BRAF,binimetinib
CYP2D6,cariprazine,FDA,No Clinical PGx,0,0,0,PA166177479,Annotation of FDA Label for cariprazine and CYP2D6,CYP2D6,cariprazine
EGFR,dacomitinib,EMA,Testing Required,0,0,0,PA166182942,Annotation of EMA Label for dacomitinib and EGFR,EGFR,dacomitinib
BRCA1,rucaparib,EMA,Testing Required,0,0,0,PA166183423,"Annotation of EMA Label for rucaparib and BRCA1, BRCA2",BRCA1,rucaparib
BRCA2,rucaparib,EMA,Testing Required,0,0,0,PA166183423,"Annotation of EMA Label for rucaparib and BRCA1, BRCA2",BRCA2,rucaparib
TPP1,cerliponase alfa,EMA,,0,0,0,PA166182934,Annotation of EMA Label for cerliponase alfa and TPP1,TPP1,cerliponase alfa
CYP2C19,brivaracetam,EMA,Informative PGx,0,0,0,PA166182932,Annotation of EMA Label for brivaracetam and CYP2C19,CYP2C19,brivaracetam
CYP2C9,fosphenytoin,FDA,Actionable PGx,1,1,1,PA166182766,"Annotation of FDA Label for fosphenytoin and CYP2C9, HLA-B",CYP2C9,fosphenytoin
HLA-B,fosphenytoin,FDA,Actionable PGx,1,1,1,PA166182766,"Annotation of FDA Label for fosphenytoin and CYP2C9, HLA-B",HLA-B,fosphenytoin
CYP2C9,avatrombopag,FDA,Informative PGx,0,0,0,PA166184917,Annotation of FDA Label for avatrombopag and CYP2C9,CYP2C9,avatrombopag
HLA-B,allopurinol,PMDA,Informative PGx,0,0,0,PA166160668,Annotation of PMDA Label for allopurinol and HLA-B,HLA-B,allopurinol
LPL,olezarsen,EMA,,0,0,0,PA166425821,Annotation of EMA Label for olezarsen and LPL,LPL,olezarsen
G6PD,trametinib,FDA,,0,0,0,PA166170937,Annotation of FDA Label for trametinib and G6PD,G6PD,trametinib
FLT3,midostaurin,EMA,Testing Required,0,0,0,PA166183200,Annotation of EMA Label for midostaurin and FLT3,FLT3,midostaurin
ALK,lorlatinib,EMA,Testing Required,0,0,0,PA166183184,Annotation of EMA Label for lorlatinib and ALK,ALK,lorlatinib
ERBB2,neratinib,FDA,Testing Required,0,0,0,PA166177516,Annotation of FDA Label for neratinib and ERBB2,ERBB2,neratinib
NAT2,amifampridine phosphate,Swissmedic,Actionable PGx,0,0,0,PA166183784,Annotation of Swissmedic Label for amifampridine phosphate and NAT2,NAT2,amifampridine phosphate
G6PD,aspirin,Swissmedic,Actionable PGx,0,0,0,PA166183782,Annotation of Swissmedic Label for aspirin and G6PD,G6PD,aspirin
CYP2D6,venlafaxine,Swissmedic,Actionable PGx,0,0,0,PA166184232,Annotation of Swissmedic Label for venlafaxine and CYP2D6,CYP2D6,venlafaxine
ALK,pembrolizumab,EMA,Testing Required,0,0,0,PA166183249,"Annotation of EMA Label for pembrolizumab and ALK, CD274, EGFR, ERBB2",ALK,pembrolizumab
CD274,pembrolizumab,EMA,Testing Required,0,0,0,PA166183249,"Annotation of EMA Label for pembrolizumab and ALK, CD274, EGFR, ERBB2",CD274,pembrolizumab
EGFR,pembrolizumab,EMA,Testing Required,0,0,0,PA166183249,"Annotation of EMA Label for pembrolizumab and ALK, CD274, EGFR, ERBB2",EGFR,pembrolizumab
ERBB2,pembrolizumab,EMA,Testing Required,0,0,0,PA166183249,"Annotation of EMA Label for pembrolizumab and ALK, CD274, EGFR, ERBB2",ERBB2,pembrolizumab
MS4A1,obinutuzumab,HCSC,,0,0,0,PA166159584,Annotation of HCSC Label for obinutuzumab and MS4A1,MS4A1,obinutuzumab
HRAS,dabrafenib,FDA,Actionable PGx,1,0,1,PA166170930,"Annotation of FDA Label for dabrafenib and HRAS, KRAS, NRAS",HRAS,dabrafenib
KRAS,dabrafenib,FDA,Actionable PGx,1,0,1,PA166170930,"Annotation of FDA Label for dabrafenib and HRAS, KRAS, NRAS",KRAS,dabrafenib
NRAS,dabrafenib,FDA,Actionable PGx,1,0,1,PA166170930,"Annotation of FDA Label for dabrafenib and HRAS, KRAS, NRAS",NRAS,dabrafenib
UGT1A1,raltegravir,EMA,No Clinical PGx,0,0,0,PA166183251,Annotation of EMA Label for raltegravir and UGT1A1,UGT1A1,raltegravir
CD274,avelumab,FDA,,0,0,0,PA166169877,Annotation of FDA Label for avelumab and CD274,CD274,avelumab
CYP2D6,palonosetron,EMA,No Clinical PGx,0,0,0,PA166183248,Annotation of EMA Label for palonosetron and CYP2D6,CYP2D6,palonosetron
HLA-B,allopurinol,Swissmedic,Actionable PGx,1,0,0,PA166183783,Annotation of Swissmedic Label for allopurinol and HLA-B,HLA-B,allopurinol
DMD,eteplirsen,FDA,Testing Required,0,0,0,PA166163433,Annotation of FDA Label for eteplirsen and DMD,DMD,eteplirsen
HLA-DQA1,lapatinib,EMA,Informative PGx,0,0,0,PA166183172,"Annotation of EMA Label for lapatinib and HLA-DQA1, HLA-DRB1",HLA-DQA1,lapatinib
HLA-DRB1,lapatinib,EMA,Informative PGx,0,0,0,PA166183172,"Annotation of EMA Label for lapatinib and HLA-DQA1, HLA-DRB1",HLA-DRB1,lapatinib
ERBB2,neratinib,EMA,Testing Required,0,0,0,PA166183220,"Annotation of EMA Label for neratinib and ERBB2, ESR1, ESR2, PGR",ERBB2,neratinib
ESR1,neratinib,EMA,Testing Required,0,0,0,PA166183220,"Annotation of EMA Label for neratinib and ERBB2, ESR1, ESR2, PGR",ESR1,neratinib
ESR2,neratinib,EMA,Testing Required,0,0,0,PA166183220,"Annotation of EMA Label for neratinib and ERBB2, ESR1, ESR2, PGR",ESR2,neratinib
PGR,neratinib,EMA,Testing Required,0,0,0,PA166183220,"Annotation of EMA Label for neratinib and ERBB2, ESR1, ESR2, PGR",PGR,neratinib
CXCR4,mavorixafor,FDA,,0,0,0,PA166353021,Annotation of FDA Label for mavorixafor and CXCR4,CXCR4,mavorixafor
GH1,mecasermin,HCSC,,0,0,0,PA166353081,"Annotation of HCSC Label for mecasermin and GH1, GHR, IGF1",GH1,mecasermin
GHR,mecasermin,HCSC,,0,0,0,PA166353081,"Annotation of HCSC Label for mecasermin and GH1, GHR, IGF1",GHR,mecasermin
IGF1,mecasermin,HCSC,,0,0,0,PA166353081,"Annotation of HCSC Label for mecasermin and GH1, GHR, IGF1",IGF1,mecasermin
GH1,mecasermin,FDA,,0,0,0,PA166353061,"Annotation of FDA Label for mecasermin and GH1, IGF1",GH1,mecasermin
IGF1,mecasermin,FDA,,0,0,0,PA166353061,"Annotation of FDA Label for mecasermin and GH1, IGF1",IGF1,mecasermin
ESR1,medroxyprogesterone,FDA,,0,0,0,PA166353121,"Annotation of FDA Label for medroxyprogesterone and ESR1, ESR2",ESR1,medroxyprogesterone
ESR2,medroxyprogesterone,FDA,,0,0,0,PA166353121,"Annotation of FDA Label for medroxyprogesterone and ESR1, ESR2",ESR2,medroxyprogesterone
CYP2C9,celecoxib,PMDA,Actionable PGx,0,0,0,PA166160153,Annotation of PMDA Label for celecoxib and CYP2C9,CYP2C9,celecoxib
CYP2D6,codeine,PMDA,Actionable PGx,0,0,0,PA166160226,Annotation of PMDA Label for codeine and CYP2D6,CYP2D6,codeine
G6PD,dapsone,PMDA,Actionable PGx,0,0,0,PA166160683,Annotation of PMDA Label for dapsone and G6PD,G6PD,dapsone
CYP2B6,efavirenz,PMDA,Actionable PGx,0,0,0,PA166160162,Annotation of PMDA Label for efavirenz and CYP2B6,CYP2B6,efavirenz
CYP2D6,fesoterodine,PMDA,Actionable PGx,0,0,0,PA166160712,Annotation of PMDA Label for fesoterodine and CYP2D6,CYP2D6,fesoterodine
CYP2A6,letrozole,PMDA,Actionable PGx,0,0,0,PA166160717,Annotation of PMDA Label for letrozole and CYP2A6,CYP2A6,letrozole
G6PD,nalidixic acid,PMDA,Actionable PGx,0,0,0,PA166160719,Annotation of PMDA Label for nalidixic acid and G6PD,G6PD,nalidixic acid
CYP2D6,perphenazine,PMDA,Actionable PGx,0,0,0,PA166160845,Annotation of PMDA Label for perphenazine and CYP2D6,CYP2D6,perphenazine
CYP2C19,rabeprazole,PMDA,Actionable PGx,0,0,0,PA166160846,Annotation of PMDA Label for rabeprazole and CYP2C19,CYP2C19,rabeprazole
G6PD,sulfadiazine,PMDA,Actionable PGx,0,0,0,PA166160847,Annotation of PMDA Label for sulfadiazine and G6PD,G6PD,sulfadiazine
G6PD,sulfamethoxazole / trimethoprim,PMDA,Actionable PGx,0,0,0,PA166160848,Annotation of PMDA Label for sulfamethoxazole / trimethoprim and G6PD,G6PD,sulfamethoxazole / trimethoprim
G6PD,sulfasalazine,PMDA,Actionable PGx,0,0,0,PA166160849,Annotation of PMDA Label for sulfasalazine and G6PD,G6PD,sulfasalazine
CYP2D6,tetrabenazine,PMDA,Actionable PGx,0,0,0,PA166160850,Annotation of PMDA Label for tetrabenazine and CYP2D6,CYP2D6,tetrabenazine
G6PD,moviprep,PMDA,Actionable PGx,0,0,0,PA166160854,Annotation of PMDA Label for moviprep and G6PD,G6PD,moviprep
CYP2C19,voriconazole,PMDA,Actionable PGx,0,0,0,PA166160856,Annotation of PMDA Label for voriconazole and CYP2C19,CYP2C19,voriconazole
CYP2D6,eliglustat,PMDA,Testing Required,0,0,0,PA166160709,Annotation of PMDA Label for eliglustat and CYP2D6,CYP2D6,eliglustat
EGFR,erlotinib,PMDA,Testing Required,0,0,0,PA166160710,Annotation of PMDA Label for erlotinib and EGFR,EGFR,erlotinib
BRAF,vemurafenib,PMDA,Testing Required,0,0,0,PA166160851,Annotation of PMDA Label for vemurafenib and BRAF,BRAF,vemurafenib
CYP2C19,escitalopram,PMDA,Actionable PGx,0,0,0,PA166160669,"Annotation of PMDA Label for escitalopram and CYP2C19, CYP2D6",CYP2C19,escitalopram
CYP2D6,escitalopram,PMDA,Actionable PGx,0,0,0,PA166160669,"Annotation of PMDA Label for escitalopram and CYP2C19, CYP2D6",CYP2D6,escitalopram
APOB,pitavastatin,FDA,,0,0,0,PA166353161,"Annotation of FDA Label for pitavastatin and APOB, LDLR, PCSK9",APOB,pitavastatin
LDLR,pitavastatin,FDA,,0,0,0,PA166353161,"Annotation of FDA Label for pitavastatin and APOB, LDLR, PCSK9",LDLR,pitavastatin
PCSK9,pitavastatin,FDA,,0,0,0,PA166353161,"Annotation of FDA Label for pitavastatin and APOB, LDLR, PCSK9",PCSK9,pitavastatin
CFTR,ivacaftor / lumacaftor,FDA,Testing Required,0,0,0,PA166152939,Annotation of FDA Label for ivacaftor / lumacaftor and CFTR,CFTR,ivacaftor / lumacaftor
BRAF,binimetinib,FDA,Testing Required,0,0,0,PA166179870,Annotation of FDA Label for binimetinib and BRAF,BRAF,binimetinib
BCHE,mivacurium,Swissmedic,Actionable PGx,0,0,0,PA166183881,Annotation of Swissmedic Label for mivacurium and BCHE,BCHE,mivacurium
CYP2D6,dapoxetine,Swissmedic,Actionable PGx,1,1,0,PA166184130,Annotation of Swissmedic Label for dapoxetine and CYP2D6,CYP2D6,dapoxetine
HLA-A,carbamazepine,Swissmedic,Testing Recommended,1,0,1,PA166184115,Annotation of Swissmedic Label for carbamazepine and HLA-A,HLA-A,carbamazepine
CYP2C19,escitalopram,Swissmedic,Actionable PGx,1,1,0,PA166184445,Annotation of Swissmedic Label for escitalopram and CYP2C19,CYP2C19,escitalopram
UGT1A1,irinotecan,Swissmedic,Actionable PGx,1,1,0,PA166184378,Annotation of Swissmedic Label for irinotecan and UGT1A1,UGT1A1,irinotecan
G6PD,moxifloxacin,Swissmedic,Actionable PGx,1,0,0,PA166183901,Annotation of Swissmedic Label for moxifloxacin and G6PD,G6PD,moxifloxacin
G6PD,nicorandil,Swissmedic,Actionable PGx,1,0,0,PA166184082,Annotation of Swissmedic Label for nicorandil and G6PD,G6PD,nicorandil
G6PD,acetaminophen / codeine,Swissmedic,Actionable PGx,0,0,0,PA166184128,Annotation of Swissmedic Label for acetaminophen / codeine and G6PD,G6PD,acetaminophen / codeine
CYP2D6,aripiprazole,Swissmedic,Actionable PGx,0,0,0,PA166184109,Annotation of Swissmedic Label for aripiprazole and CYP2D6,CYP2D6,aripiprazole
CYP2C9,celecoxib,Swissmedic,Actionable PGx,0,0,0,PA166184119,Annotation of Swissmedic Label for celecoxib and CYP2C9,CYP2C9,celecoxib
CYP2D6,darifenacin,Swissmedic,Actionable PGx,0,0,0,PA166184131,Annotation of Swissmedic Label for darifenacin and CYP2D6,CYP2D6,darifenacin
CYP2D6,eletriptan,Swissmedic,Informative PGx,0,0,0,PA166184444,Annotation of Swissmedic Label for eletriptan and CYP2D6,CYP2D6,eletriptan
HLA-B,flucloxacillin,Swissmedic,Actionable PGx,0,0,0,PA166184448,Annotation of Swissmedic Label for flucloxacillin and HLA-B,HLA-B,flucloxacillin
DPYD,fluorouracil / salicylic acid,Swissmedic,Testing Recommended,0,0,0,PA166184108,Annotation of Swissmedic Label for fluorouracil / salicylic acid and DPYD,DPYD,fluorouracil / salicylic acid
CYP2D6,fluvoxamine,Swissmedic,Actionable PGx,0,0,0,PA166184453,Annotation of Swissmedic Label for fluvoxamine and CYP2D6,CYP2D6,fluvoxamine
G6PD,glimepiride,Swissmedic,Actionable PGx,0,0,0,PA166184458,Annotation of Swissmedic Label for glimepiride and G6PD,G6PD,glimepiride
UGT1A1,indacaterol,Swissmedic,Informative PGx,0,0,0,PA166184377,Annotation of Swissmedic Label for indacaterol and UGT1A1,UGT1A1,indacaterol
CYP2C19,lansoprazole,Swissmedic,Actionable PGx,0,0,0,PA166184382,Annotation of Swissmedic Label for lansoprazole and CYP2C19,CYP2C19,lansoprazole
CYP2C9,lesinurad,Swissmedic,Informative PGx,0,0,0,PA166184385,Annotation of Swissmedic Label for lesinurad and CYP2C9,CYP2C9,lesinurad
CYP2D6,metoprolol,Swissmedic,Actionable PGx,0,0,0,PA166183790,Annotation of Swissmedic Label for metoprolol and CYP2D6,CYP2D6,metoprolol
CYP2D6,mirabegron,Swissmedic,Informative PGx,0,0,0,PA166183810,Annotation of Swissmedic Label for mirabegron and CYP2D6,CYP2D6,mirabegron
CYP2D6,carvedilol,Swissmedic,Informative PGx,0,0,0,PA166184118,Annotation of Swissmedic Label for carvedilol and CYP2D6,CYP2D6,carvedilol
CYP2D6,acetaminophen / codeine,Swissmedic,Testing Required,1,0,1,PA166184127,Annotation of Swissmedic Label for acetaminophen / codeine and CYP2D6,CYP2D6,acetaminophen / codeine
GALNS,elosulfase alfa,EMA,Testing Required,0,0,0,PA166182947,Annotation of EMA Label for elosulfase alfa and GALNS,GALNS,elosulfase alfa
UGT1A1,binimetinib,EMA,No Clinical PGx,0,0,0,PA166182929,Annotation of EMA Label for binimetinib and UGT1A1,UGT1A1,binimetinib
G6PD,norfloxacin,Swissmedic,Actionable PGx,0,0,0,PA166184156,Annotation of Swissmedic Label for norfloxacin and G6PD,G6PD,norfloxacin
G6PD,nitroglycerin,Swissmedic,Actionable PGx,0,0,0,PA166184459,Annotation of Swissmedic Label for nitroglycerin and G6PD,G6PD,nitroglycerin
CYP2C19,omeprazole,Swissmedic,Actionable PGx,0,0,0,PA166184159,Annotation of Swissmedic Label for omeprazole and CYP2C19,CYP2C19,omeprazole
CYP2C19,pantoprazole,Swissmedic,Informative PGx,0,0,0,PA166184222,Annotation of Swissmedic Label for pantoprazole and CYP2C19,CYP2C19,pantoprazole
CYP2D6,brexpiprazole,EMA,Actionable PGx,1,1,0,PA166182930,Annotation of EMA Label for brexpiprazole and CYP2D6,CYP2D6,brexpiprazole
ALK,atezolizumab,EMA,Testing Required,0,0,0,PA166182926,"Annotation of EMA Label for atezolizumab and ALK, CD274, EGFR",ALK,atezolizumab
CD274,atezolizumab,EMA,Testing Required,0,0,0,PA166182926,"Annotation of EMA Label for atezolizumab and ALK, CD274, EGFR",CD274,atezolizumab
EGFR,atezolizumab,EMA,Testing Required,0,0,0,PA166182926,"Annotation of EMA Label for atezolizumab and ALK, CD274, EGFR",EGFR,atezolizumab
CYP2D6,ranolazine,Swissmedic,Actionable PGx,1,0,0,PA166184402,Annotation of Swissmedic Label for ranolazine and CYP2D6,CYP2D6,ranolazine
CYP2C9,piroxicam,Swissmedic,Actionable PGx,0,0,0,PA166184373,Annotation of Swissmedic Label for piroxicam and CYP2C9,CYP2C9,piroxicam
G6PD,prilocaine,Swissmedic,Actionable PGx,0,0,0,PA166184381,Annotation of Swissmedic Label for prilocaine and G6PD,G6PD,prilocaine
CYP2D6,vernakalant,Swissmedic,Informative PGx,0,0,0,PA166184234,Annotation of Swissmedic Label for vernakalant and CYP2D6,CYP2D6,vernakalant
HLA-B,zidovudine / lamivudine / abacavir,Swissmedic,Testing Required,1,0,0,PA166184504,Annotation of Swissmedic Label for zidovudine / lamivudine / abacavir and HLA-B,HLA-B,zidovudine / lamivudine / abacavir
G6PD,vitamin c,Swissmedic,Actionable PGx,1,1,0,PA166184110,Annotation of Swissmedic Label for vitamin c and G6PD,G6PD,vitamin c
CYP3A4,dolutegravir,Swissmedic,Informative PGx,0,0,0,PA166184441,"Annotation of Swissmedic Label for dolutegravir and CYP3A4, CYP3A5, NR1I2, UGT1A1",CYP3A4,dolutegravir
CYP3A5,dolutegravir,Swissmedic,Informative PGx,0,0,0,PA166184441,"Annotation of Swissmedic Label for dolutegravir and CYP3A4, CYP3A5, NR1I2, UGT1A1",CYP3A5,dolutegravir
NR1I2,dolutegravir,Swissmedic,Informative PGx,0,0,0,PA166184441,"Annotation of Swissmedic Label for dolutegravir and CYP3A4, CYP3A5, NR1I2, UGT1A1",NR1I2,dolutegravir
UGT1A1,dolutegravir,Swissmedic,Informative PGx,0,0,0,PA166184441,"Annotation of Swissmedic Label for dolutegravir and CYP3A4, CYP3A5, NR1I2, UGT1A1",UGT1A1,dolutegravir
ALK,alectinib,EMA,Testing Required,0,0,0,PA166182924,Annotation of EMA Label for alectinib and ALK,ALK,alectinib
G6PD,glyburide,EMA,Actionable PGx,1,0,1,PA166182951,Annotation of EMA Label for glyburide and G6PD,G6PD,glyburide
CYB5R3,lidocaine / prilocaine,EMA,Actionable PGx,1,0,0,PA166183183,"Annotation of EMA Label for lidocaine / prilocaine and CYB5R3, G6PD",CYB5R3,lidocaine / prilocaine
G6PD,lidocaine / prilocaine,EMA,Actionable PGx,1,0,0,PA166183183,"Annotation of EMA Label for lidocaine / prilocaine and CYB5R3, G6PD",G6PD,lidocaine / prilocaine
CYP2D6,gefitinib,EMA,Actionable PGx,1,0,0,PA166182950,Annotation of EMA Label for gefitinib and CYP2D6,CYP2D6,gefitinib
CYP2C19,lacosamide,EMA,No Clinical PGx,0,0,0,PA166183171,Annotation of EMA Label for lacosamide and CYP2C19,CYP2C19,lacosamide
CYP2B6,efavirenz,EMA,Informative PGx,0,0,0,PA166182945,Annotation of EMA Label for efavirenz and CYP2B6,CYP2B6,efavirenz
ABCG2,resmetirom,FDA,No Clinical PGx,0,0,0,PA166353201,Annotation of FDA Label for resmetirom and ABCG2,ABCG2,resmetirom
ABCG2,resmetirom,EMA,,0,0,0,PA166353203,Annotation of EMA Label for resmetirom and ABCG2,ABCG2,resmetirom
CD274,tislelizumab,FDA,Testing Required,0,0,0,PA166353241,Annotation of FDA Label for tislelizumab and CD274,CD274,tislelizumab
CD274,tislelizumab,EMA,Testing Required,0,0,0,PA166353261,Annotation of EMA Label for tislelizumab and CD274,CD274,tislelizumab
BRAF,tovorafenib,FDA,Testing Required,0,0,0,PA166353262,Annotation of FDA Label for tovorafenib and BRAF,BRAF,tovorafenib
ERBB2,palbociclib,EMA,Testing Required,0,0,0,PA166183247,"Annotation of EMA Label for palbociclib and ERBB2, ESR1, ESR2, PGR",ERBB2,palbociclib
ESR1,palbociclib,EMA,Testing Required,0,0,0,PA166183247,"Annotation of EMA Label for palbociclib and ERBB2, ESR1, ESR2, PGR",ESR1,palbociclib
ESR2,palbociclib,EMA,Testing Required,0,0,0,PA166183247,"Annotation of EMA Label for palbociclib and ERBB2, ESR1, ESR2, PGR",ESR2,palbociclib
PGR,palbociclib,EMA,Testing Required,0,0,0,PA166183247,"Annotation of EMA Label for palbociclib and ERBB2, ESR1, ESR2, PGR",PGR,palbociclib
KRAS,panitumumab,EMA,Testing Required,0,0,0,PA166105319,"Annotation of EMA Label for panitumumab and KRAS, NRAS",KRAS,panitumumab
NRAS,panitumumab,EMA,Testing Required,0,0,0,PA166105319,"Annotation of EMA Label for panitumumab and KRAS, NRAS",NRAS,panitumumab
ABL1,ponatinib,EMA,Testing Required,0,0,0,PA166122067,"Annotation of EMA Label for ponatinib and ABL1, BCR",ABL1,ponatinib
BCR,ponatinib,EMA,Testing Required,0,0,0,PA166122067,"Annotation of EMA Label for ponatinib and ABL1, BCR",BCR,ponatinib
CD19,blinatumomab,FDA,Testing Required,0,0,0,PA166353741,Annotation of FDA Label for blinatumomab and CD19,CD19,blinatumomab
HLA-A,tebentafusp,EMA,Testing Required,0,0,0,PA166277781,Annotation of EMA Label for tebentafusp and HLA-A,HLA-A,tebentafusp
CD19,blinatumomab,EMA,Testing Required,0,0,0,PA166353761,Annotation of EMA Label for blinatumomab and CD19,CD19,blinatumomab
CD19,blinatumomab,HCSC,Testing Required,0,0,0,PA166353762,Annotation of HCSC Label for blinatumomab and CD19,CD19,blinatumomab
CYP2D6,xanomeline / trospium,FDA,Informative PGx,0,0,0,PA166353861,Annotation of FDA Label for xanomeline / trospium and CYP2D6,CYP2D6,xanomeline / trospium
FGFR3,erdafitinib,HCSC,Testing Required,0,0,0,PA166284081,Annotation of HCSC Label for erdafitinib and FGFR3,FGFR3,erdafitinib
CYP2C9,erdafitinib,HCSC,Actionable PGx,1,0,0,PA166284101,Annotation of HCSC Label for erdafitinib and CYP2C9,CYP2C9,erdafitinib
ABCB11,maralixibat,EMA,,0,0,0,PA166353921,"Annotation of EMA Label for maralixibat and ABCB11, ABCB4, ATP8B1, MYO5B, TJP2",ABCB11,maralixibat
ABCB4,maralixibat,EMA,,0,0,0,PA166353921,"Annotation of EMA Label for maralixibat and ABCB11, ABCB4, ATP8B1, MYO5B, TJP2",ABCB4,maralixibat
ATP8B1,maralixibat,EMA,,0,0,0,PA166353921,"Annotation of EMA Label for maralixibat and ABCB11, ABCB4, ATP8B1, MYO5B, TJP2",ATP8B1,maralixibat
MYO5B,maralixibat,EMA,,0,0,0,PA166353921,"Annotation of EMA Label for maralixibat and ABCB11, ABCB4, ATP8B1, MYO5B, TJP2",MYO5B,maralixibat
TJP2,maralixibat,EMA,,0,0,0,PA166353921,"Annotation of EMA Label for maralixibat and ABCB11, ABCB4, ATP8B1, MYO5B, TJP2",TJP2,maralixibat
G6PD,quinine,FDA,Actionable PGx,1,0,1,PA166353941,Annotation of FDA Label for quinine and G6PD,G6PD,quinine
CYP2C19,doxepin,HCSC,Informative PGx,0,0,0,PA166357721,"Annotation of HCSC Label for doxepin and CYP2C19, CYP2D6",CYP2C19,doxepin
CYP2D6,doxepin,HCSC,Informative PGx,0,0,0,PA166357721,"Annotation of HCSC Label for doxepin and CYP2C19, CYP2D6",CYP2D6,doxepin
CYP2D6,fluoxetine,HCSC,Informative PGx,0,0,0,PA166357728,Annotation of HCSC Label for fluoxetine and CYP2D6,CYP2D6,fluoxetine
CYP2C19,flibanserin,HCSC,Actionable PGx,1,0,0,PA166357726,Annotation of HCSC Label for flibanserin and CYP2C19,CYP2C19,flibanserin
CYP2C9,flibanserin,HCSC,Informative PGx,0,0,0,PA166357727,"Annotation of HCSC Label for flibanserin and CYP2C9, CYP2D6",CYP2C9,flibanserin
CYP2D6,flibanserin,HCSC,Informative PGx,0,0,0,PA166357727,"Annotation of HCSC Label for flibanserin and CYP2C9, CYP2D6",CYP2D6,flibanserin
CYP2C9,flurbiprofen,HCSC,Actionable PGx,1,0,0,PA166357729,Annotation of HCSC Label for flurbiprofen and CYP2C9,CYP2C9,flurbiprofen
CYP2C19,diazepam,HCSC,Informative PGx,0,0,0,PA166357701,"Annotation of HCSC Label for diazepam and CYP2C19, CYP3A4",CYP2C19,diazepam
CYP3A4,diazepam,HCSC,Informative PGx,0,0,0,PA166357701,"Annotation of HCSC Label for diazepam and CYP2C19, CYP3A4",CYP3A4,diazepam
CYP2B6,efavirenz,HCSC,Informative PGx,0,0,0,PA166357722,Annotation of HCSC Label for efavirenz and CYP2B6,CYP2B6,efavirenz
SLCO1B1,elagolix,HCSC,No Clinical PGx,0,0,0,PA166357723,Annotation of HCSC Label for elagolix and SLCO1B1,SLCO1B1,elagolix
ERBB2,fulvestrant,HCSC,Testing Required,0,0,0,PA166357741,"Annotation of HCSC Label for fulvestrant and ERBB2, ESR1, ESR2",ERBB2,fulvestrant
ESR1,fulvestrant,HCSC,Testing Required,0,0,0,PA166357741,"Annotation of HCSC Label for fulvestrant and ERBB2, ESR1, ESR2",ESR1,fulvestrant
ESR2,fulvestrant,HCSC,Testing Required,0,0,0,PA166357741,"Annotation of HCSC Label for fulvestrant and ERBB2, ESR1, ESR2",ESR2,fulvestrant
NAT2,hydralazine,HCSC,Actionable PGx,1,1,0,PA166357761,Annotation of HCSC Label for hydralazine and NAT2,NAT2,hydralazine
G6PD,hydroxychloroquine,HCSC,Actionable PGx,1,0,0,PA166357781,Annotation of HCSC Label for hydroxychloroquine and G6PD,G6PD,hydroxychloroquine
CYP2D6,imipramine,HCSC,Informative PGx,0,0,0,PA166357801,Annotation of HCSC Label for imipramine and CYP2D6,CYP2D6,imipramine
CYP2D6,brexpiprazole,HCSC,Actionable PGx,1,1,0,PA166355282,Annotation of HCSC Label for brexpiprazole and CYP2D6,CYP2D6,brexpiprazole
CYP2C19,lacosamide,HCSC,No Clinical PGx,0,0,0,PA166357821,Annotation of HCSC Label for lacosamide and CYP2C19,CYP2C19,lacosamide
CYB5R3,lidocaine / prilocaine,HCSC,Actionable PGx,1,0,1,PA166357841,"Annotation of HCSC Label for lidocaine / prilocaine and CYB5R3, G6PD",CYB5R3,lidocaine / prilocaine
G6PD,lidocaine / prilocaine,HCSC,Actionable PGx,1,0,1,PA166357841,"Annotation of HCSC Label for lidocaine / prilocaine and CYB5R3, G6PD",G6PD,lidocaine / prilocaine
CYP2C19,clobazam,HCSC,Actionable PGx,1,1,0,PA166355442,Annotation of HCSC Label for clobazam and CYP2C19,CYP2C19,clobazam
CYB5R3,lidocaine and tetracaine,HCSC,Actionable PGx,1,0,1,PA166357861,"Annotation of HCSC Label for lidocaine and tetracaine and CYB5R3, G6PD",CYB5R3,lidocaine and tetracaine
G6PD,lidocaine and tetracaine,HCSC,Actionable PGx,1,0,1,PA166357861,"Annotation of HCSC Label for lidocaine and tetracaine and CYB5R3, G6PD",G6PD,lidocaine and tetracaine
CYP2C19,clobazam,FDA,Actionable PGx,1,1,0,PA166104884,Annotation of FDA Label for clobazam and CYP2C19,CYP2C19,clobazam
F2,lusutrombopag,EMA,Actionable PGx,1,0,0,PA166357881,"Annotation of EMA Label for lusutrombopag and F2, F5, PROC, PROS1, SERPINC1",F2,lusutrombopag
F5,lusutrombopag,EMA,Actionable PGx,1,0,0,PA166357881,"Annotation of EMA Label for lusutrombopag and F2, F5, PROC, PROS1, SERPINC1",F5,lusutrombopag
PROC,lusutrombopag,EMA,Actionable PGx,1,0,0,PA166357881,"Annotation of EMA Label for lusutrombopag and F2, F5, PROC, PROS1, SERPINC1",PROC,lusutrombopag
PROS1,lusutrombopag,EMA,Actionable PGx,1,0,0,PA166357881,"Annotation of EMA Label for lusutrombopag and F2, F5, PROC, PROS1, SERPINC1",PROS1,lusutrombopag
SERPINC1,lusutrombopag,EMA,Actionable PGx,1,0,0,PA166357881,"Annotation of EMA Label for lusutrombopag and F2, F5, PROC, PROS1, SERPINC1",SERPINC1,lusutrombopag
FOLH1,lutetium (177Lu) vipivotide tetraxetan,EMA,Testing Required,0,0,0,PA166358001,Annotation of EMA Label for lutetium (177Lu) vipivotide tetraxetan and FOLH1,FOLH1,lutetium (177lu) vipivotide tetraxetan
FOLH1,lutetium (177Lu) vipivotide tetraxetan,HCSC,Testing Required,0,0,0,PA166358021,Annotation of HCSC Label for lutetium (177Lu) vipivotide tetraxetan and FOLH1,FOLH1,lutetium (177lu) vipivotide tetraxetan
CYP3A4,lonafarnib,EMA,Actionable PGx,1,1,0,PA166355801,Annotation of EMA Label for lonafarnib and CYP3A4,CYP3A4,lonafarnib
ERBB2,abemaciclib,HCSC,Testing Required,0,0,0,PA166272661,"Annotation of HCSC Label for abemaciclib and ERBB2, ESR1, ESR2",ERBB2,abemaciclib
ESR1,abemaciclib,HCSC,Testing Required,0,0,0,PA166272661,"Annotation of HCSC Label for abemaciclib and ERBB2, ESR1, ESR2",ESR1,abemaciclib
ESR2,abemaciclib,HCSC,Testing Required,0,0,0,PA166272661,"Annotation of HCSC Label for abemaciclib and ERBB2, ESR1, ESR2",ESR2,abemaciclib
CBS,betaine,FDA,,0,0,0,PA166293301,"Annotation of FDA Label for betaine and CBS, MMADHC, MTHFR",CBS,betaine
MMADHC,betaine,FDA,,0,0,0,PA166293301,"Annotation of FDA Label for betaine and CBS, MMADHC, MTHFR",MMADHC,betaine
MTHFR,betaine,FDA,,0,0,0,PA166293301,"Annotation of FDA Label for betaine and CBS, MMADHC, MTHFR",MTHFR,betaine
CYP2C19,citalopram,Swissmedic,Actionable PGx,1,1,0,PA166184123,"Annotation of Swissmedic Label for citalopram and CYP2C19, CYP2D6",CYP2C19,citalopram
CYP2D6,citalopram,Swissmedic,Actionable PGx,1,1,0,PA166184123,"Annotation of Swissmedic Label for citalopram and CYP2C19, CYP2D6",CYP2D6,citalopram
CYP2C9,phenytoin,Swissmedic,Actionable PGx,1,1,0,PA166184345,"Annotation of Swissmedic Label for phenytoin and CYP2C9, HLA-B",CYP2C9,phenytoin
HLA-B,phenytoin,Swissmedic,Actionable PGx,1,1,0,PA166184345,"Annotation of Swissmedic Label for phenytoin and CYP2C9, HLA-B",HLA-B,phenytoin
TPMT,thioguanine,Swissmedic,Actionable PGx,1,1,0,PA166184424,Annotation of Swissmedic Label for thioguanine and TPMT,TPMT,thioguanine
NAT2,hydralazine,FDA,Actionable PGx,1,1,0,PA166356321,Annotation of FDA Label for hydralazine and NAT2,NAT2,hydralazine
ERBB2,zanidatamab,EMA,Testing Required,0,0,0,PA166412741,Annotation of EMA Label for zanidatamab and ERBB2,ERBB2,zanidatamab
EGFR,dacomitinib,HCSC,Testing Required,0,0,0,PA166339281,Annotation of HCSC Label for dacomitinib and EGFR,EGFR,dacomitinib
CYP2D6,modafinil,HCSC,,0,0,0,PA166358581,Annotation of HCSC Label for modafinil and CYP2D6,CYP2D6,modafinil
CYP2D6,nebivolol,HCSC,No Clinical PGx,0,0,0,PA166358621,Annotation of HCSC Label for nebivolol and CYP2D6,CYP2D6,nebivolol
ERBB2,palbociclib,HCSC,Testing Required,0,0,0,PA166358662,"Annotation of HCSC Label for palbociclib and ERBB2, ESR1, ESR2, PGR",ERBB2,palbociclib
ESR1,palbociclib,HCSC,Testing Required,0,0,0,PA166358662,"Annotation of HCSC Label for palbociclib and ERBB2, ESR1, ESR2, PGR",ESR1,palbociclib
ESR2,palbociclib,HCSC,Testing Required,0,0,0,PA166358662,"Annotation of HCSC Label for palbociclib and ERBB2, ESR1, ESR2, PGR",ESR2,palbociclib
PGR,palbociclib,HCSC,Testing Required,0,0,0,PA166358662,"Annotation of HCSC Label for palbociclib and ERBB2, ESR1, ESR2, PGR",PGR,palbociclib
CYP2D6,palonosetron,HCSC,No Clinical PGx,0,0,0,PA166358701,Annotation of HCSC Label for palonosetron and CYP2D6,CYP2D6,palonosetron
HLA-B,pazopanib,HCSC,Actionable PGx,1,0,0,PA166358781,Annotation of HCSC Label for pazopanib and HLA-B,HLA-B,pazopanib
APOE,donanemab,FDA,Testing Required,1,0,0,PA166401161,Annotation of FDA Label for donanemab and APOE,APOE,donanemab
CYP2D6,propranolol,HCSC,No Clinical PGx,0,0,0,PA166358881,Annotation of HCSC Label for propranolol and CYP2D6,CYP2D6,propranolol
UGT1A1,raltegravir,HCSC,No Clinical PGx,0,0,0,PA166358901,Annotation of HCSC Label for raltegravir and UGT1A1,UGT1A1,raltegravir
ERBB2,ribociclib,HCSC,Testing Required,0,0,0,PA166358941,"Annotation of HCSC Label for ribociclib and ERBB2, ESR1, ESR2, PGR",ERBB2,ribociclib
ESR1,ribociclib,HCSC,Testing Required,0,0,0,PA166358941,"Annotation of HCSC Label for ribociclib and ERBB2, ESR1, ESR2, PGR",ESR1,ribociclib
ESR2,ribociclib,HCSC,Testing Required,0,0,0,PA166358941,"Annotation of HCSC Label for ribociclib and ERBB2, ESR1, ESR2, PGR",ESR2,ribociclib
PGR,ribociclib,HCSC,Testing Required,0,0,0,PA166358941,"Annotation of HCSC Label for ribociclib and ERBB2, ESR1, ESR2, PGR",PGR,ribociclib
CYP2D6,risperidone,EMA,No Clinical PGx,0,0,0,PA166358961,Annotation of EMA Label for risperidone and CYP2D6,CYP2D6,risperidone
CYP2D6,tamsulosin,HCSC,Informative PGx,0,0,0,PA166359201,Annotation of HCSC Label for tamsulosin and CYP2D6,CYP2D6,tamsulosin
F8,desmopressin,FDA,Testing Required,0,0,0,PA166293361,Annotation of FDA Label for desmopressin and F8,F8,desmopressin
ESR1,trastuzumab deruxtecan,FDA,,0,0,0,PA166293681,"Annotation of FDA Label for trastuzumab deruxtecan and ESR1, ESR2",ESR1,trastuzumab deruxtecan
ESR2,trastuzumab deruxtecan,FDA,,0,0,0,PA166293681,"Annotation of FDA Label for trastuzumab deruxtecan and ESR1, ESR2",ESR2,trastuzumab deruxtecan
IFNL3,ombitasvir / paritaprevir / ritonavir,FDA,,0,0,0,PA166163412,Annotation of FDA Label for ombitasvir / paritaprevir / ritonavir and IFNL3,IFNL3,ombitasvir / paritaprevir / ritonavir
PDGFRA,olaratumab,FDA,,0,0,0,PA166163435,Annotation of FDA Label for olaratumab and PDGFRA,PDGFRA,olaratumab
CYP2C19,ticagrelor,HCSC,No Clinical PGx,0,0,0,PA166359241,Annotation of HCSC Label for ticagrelor and CYP2C19,CYP2C19,ticagrelor
ERBB2,margetuximab,FDA,Testing Required,0,0,0,PA166235881,Annotation of FDA Label for margetuximab and ERBB2,ERBB2,margetuximab
FOLR1,mirvetuximab soravtansine,FDA,Testing Required,0,0,0,PA166293742,Annotation of FDA Label for mirvetuximab soravtansine and FOLR1,FOLR1,mirvetuximab soravtansine
IDH1,olutasidenib,FDA,Testing Required,0,0,0,PA166293921,Annotation of FDA Label for olutasidenib and IDH1,IDH1,olutasidenib
CBS,betaine,HCSC,,0,0,0,PA166293961,"Annotation of HCSC Label for betaine and CBS, MMADHC, MTHFR",CBS,betaine
MMADHC,betaine,HCSC,,0,0,0,PA166293961,"Annotation of HCSC Label for betaine and CBS, MMADHC, MTHFR",MMADHC,betaine
MTHFR,betaine,HCSC,,0,0,0,PA166293961,"Annotation of HCSC Label for betaine and CBS, MMADHC, MTHFR",MTHFR,betaine
F8,desmopressin,HCSC,Testing Required,0,0,0,PA166293981,Annotation of HCSC Label for desmopressin and F8,F8,desmopressin
CBS,betaine,EMA,,0,0,0,PA166293941,"Annotation of EMA Label for betaine and CBS, MMADHC, MTHFR",CBS,betaine
MMADHC,betaine,EMA,,0,0,0,PA166293941,"Annotation of EMA Label for betaine and CBS, MMADHC, MTHFR",MMADHC,betaine
MTHFR,betaine,EMA,,0,0,0,PA166293941,"Annotation of EMA Label for betaine and CBS, MMADHC, MTHFR",MTHFR,betaine
FGFR2,pemigatinib,EMA,Testing Required,0,0,0,PA166294981,Annotation of EMA Label for pemigatinib and FGFR2,FGFR2,pemigatinib
FGFR2,pemigatinib,HCSC,Testing Required,0,0,0,PA166295001,Annotation of HCSC Label for pemigatinib and FGFR2,FGFR2,pemigatinib
CYP2D6,propranolol,FDA,No Clinical PGx,0,0,0,PA166104798,Annotation of FDA Label for propranolol and CYP2D6,CYP2D6,propranolol
CYP2D6,quinidine,FDA,,0,0,0,PA166104811,Annotation of FDA Label for quinidine and CYP2D6,CYP2D6,quinidine
CYB5R3,dapsone,FDA,Actionable PGx,1,0,1,PA166104845,Annotation of FDA Label for dapsone and CYB5R3,CYB5R3,dapsone
EGFR,gefitinib,FDA,Testing Required,0,0,0,PA166104789,Annotation of FDA Label for gefitinib and EGFR,EGFR,gefitinib
HLA-B,abacavir,FDA,Testing Required,1,0,1,PA166104833,Annotation of FDA Label for abacavir and HLA-B,HLA-B,abacavir
CYP2D6,protriptyline,FDA,Informative PGx,0,0,0,PA166104812,Annotation of FDA Label for protriptyline and CYP2D6,CYP2D6,protriptyline
CYP2D6,tolterodine,FDA,Informative PGx,0,0,0,PA166104806,Annotation of FDA Label for tolterodine and CYP2D6,CYP2D6,tolterodine
CYP2C19,dexlansoprazole,FDA,Informative PGx,0,0,0,PA166104863,Annotation of FDA Label for dexlansoprazole and CYP2C19,CYP2C19,dexlansoprazole
CYP2C19,rabeprazole,FDA,Informative PGx,0,0,0,PA166104848,Annotation of FDA Label for rabeprazole and CYP2C19,CYP2C19,rabeprazole
UGT1A1,irinotecan,FDA,Testing Recommended,1,1,0,PA166104831,Annotation of FDA Label for irinotecan and UGT1A1,UGT1A1,irinotecan
NAT2,hydralazine / isosorbide dinitrate,FDA,Informative PGx,0,0,0,PA166104828,Annotation of FDA Label for hydralazine / isosorbide dinitrate and NAT2,NAT2,hydralazine / isosorbide dinitrate
CYP2C19,clopidogrel,FDA,Actionable PGx,1,0,1,PA166104777,Annotation of FDA Label for clopidogrel and CYP2C19,CYP2C19,clopidogrel
CYP2D6,carvedilol,FDA,Informative PGx,0,0,0,PA166104813,Annotation of FDA Label for carvedilol and CYP2D6,CYP2D6,carvedilol
CYP2C19,ticagrelor,FDA,No Clinical PGx,0,0,0,PA166104851,Annotation of FDA Label for ticagrelor and CYP2C19,CYP2C19,ticagrelor
ABL1,nilotinib,FDA,Testing Required,0,0,0,PA166104842,"Annotation of FDA Label for nilotinib and ABL1, BCR",ABL1,nilotinib
BCR,nilotinib,FDA,Testing Required,0,0,0,PA166104842,"Annotation of FDA Label for nilotinib and ABL1, BCR",BCR,nilotinib
CYP2C19,diazepam,FDA,Informative PGx,0,0,0,PA166104784,"Annotation of FDA Label for diazepam and CYP2C19, CYP3A4",CYP2C19,diazepam
CYP3A4,diazepam,FDA,Informative PGx,0,0,0,PA166104784,"Annotation of FDA Label for diazepam and CYP2C19, CYP3A4",CYP3A4,diazepam
CYP2D6,tramadol,FDA,Actionable PGx,1,0,1,PA166104799,Annotation of FDA Label for tramadol and CYP2D6,CYP2D6,tramadol
CYP2C19,esomeprazole,FDA,No Clinical PGx,0,0,0,PA166104816,Annotation of FDA Label for esomeprazole and CYP2C19,CYP2C19,esomeprazole
ALK,crizotinib,FDA,Testing Required,0,0,0,PA166104859,"Annotation of FDA Label for crizotinib and ALK, ROS1",ALK,crizotinib
ROS1,crizotinib,FDA,Testing Required,0,0,0,PA166104859,"Annotation of FDA Label for crizotinib and ALK, ROS1",ROS1,crizotinib
CYP2C19,nelfinavir,FDA,,0,0,0,PA166104808,"Annotation of FDA Label for nelfinavir and CYP2C19, CYP3A4, CYP3A5",CYP2C19,nelfinavir
CYP3A4,nelfinavir,FDA,,0,0,0,PA166104808,"Annotation of FDA Label for nelfinavir and CYP2C19, CYP3A4, CYP3A5",CYP3A4,nelfinavir
CYP3A5,nelfinavir,FDA,,0,0,0,PA166104808,"Annotation of FDA Label for nelfinavir and CYP2C19, CYP3A4, CYP3A5",CYP3A5,nelfinavir
ESR1,letrozole,FDA,Testing Required,0,0,0,PA166104797,"Annotation of FDA Label for letrozole and ESR1, ESR2, PGR",ESR1,letrozole
ESR2,letrozole,FDA,Testing Required,0,0,0,PA166104797,"Annotation of FDA Label for letrozole and ESR1, ESR2, PGR",ESR2,letrozole
PGR,letrozole,FDA,Testing Required,0,0,0,PA166104797,"Annotation of FDA Label for letrozole and ESR1, ESR2, PGR",PGR,letrozole
ABL1,dasatinib,FDA,Testing Required,0,0,0,PA166104781,"Annotation of FDA Label for dasatinib and ABL1, BCR",ABL1,dasatinib
BCR,dasatinib,FDA,Testing Required,0,0,0,PA166104781,"Annotation of FDA Label for dasatinib and ABL1, BCR",BCR,dasatinib
CYP2D6,metoprolol,FDA,Informative PGx,0,0,0,PA166104836,Annotation of FDA Label for metoprolol and CYP2D6,CYP2D6,metoprolol
CYP2C19,doxepin,FDA,Informative PGx,0,0,0,PA166104820,"Annotation of FDA Label for doxepin and CYP2C19, CYP2D6",CYP2C19,doxepin
CYP2D6,doxepin,FDA,Informative PGx,0,0,0,PA166104820,"Annotation of FDA Label for doxepin and CYP2C19, CYP2D6",CYP2D6,doxepin
BRAF,cetuximab,FDA,Testing Required,0,0,0,PA166104826,"Annotation of FDA Label for cetuximab and BRAF, EGFR, KRAS, NRAS",BRAF,cetuximab
EGFR,cetuximab,FDA,Testing Required,0,0,0,PA166104826,"Annotation of FDA Label for cetuximab and BRAF, EGFR, KRAS, NRAS",EGFR,cetuximab
KRAS,cetuximab,FDA,Testing Required,0,0,0,PA166104826,"Annotation of FDA Label for cetuximab and BRAF, EGFR, KRAS, NRAS",KRAS,cetuximab
NRAS,cetuximab,FDA,Testing Required,0,0,0,PA166104826,"Annotation of FDA Label for cetuximab and BRAF, EGFR, KRAS, NRAS",NRAS,cetuximab
CYP2D6,fluvoxamine,FDA,Actionable PGx,1,0,0,PA166104854,Annotation of FDA Label for fluvoxamine and CYP2D6,CYP2D6,fluvoxamine
BRAF,vemurafenib,FDA,Testing Required,0,0,0,PA166104858,Annotation of FDA Label for vemurafenib and BRAF,BRAF,vemurafenib
ERBB2,trastuzumab emtansine,FDA,Testing Required,0,0,0,PA166104796,Annotation of FDA Label for trastuzumab emtansine and ERBB2,ERBB2,trastuzumab emtansine
CYP2D6,trimipramine,FDA,Informative PGx,0,0,0,PA166104857,Annotation of FDA Label for trimipramine and CYP2D6,CYP2D6,trimipramine
CYP2C19,voriconazole,FDA,Informative PGx,0,0,0,PA166104818,Annotation of FDA Label for voriconazole and CYP2C19,CYP2C19,voriconazole
CYP2D6,clozapine,FDA,Actionable PGx,1,1,0,PA166104815,Annotation of FDA Label for clozapine and CYP2D6,CYP2D6,clozapine
CCR5,maraviroc,FDA,,0,0,0,PA166104803,Annotation of FDA Label for maraviroc and CCR5,CCR5,maraviroc
NUDT15,mercaptopurine,FDA,Testing Recommended,1,1,0,PA166104810,"Annotation of FDA Label for mercaptopurine and NUDT15, TPMT",NUDT15,mercaptopurine
TPMT,mercaptopurine,FDA,Testing Recommended,1,1,0,PA166104810,"Annotation of FDA Label for mercaptopurine and NUDT15, TPMT",TPMT,mercaptopurine
CYP2D6,modafinil,FDA,,0,0,0,PA166104868,Annotation of FDA Label for modafinil and CYP2D6,CYP2D6,modafinil
IFNL3,boceprevir,FDA,No Clinical PGx,0,0,0,PA166104855,Annotation of FDA Label for boceprevir and IFNL3,IFNL3,boceprevir
HLA-B,oxcarbazepine,FDA,Testing Recommended,1,0,1,PA166105213,Annotation of FDA Label for oxcarbazepine and HLA-B,HLA-B,oxcarbazepine
CYP2D6,paroxetine,FDA,,0,0,0,PA166104864,Annotation of FDA Label for paroxetine and CYP2D6,CYP2D6,paroxetine
CYB5R1,rasburicase,FDA,Informative PGx,0,0,0,PA166104783,"Annotation of FDA Label for rasburicase and CYB5R1, CYB5R2, CYB5R3, CYB5R4",CYB5R1,rasburicase
CYB5R2,rasburicase,FDA,Informative PGx,0,0,0,PA166104783,"Annotation of FDA Label for rasburicase and CYB5R1, CYB5R2, CYB5R3, CYB5R4",CYB5R2,rasburicase
CYB5R3,rasburicase,FDA,Informative PGx,0,0,0,PA166104783,"Annotation of FDA Label for rasburicase and CYB5R1, CYB5R2, CYB5R3, CYB5R4",CYB5R3,rasburicase
CYB5R4,rasburicase,FDA,Informative PGx,0,0,0,PA166104783,"Annotation of FDA Label for rasburicase and CYB5R1, CYB5R2, CYB5R3, CYB5R4",CYB5R4,rasburicase
DPYD,capecitabine,FDA,Testing Required,1,1,1,PA166104802,Annotation of FDA Label for capecitabine and DPYD,DPYD,capecitabine
G6PD,probenecid,FDA,Informative PGx,0,0,0,PA166104906,Annotation of FDA Label for probenecid and G6PD,G6PD,probenecid
HPRT1,mycophenolic acid,FDA,Actionable PGx,1,0,1,PA166104877,Annotation of FDA Label for mycophenolic acid and HPRT1,HPRT1,mycophenolic acid
CYP2B6,prasugrel,FDA,No Clinical PGx,0,0,0,PA166104917,"Annotation of FDA Label for prasugrel and CYP2B6, CYP2C19, CYP2C9, CYP3A5",CYP2B6,prasugrel
CYP2C19,prasugrel,FDA,No Clinical PGx,0,0,0,PA166104917,"Annotation of FDA Label for prasugrel and CYP2B6, CYP2C19, CYP2C9, CYP3A5",CYP2C19,prasugrel
CYP2C9,prasugrel,FDA,No Clinical PGx,0,0,0,PA166104917,"Annotation of FDA Label for prasugrel and CYP2B6, CYP2C19, CYP2C9, CYP3A5",CYP2C9,prasugrel
CYP3A5,prasugrel,FDA,No Clinical PGx,0,0,0,PA166104917,"Annotation of FDA Label for prasugrel and CYP2B6, CYP2C19, CYP2C9, CYP3A5",CYP3A5,prasugrel
CYP2D6,clomipramine,FDA,Informative PGx,0,0,0,PA166104875,Annotation of FDA Label for clomipramine and CYP2D6,CYP2D6,clomipramine
CYP2C9,piroxicam,FDA,Actionable PGx,1,1,0,PA166105222,Annotation of FDA Label for piroxicam and CYP2C9,CYP2C9,piroxicam
SLCO1B1,rosuvastatin,FDA,Informative PGx,0,0,0,PA166105023,Annotation of FDA Label for rosuvastatin and SLCO1B1,SLCO1B1,rosuvastatin
CYB5R3,lidocaine / prilocaine,FDA,Actionable PGx,1,0,0,PA166105178,"Annotation of FDA Label for lidocaine / prilocaine and CYB5R3, G6PD",CYB5R3,lidocaine / prilocaine
G6PD,lidocaine / prilocaine,FDA,Actionable PGx,1,0,0,PA166105178,"Annotation of FDA Label for lidocaine / prilocaine and CYB5R3, G6PD",G6PD,lidocaine / prilocaine
CYP2D6,nebivolol,FDA,No Clinical PGx,0,0,0,PA166105028,Annotation of FDA Label for nebivolol and CYP2D6,CYP2D6,nebivolol
ABL1,bosutinib,FDA,Testing Required,0,0,0,PA166114907,"Annotation of FDA Label for bosutinib and ABL1, BCR",ABL1,bosutinib
BCR,bosutinib,FDA,Testing Required,0,0,0,PA166114907,"Annotation of FDA Label for bosutinib and ABL1, BCR",BCR,bosutinib
BRAF,dabrafenib,FDA,Testing Required,0,0,0,PA166114912,Annotation of FDA Label for dabrafenib and BRAF,BRAF,dabrafenib
CYP2C19,pantoprazole,FDA,Actionable PGx,1,1,0,PA166104901,Annotation of FDA Label for pantoprazole and CYP2C19,CYP2C19,pantoprazole
ERBB2,everolimus,FDA,Testing Required,0,0,0,PA166104913,"Annotation of FDA Label for everolimus and ERBB2, ESR1, ESR2",ERBB2,everolimus
ESR1,everolimus,FDA,Testing Required,0,0,0,PA166104913,"Annotation of FDA Label for everolimus and ERBB2, ESR1, ESR2",ESR1,everolimus
ESR2,everolimus,FDA,Testing Required,0,0,0,PA166104913,"Annotation of FDA Label for everolimus and ERBB2, ESR1, ESR2",ESR2,everolimus
CYP2D6,dextromethorphan / quinidine,FDA,Testing Recommended,1,0,0,PA166104886,Annotation of FDA Label for dextromethorphan / quinidine and CYP2D6,CYP2D6,dextromethorphan / quinidine
F5,eltrombopag,FDA,Actionable PGx,1,0,0,PA166104912,"Annotation of FDA Label for eltrombopag and F5, SERPINC1",F5,eltrombopag
SERPINC1,eltrombopag,FDA,Actionable PGx,1,0,0,PA166104912,"Annotation of FDA Label for eltrombopag and F5, SERPINC1",SERPINC1,eltrombopag
TNFSF13B,belimumab,FDA,,0,0,0,PA166114905,Annotation of FDA Label for belimumab and TNFSF13B,TNFSF13B,belimumab
CYP2D6,nortriptyline,FDA,Informative PGx,0,0,0,PA166104888,Annotation of FDA Label for nortriptyline and CYP2D6,CYP2D6,nortriptyline
APOE,pravastatin,FDA,,0,0,0,PA166104866,Annotation of FDA Label for pravastatin and APOE,APOE,pravastatin
G6PD,sulfasalazine,FDA,Actionable PGx,1,0,0,PA166104892,Annotation of FDA Label for sulfasalazine and G6PD,G6PD,sulfasalazine
EGFR,osimertinib,FDA,Testing Required,0,0,0,PA166131627,Annotation of FDA Label for osimertinib and EGFR,EGFR,osimertinib
ABL1,ponatinib,FDA,Testing Required,0,0,0,PA166114931,"Annotation of FDA Label for ponatinib and ABL1, BCR",ABL1,ponatinib
BCR,ponatinib,FDA,Testing Required,0,0,0,PA166114931,"Annotation of FDA Label for ponatinib and ABL1, BCR",BCR,ponatinib
CYP2C19,formoterol,FDA,,0,0,0,PA166177509,"Annotation of FDA Label for formoterol and CYP2C19, CYP2D6",CYP2C19,formoterol
CYP2D6,formoterol,FDA,,0,0,0,PA166177509,"Annotation of FDA Label for formoterol and CYP2C19, CYP2D6",CYP2D6,formoterol
BRAF,trametinib,FDA,Testing Required,0,0,0,PA166115365,Annotation of FDA Label for trametinib and BRAF,BRAF,trametinib
CYP2C9,dronabinol,FDA,Actionable PGx,1,0,0,PA166163422,Annotation of FDA Label for dronabinol and CYP2C9,CYP2C9,dronabinol
LDLR,mipomersen,FDA,,0,0,0,PA166114928,Annotation of FDA Label for mipomersen and LDLR,LDLR,mipomersen
ALK,brigatinib,FDA,Testing Required,0,0,0,PA166169878,Annotation of FDA Label for brigatinib and ALK,ALK,brigatinib
ALK,pembrolizumab,FDA,Testing Required,0,0,0,PA166160009,"Annotation of FDA Label for pembrolizumab and ALK, CD274, EGFR, ERBB2",ALK,pembrolizumab
CD274,pembrolizumab,FDA,Testing Required,0,0,0,PA166160009,"Annotation of FDA Label for pembrolizumab and ALK, CD274, EGFR, ERBB2",CD274,pembrolizumab
EGFR,pembrolizumab,FDA,Testing Required,0,0,0,PA166160009,"Annotation of FDA Label for pembrolizumab and ALK, CD274, EGFR, ERBB2",EGFR,pembrolizumab
ERBB2,pembrolizumab,FDA,Testing Required,0,0,0,PA166160009,"Annotation of FDA Label for pembrolizumab and ALK, CD274, EGFR, ERBB2",ERBB2,pembrolizumab
ERBB2,abemaciclib,FDA,Testing Required,0,0,0,PA166177475,"Annotation of FDA Label for abemaciclib and ERBB2, ESR1, ESR2, PGR",ERBB2,abemaciclib
ESR1,abemaciclib,FDA,Testing Required,0,0,0,PA166177475,"Annotation of FDA Label for abemaciclib and ERBB2, ESR1, ESR2, PGR",ESR1,abemaciclib
ESR2,abemaciclib,FDA,Testing Required,0,0,0,PA166177475,"Annotation of FDA Label for abemaciclib and ERBB2, ESR1, ESR2, PGR",ESR2,abemaciclib
PGR,abemaciclib,FDA,Testing Required,0,0,0,PA166177475,"Annotation of FDA Label for abemaciclib and ERBB2, ESR1, ESR2, PGR",PGR,abemaciclib
F2,tamoxifen,FDA,No Clinical PGx,0,0,0,PA166170936,"Annotation of FDA Label for tamoxifen and F2, F5",F2,tamoxifen
F5,tamoxifen,FDA,No Clinical PGx,0,0,0,PA166170936,"Annotation of FDA Label for tamoxifen and F2, F5",F5,tamoxifen
CYP2C9,flibanserin,FDA,Informative PGx,0,0,0,PA166153432,"Annotation of FDA Label for flibanserin and CYP2C9, CYP2D6",CYP2C9,flibanserin
CYP2D6,flibanserin,FDA,Informative PGx,0,0,0,PA166153432,"Annotation of FDA Label for flibanserin and CYP2C9, CYP2D6",CYP2D6,flibanserin
G6PD,flutamide,FDA,Actionable PGx,1,0,0,PA166182765,Annotation of FDA Label for flutamide and G6PD,G6PD,flutamide
F2,avatrombopag,FDA,Actionable PGx,1,0,0,PA166179855,"Annotation of FDA Label for avatrombopag and F2, F5, PROC, PROS1, SERPINC1",F2,avatrombopag
F5,avatrombopag,FDA,Actionable PGx,1,0,0,PA166179855,"Annotation of FDA Label for avatrombopag and F2, F5, PROC, PROS1, SERPINC1",F5,avatrombopag
PROC,avatrombopag,FDA,Actionable PGx,1,0,0,PA166179855,"Annotation of FDA Label for avatrombopag and F2, F5, PROC, PROS1, SERPINC1",PROC,avatrombopag
PROS1,avatrombopag,FDA,Actionable PGx,1,0,0,PA166179855,"Annotation of FDA Label for avatrombopag and F2, F5, PROC, PROS1, SERPINC1",PROS1,avatrombopag
SERPINC1,avatrombopag,FDA,Actionable PGx,1,0,0,PA166179855,"Annotation of FDA Label for avatrombopag and F2, F5, PROC, PROS1, SERPINC1",SERPINC1,avatrombopag
CYP2C19,omeprazole,FDA,Informative PGx,0,0,0,PA166104921,Annotation of FDA Label for omeprazole and CYP2C19,CYP2C19,omeprazole
CYP2D6,perphenazine,FDA,Informative PGx,0,0,0,PA166104893,Annotation of FDA Label for perphenazine and CYP2D6,CYP2D6,perphenazine
CYP2D6,meclizine,FDA,Actionable PGx,1,0,0,PA166180000,Annotation of FDA Label for meclizine and CYP2D6,CYP2D6,meclizine
CYP2D6,tamoxifen,FDA,Informative PGx,0,0,0,PA166181925,Annotation of FDA Label for tamoxifen and CYP2D6,CYP2D6,tamoxifen
UGT1A1,belinostat,FDA,Actionable PGx,1,1,0,PA166129553,Annotation of FDA Label for belinostat and UGT1A1,UGT1A1,belinostat
POLG,divalproex sodium,FDA,Testing Required,1,0,1,PA166127663,Annotation of FDA Label for divalproex sodium and POLG,POLG,divalproex sodium
G6PD,tafenoquine,FDA,Testing Required,1,0,1,PA166182739,Annotation of FDA Label for tafenoquine and G6PD,G6PD,tafenoquine
RET,cabozantinib,FDA,,0,0,0,PA166160021,Annotation of FDA Label for cabozantinib and RET,RET,cabozantinib
ABL1,inotuzumab ozogamicin,FDA,,0,0,0,PA166177512,"Annotation of FDA Label for inotuzumab ozogamicin and ABL1, BCR",ABL1,inotuzumab ozogamicin
BCR,inotuzumab ozogamicin,FDA,,0,0,0,PA166177512,"Annotation of FDA Label for inotuzumab ozogamicin and ABL1, BCR",BCR,inotuzumab ozogamicin
CYP2D6,amoxapine,FDA,Informative PGx,0,0,0,PA166182729,Annotation of FDA Label for amoxapine and CYP2D6,CYP2D6,amoxapine
HRAS,vemurafenib,FDA,,0,0,0,PA166170957,"Annotation of FDA Label for vemurafenib and HRAS, KRAS, NRAS",HRAS,vemurafenib
KRAS,vemurafenib,FDA,,0,0,0,PA166170957,"Annotation of FDA Label for vemurafenib and HRAS, KRAS, NRAS",KRAS,vemurafenib
NRAS,vemurafenib,FDA,,0,0,0,PA166170957,"Annotation of FDA Label for vemurafenib and HRAS, KRAS, NRAS",NRAS,vemurafenib
ERBB2,ribociclib,FDA,Testing Required,0,0,0,PA166170048,"Annotation of FDA Label for ribociclib and ERBB2, ESR1, ESR2, PGR",ERBB2,ribociclib
ESR1,ribociclib,FDA,Testing Required,0,0,0,PA166170048,"Annotation of FDA Label for ribociclib and ERBB2, ESR1, ESR2, PGR",ESR1,ribociclib
ESR2,ribociclib,FDA,Testing Required,0,0,0,PA166170048,"Annotation of FDA Label for ribociclib and ERBB2, ESR1, ESR2, PGR",ESR2,ribociclib
PGR,ribociclib,FDA,Testing Required,0,0,0,PA166170048,"Annotation of FDA Label for ribociclib and ERBB2, ESR1, ESR2, PGR",PGR,ribociclib
BRAF,pembrolizumab,FDA,,0,0,0,PA166170932,Annotation of FDA Label for pembrolizumab and BRAF,BRAF,pembrolizumab
CYP2C19,brivaracetam,FDA,Actionable PGx,1,1,0,PA166153492,Annotation of FDA Label for brivaracetam and CYP2C19,CYP2C19,brivaracetam
MYCN,dinutuximab,FDA,,0,0,0,PA166160061,Annotation of FDA Label for dinutuximab and MYCN,MYCN,dinutuximab
ESR1,docetaxel,FDA,,0,0,0,PA166182760,"Annotation of FDA Label for docetaxel and ESR1, ESR2, PGR",ESR1,docetaxel
ESR2,docetaxel,FDA,,0,0,0,PA166182760,"Annotation of FDA Label for docetaxel and ESR1, ESR2, PGR",ESR2,docetaxel
PGR,docetaxel,FDA,,0,0,0,PA166182760,"Annotation of FDA Label for docetaxel and ESR1, ESR2, PGR",PGR,docetaxel
G6PD,succimer,FDA,,0,0,0,PA166115363,Annotation of FDA Label for succimer and G6PD,G6PD,succimer
FLT3,gilteritinib,FDA,Testing Required,0,0,0,PA166182768,Annotation of FDA Label for gilteritinib and FLT3,FLT3,gilteritinib
CYB5R1,isosorbide dinitrate,FDA,Informative PGx,0,0,0,PA166163430,"Annotation of FDA Label for isosorbide dinitrate and CYB5R1, CYB5R2, CYB5R3, CYB5R4",CYB5R1,isosorbide dinitrate
CYB5R2,isosorbide dinitrate,FDA,Informative PGx,0,0,0,PA166163430,"Annotation of FDA Label for isosorbide dinitrate and CYB5R1, CYB5R2, CYB5R3, CYB5R4",CYB5R2,isosorbide dinitrate
CYB5R3,isosorbide dinitrate,FDA,Informative PGx,0,0,0,PA166163430,"Annotation of FDA Label for isosorbide dinitrate and CYB5R1, CYB5R2, CYB5R3, CYB5R4",CYB5R3,isosorbide dinitrate
CYB5R4,isosorbide dinitrate,FDA,Informative PGx,0,0,0,PA166163430,"Annotation of FDA Label for isosorbide dinitrate and CYB5R1, CYB5R2, CYB5R3, CYB5R4",CYB5R4,isosorbide dinitrate
LDLR,pravastatin,FDA,,0,0,0,PA166114941,Annotation of FDA Label for pravastatin and LDLR,LDLR,pravastatin
IFNL3,sofosbuvir / velpatasvir,FDA,,0,0,0,PA166163417,Annotation of FDA Label for sofosbuvir / velpatasvir and IFNL3,IFNL3,sofosbuvir / velpatasvir
FLT3,venetoclax,FDA,,0,0,0,PA166163420,"Annotation of FDA Label for venetoclax and FLT3, IDH1, IDH2, NPM1, TP53",FLT3,venetoclax
IDH1,venetoclax,FDA,,0,0,0,PA166163420,"Annotation of FDA Label for venetoclax and FLT3, IDH1, IDH2, NPM1, TP53",IDH1,venetoclax
IDH2,venetoclax,FDA,,0,0,0,PA166163420,"Annotation of FDA Label for venetoclax and FLT3, IDH1, IDH2, NPM1, TP53",IDH2,venetoclax
NPM1,venetoclax,FDA,,0,0,0,PA166163420,"Annotation of FDA Label for venetoclax and FLT3, IDH1, IDH2, NPM1, TP53",NPM1,venetoclax
TP53,venetoclax,FDA,,0,0,0,PA166163420,"Annotation of FDA Label for venetoclax and FLT3, IDH1, IDH2, NPM1, TP53",TP53,venetoclax
NTRK1,larotrectinib,FDA,Testing Required,0,0,0,PA166182734,"Annotation of FDA Label for larotrectinib and NTRK1, NTRK2, NTRK3",NTRK1,larotrectinib
NTRK2,larotrectinib,FDA,Testing Required,0,0,0,PA166182734,"Annotation of FDA Label for larotrectinib and NTRK1, NTRK2, NTRK3",NTRK2,larotrectinib
NTRK3,larotrectinib,FDA,Testing Required,0,0,0,PA166182734,"Annotation of FDA Label for larotrectinib and NTRK1, NTRK2, NTRK3",NTRK3,larotrectinib
KIT,midostaurin,FDA,,0,0,0,PA166170931,"Annotation of FDA Label for midostaurin and KIT, NPM1",KIT,midostaurin
NPM1,midostaurin,FDA,,0,0,0,PA166170931,"Annotation of FDA Label for midostaurin and KIT, NPM1",NPM1,midostaurin
ALK,atezolizumab,FDA,Testing Required,0,0,0,PA166163429,"Annotation of FDA Label for atezolizumab and ALK, BRAF, CD274, EGFR",ALK,atezolizumab
BRAF,atezolizumab,FDA,Testing Required,0,0,0,PA166163429,"Annotation of FDA Label for atezolizumab and ALK, BRAF, CD274, EGFR",BRAF,atezolizumab
CD274,atezolizumab,FDA,Testing Required,0,0,0,PA166163429,"Annotation of FDA Label for atezolizumab and ALK, BRAF, CD274, EGFR",CD274,atezolizumab
EGFR,atezolizumab,FDA,Testing Required,0,0,0,PA166163429,"Annotation of FDA Label for atezolizumab and ALK, BRAF, CD274, EGFR",EGFR,atezolizumab
TTR,inotersen,FDA,,0,0,0,PA166182757,Annotation of FDA Label for inotersen and TTR,TTR,inotersen
BRAF,cobimetinib,FDA,Testing Required,0,0,0,PA166160046,Annotation of FDA Label for cobimetinib and BRAF,BRAF,cobimetinib
IFNL3,ledipasvir / sofosbuvir,FDA,,0,0,0,PA166163428,Annotation of FDA Label for ledipasvir / sofosbuvir and IFNL3,IFNL3,ledipasvir / sofosbuvir
BRCA1,niraparib,FDA,Testing Required,0,0,0,PA166169920,"Annotation of FDA Label for niraparib and BRCA1, BRCA2",BRCA1,niraparib
BRCA2,niraparib,FDA,Testing Required,0,0,0,PA166169920,"Annotation of FDA Label for niraparib and BRCA1, BRCA2",BRCA2,niraparib
KRAS,regorafenib,FDA,,0,0,0,PA166114944,Annotation of FDA Label for regorafenib and KRAS,KRAS,regorafenib
IFNL3,daclatasvir,FDA,No Clinical PGx,0,0,0,PA166163421,Annotation of FDA Label for daclatasvir and IFNL3,IFNL3,daclatasvir
JAG1,maralixibat,FDA,,0,0,0,PA166269301,Annotation of FDA Label for maralixibat and JAG1,JAG1,maralixibat
PROC,"synthetic conjugated estrogens, A",FDA,Actionable PGx,1,0,1,PA166238981,"Annotation of FDA Label for synthetic conjugated estrogens, A and PROC, PROS1, SERPINC1",PROC,"synthetic conjugated estrogens, a"
PROS1,"synthetic conjugated estrogens, A",FDA,Actionable PGx,1,0,1,PA166238981,"Annotation of FDA Label for synthetic conjugated estrogens, A and PROC, PROS1, SERPINC1",PROS1,"synthetic conjugated estrogens, a"
SERPINC1,"synthetic conjugated estrogens, A",FDA,Actionable PGx,1,0,1,PA166238981,"Annotation of FDA Label for synthetic conjugated estrogens, A and PROC, PROS1, SERPINC1",SERPINC1,"synthetic conjugated estrogens, a"
FGFR1,pemigatinib,FDA,Testing Required,0,0,0,PA166293421,"Annotation of FDA Label for pemigatinib and FGFR1, FGFR2",FGFR1,pemigatinib
FGFR2,pemigatinib,FDA,Testing Required,0,0,0,PA166293421,"Annotation of FDA Label for pemigatinib and FGFR1, FGFR2",FGFR2,pemigatinib
NECTIN4,enfortumab vedotin,FDA,,0,0,0,PA166190141,Annotation of FDA Label for enfortumab vedotin and NECTIN4,NECTIN4,enfortumab vedotin
SMN2,nusinersen,FDA,,0,0,0,PA166185180,Annotation of FDA Label for nusinersen and SMN2,SMN2,nusinersen
CPOX,givosiran,FDA,,0,0,0,PA166190701,"Annotation of FDA Label for givosiran and CPOX, HMBS, PPOX",CPOX,givosiran
HMBS,givosiran,FDA,,0,0,0,PA166190701,"Annotation of FDA Label for givosiran and CPOX, HMBS, PPOX",HMBS,givosiran
PPOX,givosiran,FDA,,0,0,0,PA166190701,"Annotation of FDA Label for givosiran and CPOX, HMBS, PPOX",PPOX,givosiran
CFTR,elexacaftor / tezacaftor / ivacaftor,FDA,Testing Required,0,0,0,PA166190101,Annotation of FDA Label for elexacaftor / tezacaftor / ivacaftor and CFTR,CFTR,elexacaftor / tezacaftor / ivacaftor
G6PD,hydroxychloroquine,FDA,Actionable PGx,1,0,0,PA166182769,Annotation of FDA Label for hydroxychloroquine and G6PD,G6PD,hydroxychloroquine
LMNA,lonafarnib,FDA,Testing Required,0,0,0,PA166235601,"Annotation of FDA Label for lonafarnib and LMNA, ZMPSTE24",LMNA,lonafarnib
ZMPSTE24,lonafarnib,FDA,Testing Required,0,0,0,PA166235601,"Annotation of FDA Label for lonafarnib and LMNA, ZMPSTE24",ZMPSTE24,lonafarnib
CYB5R3,bupivacaine,FDA,Actionable PGx,1,0,0,PA166235441,"Annotation of FDA Label for bupivacaine and CYB5R3, G6PD",CYB5R3,bupivacaine
G6PD,bupivacaine,FDA,Actionable PGx,1,0,0,PA166235441,"Annotation of FDA Label for bupivacaine and CYB5R3, G6PD",G6PD,bupivacaine
GLA,migalastat,FDA,Testing Required,0,0,0,PA166182886,Annotation of FDA Label for migalastat and GLA,GLA,migalastat
UGT1A1,sacituzumab govitecan,FDA,Actionable PGx,1,0,0,PA166225101,Annotation of FDA Label for sacituzumab govitecan and UGT1A1,UGT1A1,sacituzumab govitecan
ESR1,olaparib,FDA,,0,0,0,PA166182890,"Annotation of FDA Label for olaparib and ESR1, ESR2, PGR, PPP2R2A",ESR1,olaparib
ESR2,olaparib,FDA,,0,0,0,PA166182890,"Annotation of FDA Label for olaparib and ESR1, ESR2, PGR, PPP2R2A",ESR2,olaparib
PGR,olaparib,FDA,,0,0,0,PA166182890,"Annotation of FDA Label for olaparib and ESR1, ESR2, PGR, PPP2R2A",PGR,olaparib
PPP2R2A,olaparib,FDA,,0,0,0,PA166182890,"Annotation of FDA Label for olaparib and ESR1, ESR2, PGR, PPP2R2A",PPP2R2A,olaparib
CYP2D6,upadacitinib,FDA,No Clinical PGx,0,0,0,PA166190761,Annotation of FDA Label for upadacitinib and CYP2D6,CYP2D6,upadacitinib
HBB,luspatercept,FDA,,0,0,0,PA166190023,Annotation of FDA Label for luspatercept and HBB,HBB,luspatercept
RET,selpercatinib,FDA,Testing Required,0,0,0,PA166225121,Annotation of FDA Label for selpercatinib and RET,RET,selpercatinib
ERBB2,tucatinib,FDA,Testing Required,0,0,0,PA166225142,"Annotation of FDA Label for tucatinib and ERBB2, HRAS, KRAS, NRAS",ERBB2,tucatinib
HRAS,tucatinib,FDA,Testing Required,0,0,0,PA166225142,"Annotation of FDA Label for tucatinib and ERBB2, HRAS, KRAS, NRAS",HRAS,tucatinib
KRAS,tucatinib,FDA,Testing Required,0,0,0,PA166225142,"Annotation of FDA Label for tucatinib and ERBB2, HRAS, KRAS, NRAS",KRAS,tucatinib
NRAS,tucatinib,FDA,Testing Required,0,0,0,PA166225142,"Annotation of FDA Label for tucatinib and ERBB2, HRAS, KRAS, NRAS",NRAS,tucatinib
MET,capmatinib,FDA,Testing Required,0,0,0,PA166224202,Annotation of FDA Label for capmatinib and MET,MET,capmatinib
DPYD,capecitabine,HCSC,Testing Recommended,1,0,1,PA166127644,Annotation of HCSC Label for capecitabine and DPYD,DPYD,capecitabine
DMD,viltolarsen,FDA,Testing Required,0,0,0,PA166236521,Annotation of FDA Label for viltolarsen and DMD,DMD,viltolarsen
ALDH5A1,sodium oxybate,FDA,Actionable PGx,1,0,1,PA166236001,Annotation of FDA Label for sodium oxybate and ALDH5A1,ALDH5A1,sodium oxybate
G6PD,pegloticase,EMA,Testing Required,1,0,1,PA166121327,Annotation of EMA Label for pegloticase and G6PD,G6PD,pegloticase
ALK,durvalumab,FDA,Testing Required,0,0,0,PA166169884,"Annotation of FDA Label for durvalumab and ALK, CD274, EGFR, PDCD1",ALK,durvalumab
CD274,durvalumab,FDA,Testing Required,0,0,0,PA166169884,"Annotation of FDA Label for durvalumab and ALK, CD274, EGFR, PDCD1",CD274,durvalumab
EGFR,durvalumab,FDA,Testing Required,0,0,0,PA166169884,"Annotation of FDA Label for durvalumab and ALK, CD274, EGFR, PDCD1",EGFR,durvalumab
PDCD1,durvalumab,FDA,Testing Required,0,0,0,PA166169884,"Annotation of FDA Label for durvalumab and ALK, CD274, EGFR, PDCD1",PDCD1,durvalumab
CDKL5,ganaxolone,FDA,Testing Required,0,0,0,PA166278321,Annotation of FDA Label for ganaxolone and CDKL5,CDKL5,ganaxolone
ALK,ipilimumab,FDA,Testing Required,0,0,0,PA166191581,"Annotation of FDA Label for ipilimumab and ALK, CD274, EGFR",ALK,ipilimumab
CD274,ipilimumab,FDA,Testing Required,0,0,0,PA166191581,"Annotation of FDA Label for ipilimumab and ALK, CD274, EGFR",CD274,ipilimumab
EGFR,ipilimumab,FDA,Testing Required,0,0,0,PA166191581,"Annotation of FDA Label for ipilimumab and ALK, CD274, EGFR",EGFR,ipilimumab
ERBB2,zongertinib,FDA,Testing Required,0,0,0,PA166432702,Annotation of FDA Label for zongertinib and ERBB2,ERBB2,zongertinib
NPM1,ziftomenib,FDA,Testing Required,0,0,0,PA166432781,Annotation of FDA Label for ziftomenib and NPM1,NPM1,ziftomenib
ERBB2,tislelizumab,FDA,Testing Required,0,0,0,PA166432762,Annotation of FDA Label for tislelizumab and ERBB2,ERBB2,tislelizumab
CLDN18,zolbetuximab,FDA,Testing Required,0,0,0,PA166401401,"Annotation of FDA Label for zolbetuximab and CLDN18, ERBB2",CLDN18,zolbetuximab
ERBB2,zolbetuximab,FDA,Testing Required,0,0,0,PA166401401,"Annotation of FDA Label for zolbetuximab and CLDN18, ERBB2",ERBB2,zolbetuximab
SLC22A2,fampridine,EMA,,0,0,0,PA166123390,Annotation of EMA Label for fampridine and SLC22A2,SLC22A2,fampridine
CYP3A4,sunitinib,EMA,,0,0,0,PA166123412,Annotation of EMA Label for sunitinib and CYP3A4,CYP3A4,sunitinib
NRG1,zenocutuzumab,FDA,Testing Required,0,0,0,PA166401481,Annotation of FDA Label for zenocutuzumab and NRG1,NRG1,zenocutuzumab
CYP2C19,atazanavir,EMA,Informative PGx,0,0,0,PA166123421,Annotation of EMA Label for atazanavir and CYP2C19,CYP2C19,atazanavir
CYP2D6,atomoxetine,PMDA,Actionable PGx,0,0,0,PA166123528,Annotation of PMDA Label for atomoxetine and CYP2D6,CYP2D6,atomoxetine
TPMT,azathioprine,PMDA,Actionable PGx,0,0,0,PA166123530,Annotation of PMDA Label for azathioprine and TPMT,TPMT,azathioprine
DPYD,capecitabine,PMDA,Actionable PGx,0,0,0,PA166123531,Annotation of PMDA Label for capecitabine and DPYD,DPYD,capecitabine
CYP2C19,clopidogrel,PMDA,Actionable PGx,0,0,0,PA166123535,Annotation of PMDA Label for clopidogrel and CYP2C19,CYP2C19,clopidogrel
ALK,crizotinib,PMDA,Testing Required,0,0,0,PA166123536,Annotation of PMDA Label for crizotinib and ALK,ALK,crizotinib
SERPINC1,eltrombopag,PMDA,Actionable PGx,0,0,0,PA166123538,Annotation of PMDA Label for eltrombopag and SERPINC1,SERPINC1,eltrombopag
DPYD,fluorouracil,PMDA,Actionable PGx,0,0,0,PA166123539,Annotation of PMDA Label for fluorouracil and DPYD,DPYD,fluorouracil
UGT1A1,indacaterol,PMDA,Actionable PGx,0,0,0,PA166123543,Annotation of PMDA Label for indacaterol and UGT1A1,UGT1A1,indacaterol
UGT1A1,irinotecan,PMDA,Testing Recommended,0,0,0,PA166123526,Annotation of PMDA Label for irinotecan and UGT1A1,UGT1A1,irinotecan
HPRT1,mycophenolic acid,PMDA,Actionable PGx,0,0,0,PA166123546,Annotation of PMDA Label for mycophenolic acid and HPRT1,HPRT1,mycophenolic acid
KRAS,panitumumab,PMDA,Testing Required,0,0,0,PA166123547,Annotation of PMDA Label for panitumumab and KRAS,KRAS,panitumumab
G6PD,rasburicase,PMDA,Actionable PGx,0,0,0,PA166123548,Annotation of PMDA Label for rasburicase and G6PD,G6PD,rasburicase
ERBB2,trastuzumab,PMDA,Testing Required,0,0,0,PA166123550,Annotation of PMDA Label for trastuzumab and ERBB2,ERBB2,trastuzumab
ABL1,dasatinib,PMDA,Testing Required,0,0,0,PA166123537,"Annotation of PMDA Label for dasatinib and ABL1, BCR",ABL1,dasatinib
BCR,dasatinib,PMDA,Testing Required,0,0,0,PA166123537,"Annotation of PMDA Label for dasatinib and ABL1, BCR",BCR,dasatinib
CYP2D6,vonoprazan,FDA,No Clinical PGx,0,0,0,PA166431762,Annotation of FDA Label for vonoprazan and CYP2D6,CYP2D6,vonoprazan
ERBB2,trastuzumab,HCSC,Testing Required,0,0,0,PA166127724,Annotation of HCSC Label for trastuzumab and ERBB2,ERBB2,trastuzumab
CYP2D6,tolterodine,HCSC,Informative PGx,0,0,0,PA166127721,Annotation of HCSC Label for tolterodine and CYP2D6,CYP2D6,tolterodine
PML,tretinoin,HCSC,,0,0,0,PA166127725,"Annotation of HCSC Label for tretinoin and PML, RARA",PML,tretinoin
RARA,tretinoin,HCSC,,0,0,0,PA166127725,"Annotation of HCSC Label for tretinoin and PML, RARA",RARA,tretinoin
CYP2D6,vortioxetine,EMA,Actionable PGx,1,1,0,PA166123408,Annotation of EMA Label for vortioxetine and CYP2D6,CYP2D6,vortioxetine
CYP2C19,voriconazole,HCSC,Informative PGx,0,0,0,PA166127730,Annotation of HCSC Label for voriconazole and CYP2C19,CYP2C19,voriconazole
CYP2C9,warfarin,HCSC,Actionable PGx,1,1,0,PA166127732,"Annotation of HCSC Label for warfarin and CYP2C9, VKORC1",CYP2C9,warfarin
VKORC1,warfarin,HCSC,Actionable PGx,1,1,0,PA166127732,"Annotation of HCSC Label for warfarin and CYP2C9, VKORC1",VKORC1,warfarin
ERBB2,trastuzumab emtansine,HCSC,Testing Required,0,0,0,PA166127723,Annotation of HCSC Label for trastuzumab emtansine and ERBB2,ERBB2,trastuzumab emtansine
GBA1,velaglucerase alfa,HCSC,,0,0,0,PA166127727,Annotation of HCSC Label for velaglucerase alfa and GBA1,GBA1,velaglucerase alfa
G6PD,moviprep,HCSC,Informative PGx,0,0,0,PA166127729,Annotation of HCSC Label for moviprep and G6PD,G6PD,moviprep
BRAF,vemurafenib,HCSC,Testing Required,0,0,0,PA166127728,Annotation of HCSC Label for vemurafenib and BRAF,BRAF,vemurafenib
CYP2C19,vonoprazan,FDA,No Clinical PGx,0,0,0,PA166431761,Annotation of FDA Label for vonoprazan and CYP2C19,CYP2C19,vonoprazan
CACNA1S,desflurane,FDA,Actionable PGx,1,0,1,PA166129515,"Annotation of FDA Label for desflurane and CACNA1S, RYR1",CACNA1S,desflurane
RYR1,desflurane,FDA,Actionable PGx,1,0,1,PA166129515,"Annotation of FDA Label for desflurane and CACNA1S, RYR1",RYR1,desflurane
ALK,ceritinib,EMA,Testing Required,0,0,0,PA166129449,Annotation of EMA Label for ceritinib and ALK,ALK,ceritinib
CACNA1S,desflurane,HCSC,Actionable PGx,1,0,1,PA166129516,"Annotation of HCSC Label for desflurane and CACNA1S, RYR1",CACNA1S,desflurane
RYR1,desflurane,HCSC,Actionable PGx,1,0,1,PA166129516,"Annotation of HCSC Label for desflurane and CACNA1S, RYR1",RYR1,desflurane
KRAS,avutometinib,FDA,Testing Required,0,0,0,PA166432281,"Annotation of FDA Label for avutometinib, defactinib and KRAS",KRAS,avutometinib
KRAS,defactinib,FDA,Testing Required,0,0,0,PA166432281,"Annotation of FDA Label for avutometinib, defactinib and KRAS",KRAS,defactinib
KRAS,avutometinib,HCSC,,0,0,0,PA166432301,"Annotation of HCSC Label for avutometinib, defactinib and KRAS",KRAS,avutometinib
KRAS,defactinib,HCSC,,0,0,0,PA166432301,"Annotation of HCSC Label for avutometinib, defactinib and KRAS",KRAS,defactinib
CYP2D6,aripiprazole,HCSC,Actionable PGx,1,1,1,PA166127631,Annotation of HCSC Label for aripiprazole and CYP2D6,CYP2D6,aripiprazole
CYP3A4,posaconazole,EMA,,0,0,0,PA166123418,Annotation of EMA Label for posaconazole and CYP3A4,CYP3A4,posaconazole
CYP3A4,indinavir,EMA,,0,0,0,PA166123419,Annotation of EMA Label for indinavir and CYP3A4,CYP3A4,indinavir
ESR1,anastrozole,HCSC,,0,0,0,PA166127630,"Annotation of HCSC Label for anastrozole and ESR1, ESR2, PGR",ESR1,anastrozole
ESR2,anastrozole,HCSC,,0,0,0,PA166127630,"Annotation of HCSC Label for anastrozole and ESR1, ESR2, PGR",ESR2,anastrozole
PGR,anastrozole,HCSC,,0,0,0,PA166127630,"Annotation of HCSC Label for anastrozole and ESR1, ESR2, PGR",PGR,anastrozole
CYP2D6,galantamine,HCSC,No Clinical PGx,0,0,0,PA166127675,Annotation of HCSC Label for galantamine and CYP2D6,CYP2D6,galantamine
G6PD,dapsone,HCSC,Actionable PGx,1,0,0,PA166127657,Annotation of HCSC Label for dapsone and G6PD,G6PD,dapsone
DPYD,fluorouracil,HCSC,Testing Recommended,1,0,1,PA166127674,Annotation of HCSC Label for fluorouracil and DPYD,DPYD,fluorouracil
HLA-B,abacavir,HCSC,Testing Required,1,0,1,PA166127627,Annotation of HCSC Label for abacavir and HLA-B,HLA-B,abacavir
CYP2D6,darifenacin,HCSC,No Clinical PGx,0,0,0,PA166127659,Annotation of HCSC Label for darifenacin and CYP2D6,CYP2D6,darifenacin
CYP2C19,dexlansoprazole,HCSC,Informative PGx,0,0,0,PA166127661,Annotation of HCSC Label for dexlansoprazole and CYP2C19,CYP2C19,dexlansoprazole
CYP2C19,clopidogrel,HCSC,Actionable PGx,1,0,1,PA166127653,Annotation of HCSC Label for clopidogrel and CYP2C19,CYP2C19,clopidogrel
CYP2B6,efavirenz / emtricitabine / tenofovir disoproxil,HCSC,Informative PGx,0,0,0,PA166127667,Annotation of HCSC Label for efavirenz / emtricitabine / tenofovir disoproxil and CYP2B6,CYP2B6,efavirenz / emtricitabine / tenofovir disoproxil
CYP2D6,codeine,HCSC,Actionable PGx,1,0,1,PA166127654,Annotation of HCSC Label for codeine and CYP2D6,CYP2D6,codeine
CYP2D6,fesoterodine,HCSC,Informative PGx,0,0,0,PA166127673,Annotation of HCSC Label for fesoterodine and CYP2D6,CYP2D6,fesoterodine
G6PD,glyburide,HCSC,Actionable PGx,1,0,1,PA166127677,Annotation of HCSC Label for glyburide and G6PD,G6PD,glyburide
G6PD,glimepiride,HCSC,Actionable PGx,1,0,1,PA166127678,Annotation of HCSC Label for glimepiride and G6PD,G6PD,glimepiride
BRAF,dabrafenib,HCSC,Testing Required,0,0,0,PA166127656,Annotation of HCSC Label for dabrafenib and BRAF,BRAF,dabrafenib
EGFR,gefitinib,HCSC,Testing Required,0,0,0,PA166127676,Annotation of HCSC Label for gefitinib and EGFR,EGFR,gefitinib
CYP2C19,esomeprazole,HCSC,No Clinical PGx,0,0,0,PA166127670,Annotation of HCSC Label for esomeprazole and CYP2C19,CYP2C19,esomeprazole
EGFR,afatinib,HCSC,Testing Required,0,0,0,PA166127629,Annotation of HCSC Label for afatinib and EGFR,EGFR,afatinib
ALK,crizotinib,HCSC,Testing Required,0,0,0,PA166127655,"Annotation of HCSC Label for crizotinib and ALK, ROS1",ALK,crizotinib
ROS1,crizotinib,HCSC,Testing Required,0,0,0,PA166127655,"Annotation of HCSC Label for crizotinib and ALK, ROS1",ROS1,crizotinib
POLG,divalproex sodium,HCSC,Testing Required,1,0,1,PA166127665,Annotation of HCSC Label for divalproex sodium and POLG,POLG,divalproex sodium
EGFR,erlotinib,HCSC,Testing Required,0,0,0,PA166127669,Annotation of HCSC Label for erlotinib and EGFR,EGFR,erlotinib
CACNA1S,isoflurane,HCSC,Actionable PGx,1,0,1,PA166129518,"Annotation of HCSC Label for isoflurane and CACNA1S, RYR1",CACNA1S,isoflurane
RYR1,isoflurane,HCSC,Actionable PGx,1,0,1,PA166129518,"Annotation of HCSC Label for isoflurane and CACNA1S, RYR1",RYR1,isoflurane
CYP3A4,ivabradine,EMA,,0,0,0,PA166123416,Annotation of EMA Label for ivabradine and CYP3A4,CYP3A4,ivabradine
CYP2D6,eliglustat,EMA,Testing Required,1,1,1,PA166129447,Annotation of EMA Label for eliglustat and CYP2D6,CYP2D6,eliglustat
G6PD,sulfadiazine,HCSC,Actionable PGx,1,0,0,PA166127714,Annotation of HCSC Label for sulfadiazine and G6PD,G6PD,sulfadiazine
LDLR,lomitapide,HCSC,,0,0,0,PA166127688,Annotation of HCSC Label for lomitapide and LDLR,LDLR,lomitapide
UGT1A1,irinotecan,HCSC,Testing Recommended,1,1,0,PA166127683,Annotation of HCSC Label for irinotecan and UGT1A1,UGT1A1,irinotecan
G6PD,norfloxacin,HCSC,Informative PGx,0,0,0,PA166127696,Annotation of HCSC Label for norfloxacin and G6PD,G6PD,norfloxacin
G6PD,nitrofurantoin,HCSC,Actionable PGx,1,0,1,PA166127694,Annotation of HCSC Label for nitrofurantoin and G6PD,G6PD,nitrofurantoin
CFTR,ivacaftor,HCSC,Testing Required,0,0,0,PA166127684,Annotation of HCSC Label for ivacaftor and CFTR,CFTR,ivacaftor
G6PD,sulfamethoxazole / trimethoprim,HCSC,Informative PGx,0,0,0,PA166127715,Annotation of HCSC Label for sulfamethoxazole / trimethoprim and G6PD,G6PD,sulfamethoxazole / trimethoprim
NUDT15,mercaptopurine,HCSC,Testing Recommended,1,1,0,PA166127690,"Annotation of HCSC Label for mercaptopurine and NUDT15, TPMT",NUDT15,mercaptopurine
TPMT,mercaptopurine,HCSC,Testing Recommended,1,1,0,PA166127690,"Annotation of HCSC Label for mercaptopurine and NUDT15, TPMT",TPMT,mercaptopurine
HPRT1,mycophenolic acid,HCSC,Actionable PGx,1,0,1,PA166127692,Annotation of HCSC Label for mycophenolic acid and HPRT1,HPRT1,mycophenolic acid
ESR1,tamoxifen,HCSC,Testing Required,0,0,0,PA166127718,"Annotation of HCSC Label for tamoxifen and ESR1, ESR2, PGR",ESR1,tamoxifen
ESR2,tamoxifen,HCSC,Testing Required,0,0,0,PA166127718,"Annotation of HCSC Label for tamoxifen and ESR1, ESR2, PGR",ESR2,tamoxifen
PGR,tamoxifen,HCSC,Testing Required,0,0,0,PA166127718,"Annotation of HCSC Label for tamoxifen and ESR1, ESR2, PGR",PGR,tamoxifen
G6PD,sulfasalazine,HCSC,Actionable PGx,1,0,0,PA166127716,Annotation of HCSC Label for sulfasalazine and G6PD,G6PD,sulfasalazine
CYP2D6,nortriptyline,HCSC,Informative PGx,0,0,0,PA166127697,Annotation of HCSC Label for nortriptyline and CYP2D6,CYP2D6,nortriptyline
CYP3A4,tipranavir,EMA,,0,0,0,PA166123423,Annotation of EMA Label for tipranavir and CYP3A4,CYP3A4,tipranavir
BRAF,trametinib,EMA,Testing Required,0,0,0,PA166129450,Annotation of EMA Label for trametinib and BRAF,BRAF,trametinib
CYP2C9,meloxicam,FDA,Informative PGx,0,0,0,PA166182753,Annotation of FDA Label for meloxicam and CYP2C9,CYP2C9,meloxicam
NUDT15,thioguanine,HCSC,Testing Recommended,1,1,0,PA166127720,"Annotation of HCSC Label for thioguanine and NUDT15, TPMT",NUDT15,thioguanine
TPMT,thioguanine,HCSC,Testing Recommended,1,1,0,PA166127720,"Annotation of HCSC Label for thioguanine and NUDT15, TPMT",TPMT,thioguanine
CACNA1S,sevoflurane,HCSC,Actionable PGx,1,0,1,PA166129520,"Annotation of HCSC Label for sevoflurane and CACNA1S, RYR1",CACNA1S,sevoflurane
RYR1,sevoflurane,HCSC,Actionable PGx,1,0,1,PA166129520,"Annotation of HCSC Label for sevoflurane and CACNA1S, RYR1",RYR1,sevoflurane
ABCG2,sepiapterin,HCSC,,0,0,0,PA166432241,Annotation of HCSC Label for sepiapterin and ABCG2,ABCG2,sepiapterin
CYP2D6,tetrabenazine,HCSC,Actionable PGx,1,0,0,PA166127719,Annotation of HCSC Label for tetrabenazine and CYP2D6,CYP2D6,tetrabenazine
ABCG2,sepiapterin,EMA,,0,0,0,PA166433101,Annotation of EMA Label for sepiapterin and ABCG2,ABCG2,sepiapterin
ABCG2,sepiapterin,FDA,No Clinical PGx,0,0,0,PA166432221,Annotation of FDA Label for sepiapterin and ABCG2,ABCG2,sepiapterin
MT-RNR1,tobramycin,HCSC,Actionable PGx,1,0,1,PA166359261,Annotation of HCSC Label for tobramycin and MT-RNR1,MT-RNR1,tobramycin
NTRK1,entrectinib,FDA,Testing Required,0,0,0,PA166190201,"Annotation of FDA Label for entrectinib and NTRK1, NTRK2, NTRK3, ROS1",NTRK1,entrectinib
NTRK2,entrectinib,FDA,Testing Required,0,0,0,PA166190201,"Annotation of FDA Label for entrectinib and NTRK1, NTRK2, NTRK3, ROS1",NTRK2,entrectinib
NTRK3,entrectinib,FDA,Testing Required,0,0,0,PA166190201,"Annotation of FDA Label for entrectinib and NTRK1, NTRK2, NTRK3, ROS1",NTRK3,entrectinib
ROS1,entrectinib,FDA,Testing Required,0,0,0,PA166190201,"Annotation of FDA Label for entrectinib and NTRK1, NTRK2, NTRK3, ROS1",ROS1,entrectinib
HBB,voxelotor,FDA,,0,0,0,PA166189821,Annotation of FDA Label for voxelotor and HBB,HBB,voxelotor
DMD,golodirsen,FDA,Testing Required,0,0,0,PA166190741,Annotation of FDA Label for golodirsen and DMD,DMD,golodirsen
HBB,crizanlizumab-tmca,FDA,,0,0,0,PA166189982,Annotation of FDA Label for crizanlizumab-tmca and HBB,HBB,crizanlizumab-tmca
CYP2D6,umeclidinium,HCSC,No Clinical PGx,0,0,0,PA166359501,Annotation of HCSC Label for umeclidinium and CYP2D6,CYP2D6,umeclidinium
ALK,ceritinib,FDA,Testing Required,0,0,0,PA166124617,Annotation of FDA Label for ceritinib and ALK,ALK,ceritinib
GBA1,velaglucerase alfa,FDA,,0,0,0,PA166115367,Annotation of FDA Label for velaglucerase alfa and GBA1,GBA1,velaglucerase alfa
CYP2D6,cevimeline,FDA,Actionable PGx,1,0,0,PA166104787,Annotation of FDA Label for cevimeline and CYP2D6,CYP2D6,cevimeline
CYP2D6,venlafaxine,HCSC,No Clinical PGx,0,0,0,PA166359641,Annotation of HCSC Label for venlafaxine and CYP2D6,CYP2D6,venlafaxine
CYP2D6,vortioxetine,HCSC,Informative PGx,0,0,0,PA166127731,Annotation of HCSC Label for vortioxetine and CYP2D6,CYP2D6,vortioxetine
TP53,acalabrutinib,FDA,,0,0,0,PA166433121,Annotation of FDA Label for acalabrutinib and TP53,TP53,acalabrutinib
TP53,acalabrutinib,EMA,,0,0,0,PA166433142,Annotation of EMA Label for acalabrutinib and TP53,TP53,acalabrutinib
G6PD,antithrombotic agents,Swissmedic,Actionable PGx,0,0,0,PA166184423,Annotation of Swissmedic Label for antithrombotic agents and G6PD,G6PD,antithrombotic agents
CYP2D6,atomoxetine,Swissmedic,Actionable PGx,0,0,0,PA166184111,Annotation of Swissmedic Label for atomoxetine and CYP2D6,CYP2D6,atomoxetine
TTR,vutrisiran,EMA,,0,0,0,PA166359681,Annotation of EMA Label for vutrisiran and TTR,TTR,vutrisiran
TP53,acalabrutinib,HCSC,,0,0,0,PA166433161,Annotation of HCSC Label for acalabrutinib and TP53,TP53,acalabrutinib
G6PD,glyburide,Swissmedic,Actionable PGx,0,0,0,PA166184456,Annotation of Swissmedic Label for glyburide and G6PD,G6PD,glyburide
CYP2C9,warfarin,FDA,Actionable PGx,1,1,0,PA166104776,"Annotation of FDA Label for warfarin and CYP2C9, VKORC1",CYP2C9,warfarin
VKORC1,warfarin,FDA,Actionable PGx,1,1,0,PA166104776,"Annotation of FDA Label for warfarin and CYP2C9, VKORC1",VKORC1,warfarin
CYP2D6,"paracetamol, combinations excl. Psycholeptics (Vicks MediNait Sirup)",Swissmedic,Actionable PGx,1,0,0,PA166184223,"Annotation of Swissmedic Label for paracetamol, combinations excl. Psycholeptics (Vicks MediNait Sirup) and CYP2D6, G6PD",CYP2D6,"paracetamol, combinations excl. psycholeptics (vicks medinait sirup)"
G6PD,"paracetamol, combinations excl. Psycholeptics (Vicks MediNait Sirup)",Swissmedic,Actionable PGx,1,0,0,PA166184223,"Annotation of Swissmedic Label for paracetamol, combinations excl. Psycholeptics (Vicks MediNait Sirup) and CYP2D6, G6PD",G6PD,"paracetamol, combinations excl. psycholeptics (vicks medinait sirup)"
PROC,warfarin,FDA,Actionable PGx,1,0,0,PA166359701,"Annotation of FDA Label for warfarin and PROC, PROS1",PROC,warfarin
PROS1,warfarin,FDA,Actionable PGx,1,0,0,PA166359701,"Annotation of FDA Label for warfarin and PROC, PROS1",PROS1,warfarin
CYP2D6,sertindole,Swissmedic,Actionable PGx,0,0,0,PA166184428,Annotation of Swissmedic Label for sertindole and CYP2D6,CYP2D6,sertindole
CYP2D6,umeclidinium,Swissmedic,Informative PGx,0,0,0,PA166184231,Annotation of Swissmedic Label for umeclidinium and CYP2D6,CYP2D6,umeclidinium
G6PD,Vitamin B-complex with vitamin C,Swissmedic,Actionable PGx,0,0,0,PA166184237,Annotation of Swissmedic Label for Vitamin B-complex with vitamin C and G6PD,G6PD,vitamin b-complex with vitamin c
CYP2D6,zuclopenthixol,Swissmedic,,0,0,0,PA166184490,Annotation of Swissmedic Label for zuclopenthixol and CYP2D6,CYP2D6,zuclopenthixol
ABCG2,rosuvastatin,Swissmedic,Actionable PGx,1,1,0,PA166184499,"Annotation of Swissmedic Label for rosuvastatin and ABCG2, SLCO1B1",ABCG2,rosuvastatin
SLCO1B1,rosuvastatin,Swissmedic,Actionable PGx,1,1,0,PA166184499,"Annotation of Swissmedic Label for rosuvastatin and ABCG2, SLCO1B1",SLCO1B1,rosuvastatin
ROS1,taletrectinib,FDA,Testing Required,0,0,0,PA166435961,Annotation of FDA Label for taletrectinib and ROS1,ROS1,taletrectinib
CYP2C19,amitriptyline,HCSC,Actionable PGx,1,1,0,PA166359761,"Annotation of HCSC Label for amitriptyline and CYP2C19, CYP2D6",CYP2C19,amitriptyline
CYP2D6,amitriptyline,HCSC,Actionable PGx,1,1,0,PA166359761,"Annotation of HCSC Label for amitriptyline and CYP2C19, CYP2D6",CYP2D6,amitriptyline
IFNL3,sofosbuvir,Swissmedic,Actionable PGx,1,0,0,PA166184434,"Annotation of Swissmedic Label for sofosbuvir and IFNL3, IFNL4",IFNL3,sofosbuvir
IFNL4,sofosbuvir,Swissmedic,Actionable PGx,1,0,0,PA166184434,"Annotation of Swissmedic Label for sofosbuvir and IFNL3, IFNL4",IFNL4,sofosbuvir
EGFR,sunvozertinib,FDA,Testing Required,0,0,0,PA166436001,Annotation of FDA Label for sunvozertinib and EGFR,EGFR,sunvozertinib
ERBB2,zongertinib,HCSC,,0,0,0,PA166436081,Annotation of HCSC Label for zongertinib and ERBB2,ERBB2,zongertinib
CYP2C9,seladelpar,HCSC,Actionable PGx,1,0,0,PA166436141,Annotation of HCSC Label for seladelpar and CYP2C9,CYP2C9,seladelpar
CYP2D6,bupropion,FDA,,0,0,0,PA166223861,Annotation of FDA Label for bupropion and CYP2D6,CYP2D6,bupropion
GAA,alglucosidase alfa,FDA,Testing Required,0,0,0,PA166223902,Annotation of FDA Label for alglucosidase alfa and GAA,GAA,alglucosidase alfa
PDGFRA,avapritinib,FDA,Testing Required,0,0,0,PA166223941,Annotation of FDA Label for avapritinib and PDGFRA,PDGFRA,avapritinib
HLA-B,oxcarbazepine,HCSC,Testing Recommended,1,0,1,PA166224061,Annotation of HCSC Label for oxcarbazepine and HLA-B,HLA-B,oxcarbazepine
PROC,warfarin,HCSC,Actionable PGx,1,0,0,PA166359721,"Annotation of HCSC Label for warfarin and PROC, PROS1",PROC,warfarin
PROS1,warfarin,HCSC,Actionable PGx,1,0,0,PA166359721,"Annotation of HCSC Label for warfarin and PROC, PROS1",PROS1,warfarin
CYP2D6,escitalopram,FDA,,0,0,0,PA166224121,Annotation of FDA Label for escitalopram and CYP2D6,CYP2D6,escitalopram
NRG1,zenocutuzumab,HCSC,,0,0,0,PA166436121,Annotation of HCSC Label for zenocutuzumab and NRG1,NRG1,zenocutuzumab
HLA-B,lamotrigine,FDA,Actionable PGx,1,0,0,PA166432021,Annotation of FDA Label for lamotrigine and HLA-B,HLA-B,lamotrigine
CD33,gemtuzumab ozogamicin,FDA,Testing Required,0,0,0,PA166224361,Annotation of FDA Label for gemtuzumab ozogamicin and CD33,CD33,gemtuzumab ozogamicin
CYP2D6,citalopram,FDA,No Clinical PGx,0,0,0,PA166224101,Annotation of FDA Label for citalopram and CYP2D6,CYP2D6,citalopram
AQP4,inebilizumab,FDA,,0,0,0,PA166224961,Annotation of FDA Label for inebilizumab and AQP4,AQP4,inebilizumab
CYP2D6,oliceridine,FDA,Actionable PGx,1,1,0,PA166225161,Annotation of FDA Label for oliceridine and CYP2D6,CYP2D6,oliceridine
MYD88,ibrutinib,FDA,,0,0,0,PA166224441,Annotation of FDA Label for ibrutinib and MYD88,MYD88,ibrutinib
AQP4,eculizumab,FDA,,0,0,0,PA166224221,"Annotation of FDA Label for eculizumab and AQP4, CHRNA1, CHRNA3, CHRNA4, CHRNA5, CHRNA6, CHRNA7, CHRNB1, CHRNE",AQP4,eculizumab
CHRNA1,eculizumab,FDA,,0,0,0,PA166224221,"Annotation of FDA Label for eculizumab and AQP4, CHRNA1, CHRNA3, CHRNA4, CHRNA5, CHRNA6, CHRNA7, CHRNB1, CHRNE",CHRNA1,eculizumab
CHRNA3,eculizumab,FDA,,0,0,0,PA166224221,"Annotation of FDA Label for eculizumab and AQP4, CHRNA1, CHRNA3, CHRNA4, CHRNA5, CHRNA6, CHRNA7, CHRNB1, CHRNE",CHRNA3,eculizumab
CHRNA4,eculizumab,FDA,,0,0,0,PA166224221,"Annotation of FDA Label for eculizumab and AQP4, CHRNA1, CHRNA3, CHRNA4, CHRNA5, CHRNA6, CHRNA7, CHRNB1, CHRNE",CHRNA4,eculizumab
CHRNA5,eculizumab,FDA,,0,0,0,PA166224221,"Annotation of FDA Label for eculizumab and AQP4, CHRNA1, CHRNA3, CHRNA4, CHRNA5, CHRNA6, CHRNA7, CHRNB1, CHRNE",CHRNA5,eculizumab
CHRNA6,eculizumab,FDA,,0,0,0,PA166224221,"Annotation of FDA Label for eculizumab and AQP4, CHRNA1, CHRNA3, CHRNA4, CHRNA5, CHRNA6, CHRNA7, CHRNB1, CHRNE",CHRNA6,eculizumab
CHRNA7,eculizumab,FDA,,0,0,0,PA166224221,"Annotation of FDA Label for eculizumab and AQP4, CHRNA1, CHRNA3, CHRNA4, CHRNA5, CHRNA6, CHRNA7, CHRNB1, CHRNE",CHRNA7,eculizumab
CHRNB1,eculizumab,FDA,,0,0,0,PA166224221,"Annotation of FDA Label for eculizumab and AQP4, CHRNA1, CHRNA3, CHRNA4, CHRNA5, CHRNA6, CHRNA7, CHRNB1, CHRNE",CHRNB1,eculizumab
CHRNE,eculizumab,FDA,,0,0,0,PA166224221,"Annotation of FDA Label for eculizumab and AQP4, CHRNA1, CHRNA3, CHRNA4, CHRNA5, CHRNA6, CHRNA7, CHRNB1, CHRNE",CHRNE,eculizumab
ERBB2,sevabertinib,FDA,Testing Required,0,0,0,PA166432721,Annotation of FDA Label for sevabertinib and ERBB2,ERBB2,sevabertinib
TNFRSF8,brentuximab vedotin,FDA,,0,0,0,PA166185145,Annotation of FDA Label for brentuximab vedotin and TNFRSF8,TNFRSF8,brentuximab vedotin
NAT2,amifampridine phosphate,HCSC,Actionable PGx,1,1,0,PA166227321,Annotation of HCSC Label for amifampridine phosphate and NAT2,NAT2,amifampridine phosphate
KRAS,ramucirumab,EMA,,0,0,0,PA166227161,Annotation of EMA Label for ramucirumab and KRAS,KRAS,ramucirumab
NAT2,amifampridine phosphate,EMA,Informative PGx,0,0,0,PA166227221,Annotation of EMA Label for amifampridine phosphate and NAT2,NAT2,amifampridine phosphate
GAA,alglucosidase alfa,EMA,Testing Required,0,0,0,PA166227101,Annotation of EMA Label for alglucosidase alfa and GAA,GAA,alglucosidase alfa
GAA,alglucosidase alfa,HCSC,Testing Required,0,0,0,PA166227121,Annotation of HCSC Label for alglucosidase alfa and GAA,GAA,alglucosidase alfa
EGFR,ramucirumab,EMA,Testing Required,0,0,0,PA166227141,Annotation of EMA Label for ramucirumab and EGFR,EGFR,ramucirumab
CYP2D6,brexpiprazole,FDA,Actionable PGx,1,1,0,PA166160054,Annotation of FDA Label for brexpiprazole and CYP2D6,CYP2D6,brexpiprazole
ERBB2,sevabertinib,HCSC,Testing Required,0,0,0,PA166436045,Annotation of HCSC Label for sevabertinib and ERBB2,ERBB2,sevabertinib
ERBB2,alpelisib,EMA,Testing Required,0,0,0,PA166227181,"Annotation of EMA Label for alpelisib and ERBB2, ESR1, ESR2, PIK3CA",ERBB2,alpelisib
ESR1,alpelisib,EMA,Testing Required,0,0,0,PA166227181,"Annotation of EMA Label for alpelisib and ERBB2, ESR1, ESR2, PIK3CA",ESR1,alpelisib
ESR2,alpelisib,EMA,Testing Required,0,0,0,PA166227181,"Annotation of EMA Label for alpelisib and ERBB2, ESR1, ESR2, PIK3CA",ESR2,alpelisib
PIK3CA,alpelisib,EMA,Testing Required,0,0,0,PA166227181,"Annotation of EMA Label for alpelisib and ERBB2, ESR1, ESR2, PIK3CA",PIK3CA,alpelisib
ERBB2,alpelisib,HCSC,Testing Required,0,0,0,PA166227201,"Annotation of HCSC Label for alpelisib and ERBB2, ESR1, ESR2, PIK3CA",ERBB2,alpelisib
ESR1,alpelisib,HCSC,Testing Required,0,0,0,PA166227201,"Annotation of HCSC Label for alpelisib and ERBB2, ESR1, ESR2, PIK3CA",ESR1,alpelisib
ESR2,alpelisib,HCSC,Testing Required,0,0,0,PA166227201,"Annotation of HCSC Label for alpelisib and ERBB2, ESR1, ESR2, PIK3CA",ESR2,alpelisib
PIK3CA,alpelisib,HCSC,Testing Required,0,0,0,PA166227201,"Annotation of HCSC Label for alpelisib and ERBB2, ESR1, ESR2, PIK3CA",PIK3CA,alpelisib
RET,pralsetinib,FDA,Testing Required,0,0,0,PA166235981,Annotation of FDA Label for pralsetinib and RET,RET,pralsetinib
AGPAT2,metreleptin,FDA,Testing Required,0,0,0,PA166235921,"Annotation of FDA Label for metreleptin and AGPAT2, BSCL2, LEP",AGPAT2,metreleptin
BSCL2,metreleptin,FDA,Testing Required,0,0,0,PA166235921,"Annotation of FDA Label for metreleptin and AGPAT2, BSCL2, LEP",BSCL2,metreleptin
LEP,metreleptin,FDA,Testing Required,0,0,0,PA166235921,"Annotation of FDA Label for metreleptin and AGPAT2, BSCL2, LEP",LEP,metreleptin
AGXT,lumasiran,FDA,,0,0,0,PA166235361,Annotation of FDA Label for lumasiran and AGXT,AGXT,lumasiran
CD274,retifanlimab,FDA,,0,0,0,PA166436661,Annotation of FDA Label for retifanlimab and CD274,CD274,retifanlimab
SLCO1B1,fenofibrate,Swissmedic,Actionable PGx,0,0,0,PA166184430,"Annotation of Swissmedic Label for fenofibrate, simvastatin and SLCO1B1",SLCO1B1,fenofibrate
SLCO1B1,simvastatin,Swissmedic,Actionable PGx,0,0,0,PA166184430,"Annotation of Swissmedic Label for fenofibrate, simvastatin and SLCO1B1",SLCO1B1,simvastatin
IFNL3,ombitasvir / paritaprevir / ritonavir,Swissmedic,Actionable PGx,0,0,0,PA166184158,"Annotation of Swissmedic Label for ombitasvir / paritaprevir / ritonavir and IFNL3, IFNL4",IFNL3,ombitasvir / paritaprevir / ritonavir
IFNL4,ombitasvir / paritaprevir / ritonavir,Swissmedic,Actionable PGx,0,0,0,PA166184158,"Annotation of Swissmedic Label for ombitasvir / paritaprevir / ritonavir and IFNL3, IFNL4",IFNL4,ombitasvir / paritaprevir / ritonavir
CYP2B6,prasugrel,Swissmedic,Informative PGx,0,0,0,PA166184394,"Annotation of Swissmedic Label for prasugrel and CYP2B6, CYP2C19, CYP2C9, CYP3A5",CYP2B6,prasugrel
CYP2C19,prasugrel,Swissmedic,Informative PGx,0,0,0,PA166184394,"Annotation of Swissmedic Label for prasugrel and CYP2B6, CYP2C19, CYP2C9, CYP3A5",CYP2C19,prasugrel
CYP2C9,prasugrel,Swissmedic,Informative PGx,0,0,0,PA166184394,"Annotation of Swissmedic Label for prasugrel and CYP2B6, CYP2C19, CYP2C9, CYP3A5",CYP2C9,prasugrel
CYP3A5,prasugrel,Swissmedic,Informative PGx,0,0,0,PA166184394,"Annotation of Swissmedic Label for prasugrel and CYP2B6, CYP2C19, CYP2C9, CYP3A5",CYP3A5,prasugrel
BLVRB,methylene blue,PMDA,Actionable PGx,0,0,0,PA166160718,"Annotation of PMDA Label for methylene blue and BLVRB, G6PD",BLVRB,methylene blue
G6PD,methylene blue,PMDA,Actionable PGx,0,0,0,PA166160718,"Annotation of PMDA Label for methylene blue and BLVRB, G6PD",G6PD,methylene blue
EGFR,cetuximab,PMDA,Testing Required,0,0,0,PA166160274,"Annotation of PMDA Label for cetuximab and EGFR, KRAS",EGFR,cetuximab
KRAS,cetuximab,PMDA,Testing Required,0,0,0,PA166160274,"Annotation of PMDA Label for cetuximab and EGFR, KRAS",KRAS,cetuximab
ERBB2,everolimus,PMDA,Testing Required,0,0,0,PA166160711,"Annotation of PMDA Label for everolimus and ERBB2, ESR1, ESR2",ERBB2,everolimus
ESR1,everolimus,PMDA,Testing Required,0,0,0,PA166160711,"Annotation of PMDA Label for everolimus and ERBB2, ESR1, ESR2",ESR1,everolimus
ESR2,everolimus,PMDA,Testing Required,0,0,0,PA166160711,"Annotation of PMDA Label for everolimus and ERBB2, ESR1, ESR2",ESR2,everolimus
CYP2D6,tolterodine,Swissmedic,Actionable PGx,0,0,0,PA166184426,"Annotation of Swissmedic Label for tolterodine and CYP2D6, CYP3A4",CYP2D6,tolterodine
CYP3A4,tolterodine,Swissmedic,Actionable PGx,0,0,0,PA166184426,"Annotation of Swissmedic Label for tolterodine and CYP2D6, CYP3A4",CYP3A4,tolterodine
BRCA1,rucaparib,FDA,Testing Required,0,0,0,PA166163419,"Annotation of FDA Label for rucaparib and BRCA1, BRCA2",BRCA1,rucaparib
BRCA2,rucaparib,FDA,Testing Required,0,0,0,PA166163419,"Annotation of FDA Label for rucaparib and BRCA1, BRCA2",BRCA2,rucaparib
CYP1A2,olanzapine,EMA,,0,0,0,PA166104915,"Annotation of EMA Label for olanzapine and CYP1A2, CYP2D6",CYP1A2,olanzapine
CYP2D6,olanzapine,EMA,,0,0,0,PA166104915,"Annotation of EMA Label for olanzapine and CYP1A2, CYP2D6",CYP2D6,olanzapine
PML,tretinoin,FDA,Testing Required,0,0,0,PA166104817,"Annotation of FDA Label for tretinoin and PML, RARA",PML,tretinoin
RARA,tretinoin,FDA,Testing Required,0,0,0,PA166104817,"Annotation of FDA Label for tretinoin and PML, RARA",RARA,tretinoin
ESR1,tamoxifen,FDA,Testing Required,0,0,0,PA166104819,"Annotation of FDA Label for tamoxifen and ESR1, ESR2, PGR",ESR1,tamoxifen
ESR2,tamoxifen,FDA,Testing Required,0,0,0,PA166104819,"Annotation of FDA Label for tamoxifen and ESR1, ESR2, PGR",ESR2,tamoxifen
PGR,tamoxifen,FDA,Testing Required,0,0,0,PA166104819,"Annotation of FDA Label for tamoxifen and ESR1, ESR2, PGR",PGR,tamoxifen
F5,eltrombopag,EMA,Actionable PGx,1,0,0,PA166104907,"Annotation of EMA Label for eltrombopag and F5, SERPINC1",F5,eltrombopag
SERPINC1,eltrombopag,EMA,Actionable PGx,1,0,0,PA166104907,"Annotation of EMA Label for eltrombopag and F5, SERPINC1",SERPINC1,eltrombopag
ALK,ramucirumab,FDA,Testing Required,0,0,0,PA166184560,"Annotation of FDA Label for ramucirumab and ALK, EGFR",ALK,ramucirumab
EGFR,ramucirumab,FDA,Testing Required,0,0,0,PA166184560,"Annotation of FDA Label for ramucirumab and ALK, EGFR",EGFR,ramucirumab
ALK,crizotinib,EMA,Testing Required,0,0,0,PA166104909,"Annotation of EMA Label for crizotinib and ALK, ROS1",ALK,crizotinib
ROS1,crizotinib,EMA,Testing Required,0,0,0,PA166104909,"Annotation of EMA Label for crizotinib and ALK, ROS1",ROS1,crizotinib
PML,arsenic trioxide,HCSC,Testing Required,0,0,0,PA166127632,"Annotation of HCSC Label for arsenic trioxide and PML, RARA",PML,arsenic trioxide
RARA,arsenic trioxide,HCSC,Testing Required,0,0,0,PA166127632,"Annotation of HCSC Label for arsenic trioxide and PML, RARA",RARA,arsenic trioxide
PML,arsenic trioxide,EMA,Testing Required,0,0,0,PA166104821,"Annotation of EMA Label for arsenic trioxide and PML, RARA",PML,arsenic trioxide
RARA,arsenic trioxide,EMA,Testing Required,0,0,0,PA166104821,"Annotation of EMA Label for arsenic trioxide and PML, RARA",RARA,arsenic trioxide
KRAS,panitumumab,HCSC,Testing Required,0,0,0,PA166127699,"Annotation of HCSC Label for panitumumab and KRAS, NRAS",KRAS,panitumumab
NRAS,panitumumab,HCSC,Testing Required,0,0,0,PA166127699,"Annotation of HCSC Label for panitumumab and KRAS, NRAS",NRAS,panitumumab
ERBB2,everolimus,EMA,Testing Required,0,0,0,PA166104911,"Annotation of EMA Label for everolimus and ERBB2, ESR1, ESR2",ERBB2,everolimus
ESR1,everolimus,EMA,Testing Required,0,0,0,PA166104911,"Annotation of EMA Label for everolimus and ERBB2, ESR1, ESR2",ESR1,everolimus
ESR2,everolimus,EMA,Testing Required,0,0,0,PA166104911,"Annotation of EMA Label for everolimus and ERBB2, ESR1, ESR2",ESR2,everolimus
ERBB2,fulvestrant,EMA,Testing Required,0,0,0,PA166104919,"Annotation of EMA Label for fulvestrant and ERBB2, ESR1, ESR2, PGR",ERBB2,fulvestrant
ESR1,fulvestrant,EMA,Testing Required,0,0,0,PA166104919,"Annotation of EMA Label for fulvestrant and ERBB2, ESR1, ESR2, PGR",ESR1,fulvestrant
ESR2,fulvestrant,EMA,Testing Required,0,0,0,PA166104919,"Annotation of EMA Label for fulvestrant and ERBB2, ESR1, ESR2, PGR",ESR2,fulvestrant
PGR,fulvestrant,EMA,Testing Required,0,0,0,PA166104919,"Annotation of EMA Label for fulvestrant and ERBB2, ESR1, ESR2, PGR",PGR,fulvestrant
KRAS,panitumumab,FDA,Testing Required,0,0,0,PA166104809,"Annotation of FDA Label for panitumumab and KRAS, NRAS",KRAS,panitumumab
NRAS,panitumumab,FDA,Testing Required,0,0,0,PA166104809,"Annotation of FDA Label for panitumumab and KRAS, NRAS",NRAS,panitumumab
G6PD,glimepiride,EMA,Actionable PGx,1,0,1,PA166120370,"Annotation of EMA Label for glimepiride, pioglitazone and G6PD",G6PD,glimepiride
G6PD,pioglitazone,EMA,Actionable PGx,1,0,1,PA166120370,"Annotation of EMA Label for glimepiride, pioglitazone and G6PD",G6PD,pioglitazone
ABL1,dasatinib,EMA,Testing Required,0,0,0,PA166104914,"Annotation of EMA Label for dasatinib and ABL1, BCR",ABL1,dasatinib
BCR,dasatinib,EMA,Testing Required,0,0,0,PA166104914,"Annotation of EMA Label for dasatinib and ABL1, BCR",BCR,dasatinib
ERBB2,abemaciclib,EMA,Testing Required,0,0,0,PA166182923,"Annotation of EMA Label for abemaciclib and ERBB2, ESR1, ESR2, PGR",ERBB2,abemaciclib
ESR1,abemaciclib,EMA,Testing Required,0,0,0,PA166182923,"Annotation of EMA Label for abemaciclib and ERBB2, ESR1, ESR2, PGR",ESR1,abemaciclib
ESR2,abemaciclib,EMA,Testing Required,0,0,0,PA166182923,"Annotation of EMA Label for abemaciclib and ERBB2, ESR1, ESR2, PGR",ESR2,abemaciclib
PGR,abemaciclib,EMA,Testing Required,0,0,0,PA166182923,"Annotation of EMA Label for abemaciclib and ERBB2, ESR1, ESR2, PGR",PGR,abemaciclib
HLA-A,carbamazepine,HCSC,Testing Recommended,1,0,1,PA166127645,"Annotation of HCSC Label for carbamazepine and HLA-A, HLA-B",HLA-A,carbamazepine
HLA-B,carbamazepine,HCSC,Testing Recommended,1,0,1,PA166127645,"Annotation of HCSC Label for carbamazepine and HLA-A, HLA-B",HLA-B,carbamazepine
EGFR,cetuximab,HCSC,Testing Required,0,0,0,PA166127648,"Annotation of HCSC Label for cetuximab and EGFR, KRAS, NRAS",EGFR,cetuximab
KRAS,cetuximab,HCSC,Testing Required,0,0,0,PA166127648,"Annotation of HCSC Label for cetuximab and EGFR, KRAS, NRAS",KRAS,cetuximab
NRAS,cetuximab,HCSC,Testing Required,0,0,0,PA166127648,"Annotation of HCSC Label for cetuximab and EGFR, KRAS, NRAS",NRAS,cetuximab
HRAS,trametinib,FDA,,0,0,0,PA166170938,"Annotation of FDA Label for trametinib and HRAS, KRAS, NRAS",HRAS,trametinib
KRAS,trametinib,FDA,,0,0,0,PA166170938,"Annotation of FDA Label for trametinib and HRAS, KRAS, NRAS",KRAS,trametinib
NRAS,trametinib,FDA,,0,0,0,PA166170938,"Annotation of FDA Label for trametinib and HRAS, KRAS, NRAS",NRAS,trametinib
ABL1,imatinib,EMA,Testing Required,0,0,0,PA166104926,"Annotation of EMA Label for imatinib and ABL1, BCR, FIP1L1, KIT, PDGFRA, PDGFRB",ABL1,imatinib
BCR,imatinib,EMA,Testing Required,0,0,0,PA166104926,"Annotation of EMA Label for imatinib and ABL1, BCR, FIP1L1, KIT, PDGFRA, PDGFRB",BCR,imatinib
FIP1L1,imatinib,EMA,Testing Required,0,0,0,PA166104926,"Annotation of EMA Label for imatinib and ABL1, BCR, FIP1L1, KIT, PDGFRA, PDGFRB",FIP1L1,imatinib
KIT,imatinib,EMA,Testing Required,0,0,0,PA166104926,"Annotation of EMA Label for imatinib and ABL1, BCR, FIP1L1, KIT, PDGFRA, PDGFRB",KIT,imatinib
PDGFRA,imatinib,EMA,Testing Required,0,0,0,PA166104926,"Annotation of EMA Label for imatinib and ABL1, BCR, FIP1L1, KIT, PDGFRA, PDGFRB",PDGFRA,imatinib
PDGFRB,imatinib,EMA,Testing Required,0,0,0,PA166104926,"Annotation of EMA Label for imatinib and ABL1, BCR, FIP1L1, KIT, PDGFRA, PDGFRB",PDGFRB,imatinib
G6PD,acetaminophen,Swissmedic,Actionable PGx,1,0,0,PA166184224,"Annotation of Swissmedic Label for acetaminophen, acetaminophen / tramadol and G6PD",G6PD,acetaminophen
G6PD,acetaminophen / tramadol,Swissmedic,Actionable PGx,1,0,0,PA166184224,"Annotation of Swissmedic Label for acetaminophen, acetaminophen / tramadol and G6PD",G6PD,acetaminophen / tramadol
CYP2D6,quinine,FDA,,0,0,0,PA166105232,Annotation of FDA Label for quinine and CYP2D6,CYP2D6,quinine
PML,arsenic trioxide,PMDA,Testing Required,0,0,0,PA166123527,"Annotation of PMDA Label for arsenic trioxide and PML, RARA",PML,arsenic trioxide
RARA,arsenic trioxide,PMDA,Testing Required,0,0,0,PA166123527,"Annotation of PMDA Label for arsenic trioxide and PML, RARA",RARA,arsenic trioxide
HLA-A,carbamazepine,PMDA,Actionable PGx,0,0,0,PA166123532,"Annotation of PMDA Label for carbamazepine and HLA-A, HLA-B",HLA-A,carbamazepine
HLA-B,carbamazepine,PMDA,Actionable PGx,0,0,0,PA166123532,"Annotation of PMDA Label for carbamazepine and HLA-A, HLA-B",HLA-B,carbamazepine
ESR1,fulvestrant,PMDA,Testing Required,0,0,0,PA166123540,"Annotation of PMDA Label for fulvestrant and ESR1, ESR2",ESR1,fulvestrant
ESR2,fulvestrant,PMDA,Testing Required,0,0,0,PA166123540,"Annotation of PMDA Label for fulvestrant and ESR1, ESR2",ESR2,fulvestrant
CYP2D6,gefitinib,PMDA,Testing Required,0,0,0,PA166123541,"Annotation of PMDA Label for gefitinib and CYP2D6, EGFR",CYP2D6,gefitinib
EGFR,gefitinib,PMDA,Testing Required,0,0,0,PA166123541,"Annotation of PMDA Label for gefitinib and CYP2D6, EGFR",EGFR,gefitinib
ABL1,imatinib,PMDA,Testing Required,0,0,0,PA166123542,"Annotation of PMDA Label for imatinib and ABL1, BCR",ABL1,imatinib
BCR,imatinib,PMDA,Testing Required,0,0,0,PA166123542,"Annotation of PMDA Label for imatinib and ABL1, BCR",BCR,imatinib
ERBB2,lapatinib,PMDA,Testing Required,0,0,0,PA166123544,"Annotation of PMDA Label for lapatinib and ERBB2, HLA-DQA1, HLA-DRB1",ERBB2,lapatinib
HLA-DQA1,lapatinib,PMDA,Testing Required,0,0,0,PA166123544,"Annotation of PMDA Label for lapatinib and ERBB2, HLA-DQA1, HLA-DRB1",HLA-DQA1,lapatinib
HLA-DRB1,lapatinib,PMDA,Testing Required,0,0,0,PA166123544,"Annotation of PMDA Label for lapatinib and ERBB2, HLA-DQA1, HLA-DRB1",HLA-DRB1,lapatinib
CPS1,valproic acid,PMDA,Actionable PGx,0,0,0,PA166123552,"Annotation of PMDA Label for valproic acid and CPS1, OTC",CPS1,valproic acid
OTC,valproic acid,PMDA,Actionable PGx,0,0,0,PA166123552,"Annotation of PMDA Label for valproic acid and CPS1, OTC",OTC,valproic acid
BLVRB,methylene blue,EMA,Actionable PGx,1,0,1,PA166104823,"Annotation of EMA Label for methylene blue and BLVRB, G6PD",BLVRB,methylene blue
G6PD,methylene blue,EMA,Actionable PGx,1,0,1,PA166104823,"Annotation of EMA Label for methylene blue and BLVRB, G6PD",G6PD,methylene blue
ABL1,nilotinib,EMA,Testing Required,0,0,0,PA166105334,"Annotation of EMA Label for nilotinib and ABL1, BCR",ABL1,nilotinib
BCR,nilotinib,EMA,Testing Required,0,0,0,PA166105334,"Annotation of EMA Label for nilotinib and ABL1, BCR",BCR,nilotinib
ABL1,imatinib,HCSC,Testing Required,0,0,0,PA166127682,"Annotation of HCSC Label for imatinib and ABL1, BCR, FIP1L1, KIT, PDGFRA, PDGFRB",ABL1,imatinib
BCR,imatinib,HCSC,Testing Required,0,0,0,PA166127682,"Annotation of HCSC Label for imatinib and ABL1, BCR, FIP1L1, KIT, PDGFRA, PDGFRB",BCR,imatinib
FIP1L1,imatinib,HCSC,Testing Required,0,0,0,PA166127682,"Annotation of HCSC Label for imatinib and ABL1, BCR, FIP1L1, KIT, PDGFRA, PDGFRB",FIP1L1,imatinib
KIT,imatinib,HCSC,Testing Required,0,0,0,PA166127682,"Annotation of HCSC Label for imatinib and ABL1, BCR, FIP1L1, KIT, PDGFRA, PDGFRB",KIT,imatinib
PDGFRA,imatinib,HCSC,Testing Required,0,0,0,PA166127682,"Annotation of HCSC Label for imatinib and ABL1, BCR, FIP1L1, KIT, PDGFRA, PDGFRB",PDGFRA,imatinib
PDGFRB,imatinib,HCSC,Testing Required,0,0,0,PA166127682,"Annotation of HCSC Label for imatinib and ABL1, BCR, FIP1L1, KIT, PDGFRA, PDGFRB",PDGFRB,imatinib
NUDT15,mercaptopurine,Swissmedic,Actionable PGx,1,0,0,PA166183781,"Annotation of Swissmedic Label for mercaptopurine and NUDT15, TPMT",NUDT15,mercaptopurine
TPMT,mercaptopurine,Swissmedic,Actionable PGx,1,0,0,PA166183781,"Annotation of Swissmedic Label for mercaptopurine and NUDT15, TPMT",TPMT,mercaptopurine
F5,eltrombopag,HCSC,Actionable PGx,1,0,0,PA166127668,"Annotation of HCSC Label for eltrombopag and F5, SERPINC1",F5,eltrombopag
SERPINC1,eltrombopag,HCSC,Actionable PGx,1,0,0,PA166127668,"Annotation of HCSC Label for eltrombopag and F5, SERPINC1",SERPINC1,eltrombopag
CYP2B6,ospemifene,FDA,,0,0,0,PA166185190,"Annotation of FDA Label for ospemifene and CYP2B6, CYP2C9",CYP2B6,ospemifene
CYP2C9,ospemifene,FDA,,0,0,0,PA166185190,"Annotation of FDA Label for ospemifene and CYP2B6, CYP2C9",CYP2C9,ospemifene
OTC,valproic acid,HCSC,Actionable PGx,1,0,1,PA166127726,"Annotation of HCSC Label for valproic acid and OTC, POLG",OTC,valproic acid
POLG,valproic acid,HCSC,Actionable PGx,1,0,1,PA166127726,"Annotation of HCSC Label for valproic acid and OTC, POLG",POLG,valproic acid
ERBB2,lapatinib,HCSC,Testing Required,0,0,0,PA166127685,Annotation of HCSC Label for lapatinib and ERBB2,ERBB2,lapatinib
AQP4,satralizumab,FDA,,0,0,0,PA166236241,"Annotation of FDA Label for satralizumab and AQP4, IL6R",AQP4,satralizumab
IL6R,satralizumab,FDA,,0,0,0,PA166236241,"Annotation of FDA Label for satralizumab and AQP4, IL6R",IL6R,satralizumab
CYB5R3,chloroprocaine,FDA,Actionable PGx,1,0,0,PA166182759,"Annotation of FDA Label for chloroprocaine and CYB5R3, G6PD",CYB5R3,chloroprocaine
G6PD,chloroprocaine,FDA,Actionable PGx,1,0,0,PA166182759,"Annotation of FDA Label for chloroprocaine and CYB5R3, G6PD",G6PD,chloroprocaine
CACNA1S,isoflurane,FDA,Actionable PGx,1,0,1,PA166129517,"Annotation of FDA Label for isoflurane and CACNA1S, RYR1",CACNA1S,isoflurane
RYR1,isoflurane,FDA,Actionable PGx,1,0,1,PA166129517,"Annotation of FDA Label for isoflurane and CACNA1S, RYR1",RYR1,isoflurane
LEPR,setmelanotide,FDA,Testing Required,0,0,0,PA166235941,"Annotation of FDA Label for setmelanotide and LEPR, PCSK1, POMC",LEPR,setmelanotide
PCSK1,setmelanotide,FDA,Testing Required,0,0,0,PA166235941,"Annotation of FDA Label for setmelanotide and LEPR, PCSK1, POMC",PCSK1,setmelanotide
POMC,setmelanotide,FDA,Testing Required,0,0,0,PA166235941,"Annotation of FDA Label for setmelanotide and LEPR, PCSK1, POMC",POMC,setmelanotide
CYP2D6,ritonavir,EMA,,0,0,0,PA166123410,"Annotation of EMA Label for ritonavir and CYP2D6, CYP3A4",CYP2D6,ritonavir
CYP3A4,ritonavir,EMA,,0,0,0,PA166123410,"Annotation of EMA Label for ritonavir and CYP2D6, CYP3A4",CYP3A4,ritonavir
PML,tretinoin,PMDA,,0,0,0,PA166123551,"Annotation of PMDA Label for tretinoin and PML, RARA",PML,tretinoin
RARA,tretinoin,PMDA,,0,0,0,PA166123551,"Annotation of PMDA Label for tretinoin and PML, RARA",RARA,tretinoin
ERBB2,lapatinib,EMA,Testing Required,0,0,0,PA166104840,"Annotation of EMA Label for lapatinib and ERBB2, ESR1, ESR2",ERBB2,lapatinib
ESR1,lapatinib,EMA,Testing Required,0,0,0,PA166104840,"Annotation of EMA Label for lapatinib and ERBB2, ESR1, ESR2",ESR1,lapatinib
ESR2,lapatinib,EMA,Testing Required,0,0,0,PA166104840,"Annotation of EMA Label for lapatinib and ERBB2, ESR1, ESR2",ESR2,lapatinib
ERBB2,ribociclib,EMA,Testing Required,0,0,0,PA166183421,"Annotation of EMA Label for ribociclib and ERBB2, ESR1, ESR2, PGR",ERBB2,ribociclib
ESR1,ribociclib,EMA,Testing Required,0,0,0,PA166183421,"Annotation of EMA Label for ribociclib and ERBB2, ESR1, ESR2, PGR",ESR1,ribociclib
ESR2,ribociclib,EMA,Testing Required,0,0,0,PA166183421,"Annotation of EMA Label for ribociclib and ERBB2, ESR1, ESR2, PGR",ESR2,ribociclib
PGR,ribociclib,EMA,Testing Required,0,0,0,PA166183421,"Annotation of EMA Label for ribociclib and ERBB2, ESR1, ESR2, PGR",PGR,ribociclib
ESR1,letrozole,HCSC,Testing Required,0,0,0,PA166127687,"Annotation of HCSC Label for letrozole and ESR1, ESR2, PGR",ESR1,letrozole
ESR2,letrozole,HCSC,Testing Required,0,0,0,PA166127687,"Annotation of HCSC Label for letrozole and ESR1, ESR2, PGR",ESR2,letrozole
PGR,letrozole,HCSC,Testing Required,0,0,0,PA166127687,"Annotation of HCSC Label for letrozole and ESR1, ESR2, PGR",PGR,letrozole
ABL1,nilotinib,HCSC,Testing Required,0,0,0,PA166127693,"Annotation of HCSC Label for nilotinib and ABL1, BCR",ABL1,nilotinib
BCR,nilotinib,HCSC,Testing Required,0,0,0,PA166127693,"Annotation of HCSC Label for nilotinib and ABL1, BCR",BCR,nilotinib
ASS1,sodium phenylbutyrate,HCSC,,0,0,0,PA166127712,"Annotation of HCSC Label for sodium phenylbutyrate and ASS1, CPS1, OTC",ASS1,sodium phenylbutyrate
CPS1,sodium phenylbutyrate,HCSC,,0,0,0,PA166127712,"Annotation of HCSC Label for sodium phenylbutyrate and ASS1, CPS1, OTC",CPS1,sodium phenylbutyrate
OTC,sodium phenylbutyrate,HCSC,,0,0,0,PA166127712,"Annotation of HCSC Label for sodium phenylbutyrate and ASS1, CPS1, OTC",OTC,sodium phenylbutyrate
F2,ethinyl estradiol / norelgestromin,HCSC,Actionable PGx,1,0,1,PA166127695,"Annotation of HCSC Label for ethinyl estradiol / norelgestromin and F2, F5, MTHFR, PROC, PROS1, SERPINC1",F2,ethinyl estradiol / norelgestromin
F5,ethinyl estradiol / norelgestromin,HCSC,Actionable PGx,1,0,1,PA166127695,"Annotation of HCSC Label for ethinyl estradiol / norelgestromin and F2, F5, MTHFR, PROC, PROS1, SERPINC1",F5,ethinyl estradiol / norelgestromin
MTHFR,ethinyl estradiol / norelgestromin,HCSC,Actionable PGx,1,0,1,PA166127695,"Annotation of HCSC Label for ethinyl estradiol / norelgestromin and F2, F5, MTHFR, PROC, PROS1, SERPINC1",MTHFR,ethinyl estradiol / norelgestromin
PROC,ethinyl estradiol / norelgestromin,HCSC,Actionable PGx,1,0,1,PA166127695,"Annotation of HCSC Label for ethinyl estradiol / norelgestromin and F2, F5, MTHFR, PROC, PROS1, SERPINC1",PROC,ethinyl estradiol / norelgestromin
PROS1,ethinyl estradiol / norelgestromin,HCSC,Actionable PGx,1,0,1,PA166127695,"Annotation of HCSC Label for ethinyl estradiol / norelgestromin and F2, F5, MTHFR, PROC, PROS1, SERPINC1",PROS1,ethinyl estradiol / norelgestromin
SERPINC1,ethinyl estradiol / norelgestromin,HCSC,Actionable PGx,1,0,1,PA166127695,"Annotation of HCSC Label for ethinyl estradiol / norelgestromin and F2, F5, MTHFR, PROC, PROS1, SERPINC1",SERPINC1,ethinyl estradiol / norelgestromin
F5,drospirenone / ethinyl estradiol,HCSC,Actionable PGx,1,0,1,PA166127666,"Annotation of HCSC Label for drospirenone / ethinyl estradiol and F5, PROC, PROS1, SERPINC1",F5,drospirenone / ethinyl estradiol
PROC,drospirenone / ethinyl estradiol,HCSC,Actionable PGx,1,0,1,PA166127666,"Annotation of HCSC Label for drospirenone / ethinyl estradiol and F5, PROC, PROS1, SERPINC1",PROC,drospirenone / ethinyl estradiol
PROS1,drospirenone / ethinyl estradiol,HCSC,Actionable PGx,1,0,1,PA166127666,"Annotation of HCSC Label for drospirenone / ethinyl estradiol and F5, PROC, PROS1, SERPINC1",PROS1,drospirenone / ethinyl estradiol
SERPINC1,drospirenone / ethinyl estradiol,HCSC,Actionable PGx,1,0,1,PA166127666,"Annotation of HCSC Label for drospirenone / ethinyl estradiol and F5, PROC, PROS1, SERPINC1",SERPINC1,drospirenone / ethinyl estradiol
ASS1,sodium phenylbutyrate,EMA,,0,0,0,PA166114381,"Annotation of EMA Label for sodium phenylbutyrate and ASS1, CPS1, OTC",ASS1,sodium phenylbutyrate
CPS1,sodium phenylbutyrate,EMA,,0,0,0,PA166114381,"Annotation of EMA Label for sodium phenylbutyrate and ASS1, CPS1, OTC",CPS1,sodium phenylbutyrate
OTC,sodium phenylbutyrate,EMA,,0,0,0,PA166114381,"Annotation of EMA Label for sodium phenylbutyrate and ASS1, CPS1, OTC",OTC,sodium phenylbutyrate
ESR1,toremifene,EMA,,0,0,0,PA166182789,"Annotation of EMA Label for toremifene and ESR1, ESR2",ESR1,toremifene
ESR2,toremifene,EMA,,0,0,0,PA166182789,"Annotation of EMA Label for toremifene and ESR1, ESR2",ESR2,toremifene
ABL1,dasatinib,HCSC,Testing Required,0,0,0,PA166127660,"Annotation of HCSC Label for dasatinib and ABL1, BCR",ABL1,dasatinib
BCR,dasatinib,HCSC,Testing Required,0,0,0,PA166127660,"Annotation of HCSC Label for dasatinib and ABL1, BCR",BCR,dasatinib
ERBB2,everolimus,HCSC,Testing Required,0,0,0,PA166127671,"Annotation of HCSC Label for everolimus and ERBB2, ESR1, ESR2",ERBB2,everolimus
ESR1,everolimus,HCSC,Testing Required,0,0,0,PA166127671,"Annotation of HCSC Label for everolimus and ERBB2, ESR1, ESR2",ESR1,everolimus
ESR2,everolimus,HCSC,Testing Required,0,0,0,PA166127671,"Annotation of HCSC Label for everolimus and ERBB2, ESR1, ESR2",ESR2,everolimus
ESR1,exemestane,HCSC,Testing Required,0,0,0,PA166127672,"Annotation of HCSC Label for exemestane and ESR1, ESR2",ESR1,exemestane
ESR2,exemestane,HCSC,Testing Required,0,0,0,PA166127672,"Annotation of HCSC Label for exemestane and ESR1, ESR2",ESR2,exemestane
EGFR,telisotuzumab vedotin,FDA,,0,0,0,PA166435901,Annotation of FDA Label for telisotuzumab vedotin and EGFR,EGFR,telisotuzumab vedotin
MET,telisotuzumab vedotin,FDA,Testing Required,0,0,0,PA166435841,Annotation of FDA Label for telisotuzumab vedotin and MET,MET,telisotuzumab vedotin
CYP2B6,efavirenz / emtricitabine / tenofovir disoproxil,EMA,Informative PGx,0,0,0,PA166123422,Annotation of EMA Label for efavirenz / emtricitabine / tenofovir disoproxil and CYP2B6,CYP2B6,efavirenz / emtricitabine / tenofovir disoproxil
CYP2C9,avatrombopag,EMA,Actionable PGx,1,0,0,PA166240301,"Annotation of EMA Label for avatrombopag and CYP2C9, F2, F5, PROC, PROS1, SERPINC1",CYP2C9,avatrombopag
F2,avatrombopag,EMA,Actionable PGx,1,0,0,PA166240301,"Annotation of EMA Label for avatrombopag and CYP2C9, F2, F5, PROC, PROS1, SERPINC1",F2,avatrombopag
F5,avatrombopag,EMA,Actionable PGx,1,0,0,PA166240301,"Annotation of EMA Label for avatrombopag and CYP2C9, F2, F5, PROC, PROS1, SERPINC1",F5,avatrombopag
PROC,avatrombopag,EMA,Actionable PGx,1,0,0,PA166240301,"Annotation of EMA Label for avatrombopag and CYP2C9, F2, F5, PROC, PROS1, SERPINC1",PROC,avatrombopag
PROS1,avatrombopag,EMA,Actionable PGx,1,0,0,PA166240301,"Annotation of EMA Label for avatrombopag and CYP2C9, F2, F5, PROC, PROS1, SERPINC1",PROS1,avatrombopag
SERPINC1,avatrombopag,EMA,Actionable PGx,1,0,0,PA166240301,"Annotation of EMA Label for avatrombopag and CYP2C9, F2, F5, PROC, PROS1, SERPINC1",SERPINC1,avatrombopag
EGFR,sevabertinib,FDA,,0,0,0,PA166432741,Annotation of FDA Label for sevabertinib and EGFR,EGFR,sevabertinib
EGFR,sevabertinib,HCSC,,0,0,0,PA166436061,Annotation of HCSC Label for sevabertinib and EGFR,EGFR,sevabertinib
NF1,selumetinib,FDA,,0,0,0,PA166436501,Annotation of FDA Label for selumetinib and NF1,NF1,selumetinib
KRAS,sotorasib,FDA,Testing Required,0,0,0,PA166246485,Annotation of FDA Label for sotorasib and KRAS,KRAS,sotorasib
IL1RN,anakinra,FDA,,0,0,0,PA166248801,Annotation of FDA Label for anakinra and IL1RN,IL1RN,anakinra
ABCB4,odevixibat,FDA,,0,0,0,PA166436641,"Annotation of FDA Label for odevixibat and ABCB4, ATP8B1, MYO5B, TJP2",ABCB4,odevixibat
ATP8B1,odevixibat,FDA,,0,0,0,PA166436641,"Annotation of FDA Label for odevixibat and ABCB4, ATP8B1, MYO5B, TJP2",ATP8B1,odevixibat
MYO5B,odevixibat,FDA,,0,0,0,PA166436641,"Annotation of FDA Label for odevixibat and ABCB4, ATP8B1, MYO5B, TJP2",MYO5B,odevixibat
TJP2,odevixibat,FDA,,0,0,0,PA166436641,"Annotation of FDA Label for odevixibat and ABCB4, ATP8B1, MYO5B, TJP2",TJP2,odevixibat
EGFR,lazertinib,FDA,Testing Required,0,0,0,PA166401221,Annotation of FDA Label for lazertinib and EGFR,EGFR,lazertinib
HLA-B,lamotrigine,HCSC,Actionable PGx,1,0,0,PA166432041,Annotation of HCSC Label for lamotrigine and HLA-B,HLA-B,lamotrigine
UGT1A1,imlunestrant,FDA,No Clinical PGx,0,0,0,PA166432641,Annotation of FDA Label for imlunestrant and UGT1A1,UGT1A1,imlunestrant
ALK,tepotinib,FDA,,0,0,0,PA166252901,"Annotation of FDA Label for tepotinib and ALK, EGFR",ALK,tepotinib
EGFR,tepotinib,FDA,,0,0,0,PA166252901,"Annotation of FDA Label for tepotinib and ALK, EGFR",EGFR,tepotinib
MET,tepotinib,FDA,Testing Required,0,0,0,PA166252881,Annotation of FDA Label for tepotinib and MET,MET,tepotinib
LDLR,evinacumab,FDA,,0,0,0,PA166251821,Annotation of FDA Label for evinacumab and LDLR,LDLR,evinacumab
CYP2C19,omeprazole,HCSC,No Clinical PGx,0,0,0,PA166127698,Annotation of HCSC Label for omeprazole and CYP2C19,CYP2C19,omeprazole
ERBB2,imlunestrant,FDA,Testing Required,0,0,0,PA166432663,"Annotation of FDA Label for imlunestrant and ERBB2, ESR1",ERBB2,imlunestrant
ESR1,imlunestrant,FDA,Testing Required,0,0,0,PA166432663,"Annotation of FDA Label for imlunestrant and ERBB2, ESR1",ESR1,imlunestrant
H3-3A,dordaviprone,FDA,Testing Required,0,0,0,PA166436723,Annotation of FDA Label for dordaviprone and H3-3A,H3-3A,dordaviprone
CYP2C9,rimegepant,FDA,No Clinical PGx,0,0,0,PA166225042,Annotation of FDA Label for rimegepant and CYP2C9,CYP2C9,rimegepant
CD274,penpulimab,FDA,,0,0,0,PA166436681,Annotation of FDA Label for penpulimab and CD274,CD274,penpulimab
CHRNA1,nipocalimab,FDA,,0,0,0,PA166436704,"Annotation of FDA Label for nipocalimab and CHRNA1, CHRNA3, CHRNA4, CHRNA5, CHRNA6, CHRNA7, CHRNB1, CHRNE, MUSK",CHRNA1,nipocalimab
CHRNA3,nipocalimab,FDA,,0,0,0,PA166436704,"Annotation of FDA Label for nipocalimab and CHRNA1, CHRNA3, CHRNA4, CHRNA5, CHRNA6, CHRNA7, CHRNB1, CHRNE, MUSK",CHRNA3,nipocalimab
CHRNA4,nipocalimab,FDA,,0,0,0,PA166436704,"Annotation of FDA Label for nipocalimab and CHRNA1, CHRNA3, CHRNA4, CHRNA5, CHRNA6, CHRNA7, CHRNB1, CHRNE, MUSK",CHRNA4,nipocalimab
CHRNA5,nipocalimab,FDA,,0,0,0,PA166436704,"Annotation of FDA Label for nipocalimab and CHRNA1, CHRNA3, CHRNA4, CHRNA5, CHRNA6, CHRNA7, CHRNB1, CHRNE, MUSK",CHRNA5,nipocalimab
CHRNA6,nipocalimab,FDA,,0,0,0,PA166436704,"Annotation of FDA Label for nipocalimab and CHRNA1, CHRNA3, CHRNA4, CHRNA5, CHRNA6, CHRNA7, CHRNB1, CHRNE, MUSK",CHRNA6,nipocalimab
CHRNA7,nipocalimab,FDA,,0,0,0,PA166436704,"Annotation of FDA Label for nipocalimab and CHRNA1, CHRNA3, CHRNA4, CHRNA5, CHRNA6, CHRNA7, CHRNB1, CHRNE, MUSK",CHRNA7,nipocalimab
CHRNB1,nipocalimab,FDA,,0,0,0,PA166436704,"Annotation of FDA Label for nipocalimab and CHRNA1, CHRNA3, CHRNA4, CHRNA5, CHRNA6, CHRNA7, CHRNB1, CHRNE, MUSK",CHRNB1,nipocalimab
CHRNE,nipocalimab,FDA,,0,0,0,PA166436704,"Annotation of FDA Label for nipocalimab and CHRNA1, CHRNA3, CHRNA4, CHRNA5, CHRNA6, CHRNA7, CHRNB1, CHRNE, MUSK",CHRNE,nipocalimab
MUSK,nipocalimab,FDA,,0,0,0,PA166436704,"Annotation of FDA Label for nipocalimab and CHRNA1, CHRNA3, CHRNA4, CHRNA5, CHRNA6, CHRNA7, CHRNB1, CHRNE, MUSK",MUSK,nipocalimab
NAGS,glycerol phenylbutyrate,FDA,,0,0,0,PA166269081,Annotation of FDA Label for glycerol phenylbutyrate and NAGS,NAGS,glycerol phenylbutyrate
CYP2C9,nateglinide,FDA,Informative PGx,0,0,0,PA166269121,Annotation of FDA Label for nateglinide and CYP2C9,CYP2C9,nateglinide
CHRNA1,efgartigimod alfa,FDA,,0,0,0,PA166268901,"Annotation of FDA Label for efgartigimod alfa and CHRNA1, CHRNA3, CHRNA4, CHRNA5, CHRNA6, CHRNA7, CHRNB1, CHRNE",CHRNA1,efgartigimod alfa
CHRNA3,efgartigimod alfa,FDA,,0,0,0,PA166268901,"Annotation of FDA Label for efgartigimod alfa and CHRNA1, CHRNA3, CHRNA4, CHRNA5, CHRNA6, CHRNA7, CHRNB1, CHRNE",CHRNA3,efgartigimod alfa
CHRNA4,efgartigimod alfa,FDA,,0,0,0,PA166268901,"Annotation of FDA Label for efgartigimod alfa and CHRNA1, CHRNA3, CHRNA4, CHRNA5, CHRNA6, CHRNA7, CHRNB1, CHRNE",CHRNA4,efgartigimod alfa
CHRNA5,efgartigimod alfa,FDA,,0,0,0,PA166268901,"Annotation of FDA Label for efgartigimod alfa and CHRNA1, CHRNA3, CHRNA4, CHRNA5, CHRNA6, CHRNA7, CHRNB1, CHRNE",CHRNA5,efgartigimod alfa
CHRNA6,efgartigimod alfa,FDA,,0,0,0,PA166268901,"Annotation of FDA Label for efgartigimod alfa and CHRNA1, CHRNA3, CHRNA4, CHRNA5, CHRNA6, CHRNA7, CHRNB1, CHRNE",CHRNA6,efgartigimod alfa
CHRNA7,efgartigimod alfa,FDA,,0,0,0,PA166268901,"Annotation of FDA Label for efgartigimod alfa and CHRNA1, CHRNA3, CHRNA4, CHRNA5, CHRNA6, CHRNA7, CHRNB1, CHRNE",CHRNA7,efgartigimod alfa
CHRNB1,efgartigimod alfa,FDA,,0,0,0,PA166268901,"Annotation of FDA Label for efgartigimod alfa and CHRNA1, CHRNA3, CHRNA4, CHRNA5, CHRNA6, CHRNA7, CHRNB1, CHRNE",CHRNB1,efgartigimod alfa
CHRNE,efgartigimod alfa,FDA,,0,0,0,PA166268901,"Annotation of FDA Label for efgartigimod alfa and CHRNA1, CHRNA3, CHRNA4, CHRNA5, CHRNA6, CHRNA7, CHRNB1, CHRNE",CHRNE,efgartigimod alfa
JAK2,ropeginterferon alfa-2b,FDA,No Clinical PGx,0,0,0,PA166268923,Annotation of FDA Label for ropeginterferon alfa-2b and JAK2,JAK2,ropeginterferon alfa-2b
CYP2D6,valbenazine,FDA,Actionable PGx,1,1,0,PA166170052,Annotation of FDA Label for valbenazine and CYP2D6,CYP2D6,valbenazine
ASS1,glycerol phenylbutyrate,FDA,Testing Required,0,0,0,PA166269101,"Annotation of FDA Label for glycerol phenylbutyrate and ASS1, CPS1, OTC",ASS1,glycerol phenylbutyrate
CPS1,glycerol phenylbutyrate,FDA,Testing Required,0,0,0,PA166269101,"Annotation of FDA Label for glycerol phenylbutyrate and ASS1, CPS1, OTC",CPS1,glycerol phenylbutyrate
OTC,glycerol phenylbutyrate,FDA,Testing Required,0,0,0,PA166269101,"Annotation of FDA Label for glycerol phenylbutyrate and ASS1, CPS1, OTC",OTC,glycerol phenylbutyrate
BRAF,encorafenib,FDA,Testing Required,0,0,0,PA166179878,Annotation of FDA Label for encorafenib and BRAF,BRAF,encorafenib
ERBB2,inavolisib,FDA,Testing Required,0,0,0,PA166401341,"Annotation of FDA Label for inavolisib and ERBB2, ESR1, ESR2, PIK3CA",ERBB2,inavolisib
ESR1,inavolisib,FDA,Testing Required,0,0,0,PA166401341,"Annotation of FDA Label for inavolisib and ERBB2, ESR1, ESR2, PIK3CA",ESR1,inavolisib
ESR2,inavolisib,FDA,Testing Required,0,0,0,PA166401341,"Annotation of FDA Label for inavolisib and ERBB2, ESR1, ESR2, PIK3CA",ESR2,inavolisib
PIK3CA,inavolisib,FDA,Testing Required,0,0,0,PA166401341,"Annotation of FDA Label for inavolisib and ERBB2, ESR1, ESR2, PIK3CA",PIK3CA,inavolisib
CYP2C9,aficamten,FDA,Informative PGx,0,0,0,PA166431941,Annotation of FDA Label for aficamten and CYP2C9,CYP2C9,aficamten
IFNL3,simeprevir,HCSC,Informative PGx,0,0,0,PA166127710,Annotation of HCSC Label for simeprevir and IFNL3,IFNL3,simeprevir
CYP2D6,vortioxetine,FDA,Actionable PGx,1,1,0,PA166122607,Annotation of FDA Label for vortioxetine and CYP2D6,CYP2D6,vortioxetine
IFNL3,simeprevir,FDA,Informative PGx,0,0,0,PA166122592,Annotation of FDA Label for simeprevir and IFNL3,IFNL3,simeprevir
HLA-B,allopurinol,FDA,Testing Recommended,1,0,1,PA166234701,Annotation of FDA Label for allopurinol and HLA-B,HLA-B,allopurinol
DPYD,fluorouracil,FDA,Testing Required,1,1,1,PA166104807,Annotation of FDA Label for fluorouracil and DPYD,DPYD,fluorouracil
CYP2D6,dextromethorphan hydrobromide / bupropion hydrochloride,FDA,Actionable PGx,1,1,0,PA166278361,Annotation of FDA Label for dextromethorphan hydrobromide / bupropion hydrochloride and CYP2D6,CYP2D6,dextromethorphan hydrobromide / bupropion hydrochloride
ALK,tremelimumab,FDA,Testing Required,0,0,0,PA166293341,"Annotation of FDA Label for tremelimumab and ALK, EGFR",ALK,tremelimumab
EGFR,tremelimumab,FDA,Testing Required,0,0,0,PA166293341,"Annotation of FDA Label for tremelimumab and ALK, EGFR",EGFR,tremelimumab
CYB5R3,articaine / epinephrine,FDA,Actionable PGx,1,0,0,PA166182741,"Annotation of FDA Label for articaine / epinephrine and CYB5R3, G6PD",CYB5R3,articaine / epinephrine
G6PD,articaine / epinephrine,FDA,Actionable PGx,1,0,0,PA166182741,"Annotation of FDA Label for articaine / epinephrine and CYB5R3, G6PD",G6PD,articaine / epinephrine
CYP2D6,gefitinib,FDA,Actionable PGx,1,0,0,PA166170929,Annotation of FDA Label for gefitinib and CYP2D6,CYP2D6,gefitinib
HLA-B,carbamazepine,FDA,Testing Required,1,0,1,PA166104780,Annotation of FDA Label for carbamazepine and HLA-B,HLA-B,carbamazepine
CYP2D6,aripiprazole,FDA,Actionable PGx,1,1,0,PA166104839,Annotation of FDA Label for aripiprazole and CYP2D6,CYP2D6,aripiprazole
CYP2D6,primaquine,FDA,Actionable PGx,1,0,1,PA166438022,Annotation of FDA Label for primaquine and CYP2D6,CYP2D6,primaquine
NUDT15,thioguanine,FDA,Testing Recommended,1,1,0,PA166104838,"Annotation of FDA Label for thioguanine and NUDT15, TPMT",NUDT15,thioguanine
TPMT,thioguanine,FDA,Testing Recommended,1,1,0,PA166104838,"Annotation of FDA Label for thioguanine and NUDT15, TPMT",TPMT,thioguanine
IFNL3,peginterferon alfa-2b,FDA,Informative PGx,0,0,0,PA166104801,Annotation of FDA Label for peginterferon alfa-2b and IFNL3,IFNL3,peginterferon alfa-2b
CYP1A2,rucaparib,FDA,No Clinical PGx,0,0,0,PA166170935,"Annotation of FDA Label for rucaparib and CYP1A2, CYP2D6",CYP1A2,rucaparib
CYP2D6,rucaparib,FDA,No Clinical PGx,0,0,0,PA166170935,"Annotation of FDA Label for rucaparib and CYP1A2, CYP2D6",CYP2D6,rucaparib
CYP2D6,metoclopramide,FDA,Actionable PGx,1,1,0,PA166178750,Annotation of FDA Label for metoclopramide and CYP2D6,CYP2D6,metoclopramide
UGT1A1,raltegravir,FDA,No Clinical PGx,0,0,0,PA166179887,Annotation of FDA Label for raltegravir and UGT1A1,UGT1A1,raltegravir
CACNA1S,sevoflurane,FDA,Actionable PGx,1,0,1,PA166129519,"Annotation of FDA Label for sevoflurane and CACNA1S, RYR1",CACNA1S,sevoflurane
RYR1,sevoflurane,FDA,Actionable PGx,1,0,1,PA166129519,"Annotation of FDA Label for sevoflurane and CACNA1S, RYR1",RYR1,sevoflurane
CYP2D6,tetrabenazine,FDA,Testing Required,1,1,0,PA166104829,Annotation of FDA Label for tetrabenazine and CYP2D6,CYP2D6,tetrabenazine
CYP2D6,atomoxetine,FDA,Actionable PGx,1,1,0,PA166104827,Annotation of FDA Label for atomoxetine and CYP2D6,CYP2D6,atomoxetine
CYP2D6,amitriptyline,FDA,Informative PGx,0,0,0,PA166104856,Annotation of FDA Label for amitriptyline and CYP2D6,CYP2D6,amitriptyline
G6PD,sulfamethoxazole / trimethoprim,FDA,Informative PGx,0,0,0,PA166104874,"Annotation of FDA Label for sulfamethoxazole / trimethoprim and G6PD, NAT2",G6PD,sulfamethoxazole / trimethoprim
NAT2,sulfamethoxazole / trimethoprim,FDA,Informative PGx,0,0,0,PA166104874,"Annotation of FDA Label for sulfamethoxazole / trimethoprim and G6PD, NAT2",NAT2,sulfamethoxazole / trimethoprim
ABL1,asciminib,FDA,Testing Required,1,1,0,PA166268861,"Annotation of FDA Label for asciminib and ABL1, BCR",ABL1,asciminib
BCR,asciminib,FDA,Testing Required,1,1,0,PA166268861,"Annotation of FDA Label for asciminib and ABL1, BCR",BCR,asciminib
CYP2C19,mavacamten,FDA,Informative PGx,0,0,0,PA166273021,Annotation of FDA Label for mavacamten and CYP2C19,CYP2C19,mavacamten
CYP2D6,imipramine,FDA,Informative PGx,0,0,0,PA166104879,Annotation of FDA Label for imipramine and CYP2D6,CYP2D6,imipramine
G6PD,norfloxacin,FDA,Informative PGx,0,0,0,PA166104885,Annotation of FDA Label for norfloxacin and G6PD,G6PD,norfloxacin
ABL1,busulfan,FDA,Informative PGx,0,0,0,PA166104795,"Annotation of FDA Label for busulfan and ABL1, BCR",ABL1,busulfan
BCR,busulfan,FDA,Informative PGx,0,0,0,PA166104795,"Annotation of FDA Label for busulfan and ABL1, BCR",BCR,busulfan
G6PD,mafenide,FDA,Informative PGx,0,0,0,PA166114926,Annotation of FDA Label for mafenide and G6PD,G6PD,mafenide
CYB5R3,ropivacaine,FDA,Actionable PGx,1,0,0,PA166182728,"Annotation of FDA Label for ropivacaine and CYB5R3, G6PD",CYB5R3,ropivacaine
G6PD,ropivacaine,FDA,Actionable PGx,1,0,0,PA166182728,"Annotation of FDA Label for ropivacaine and CYB5R3, G6PD",G6PD,ropivacaine
HLA-B,pazopanib,FDA,Informative PGx,0,0,0,PA166105058,"Annotation of FDA Label for pazopanib and HLA-B, UGT1A1",HLA-B,pazopanib
UGT1A1,pazopanib,FDA,Informative PGx,0,0,0,PA166105058,"Annotation of FDA Label for pazopanib and HLA-B, UGT1A1",UGT1A1,pazopanib
CYP2D6,darifenacin,FDA,Informative PGx,0,0,0,PA166122971,Annotation of FDA Label for darifenacin and CYP2D6,CYP2D6,darifenacin
CYB5R1,metoclopramide,FDA,Informative PGx,0,0,0,PA166105195,"Annotation of FDA Label for metoclopramide and CYB5R1, CYB5R2, CYB5R3, CYB5R4, G6PD",CYB5R1,metoclopramide
CYB5R2,metoclopramide,FDA,Informative PGx,0,0,0,PA166105195,"Annotation of FDA Label for metoclopramide and CYB5R1, CYB5R2, CYB5R3, CYB5R4, G6PD",CYB5R2,metoclopramide
CYB5R3,metoclopramide,FDA,Informative PGx,0,0,0,PA166105195,"Annotation of FDA Label for metoclopramide and CYB5R1, CYB5R2, CYB5R3, CYB5R4, G6PD",CYB5R3,metoclopramide
CYB5R4,metoclopramide,FDA,Informative PGx,0,0,0,PA166105195,"Annotation of FDA Label for metoclopramide and CYB5R1, CYB5R2, CYB5R3, CYB5R4, G6PD",CYB5R4,metoclopramide
G6PD,metoclopramide,FDA,Informative PGx,0,0,0,PA166105195,"Annotation of FDA Label for metoclopramide and CYB5R1, CYB5R2, CYB5R3, CYB5R4, G6PD",G6PD,metoclopramide
ESR1,pertuzumab,FDA,Informative PGx,0,0,0,PA166170933,"Annotation of FDA Label for pertuzumab and ESR1, ESR2, PGR",ESR1,pertuzumab
ESR2,pertuzumab,FDA,Informative PGx,0,0,0,PA166170933,"Annotation of FDA Label for pertuzumab and ESR1, ESR2, PGR",ESR2,pertuzumab
PGR,pertuzumab,FDA,Informative PGx,0,0,0,PA166170933,"Annotation of FDA Label for pertuzumab and ESR1, ESR2, PGR",PGR,pertuzumab
CYP2D6,aripiprazole lauroxil,FDA,Actionable PGx,1,1,1,PA166161219,Annotation of FDA Label for aripiprazole lauroxil and CYP2D6,CYP2D6,aripiprazole lauroxil
CYB5R3,ceftriaxone,FDA,,0,0,0,PA166182746,"Annotation of FDA Label for ceftriaxone and CYB5R3, G6PD",CYB5R3,ceftriaxone
G6PD,ceftriaxone,FDA,,0,0,0,PA166182746,"Annotation of FDA Label for ceftriaxone and CYB5R3, G6PD",G6PD,ceftriaxone
CYP2D6,mirabegron,FDA,Informative PGx,0,0,0,PA166177514,Annotation of FDA Label for mirabegron and CYP2D6,CYP2D6,mirabegron
G6PD,nitrofurantoin,FDA,Actionable PGx,1,0,1,PA166104903,Annotation of FDA Label for nitrofurantoin and G6PD,G6PD,nitrofurantoin
CYP2D6,tamsulosin,FDA,Actionable PGx,1,0,0,PA166160672,Annotation of FDA Label for tamsulosin and CYP2D6,CYP2D6,tamsulosin
CYP2D6,umeclidinium,FDA,No Clinical PGx,0,0,0,PA166177521,Annotation of FDA Label for umeclidinium and CYP2D6,CYP2D6,umeclidinium
ROS1,lorlatinib,FDA,No Clinical PGx,0,0,0,PA166182747,Annotation of FDA Label for lorlatinib and ROS1,ROS1,lorlatinib
CYP2D6,venlafaxine,FDA,Informative PGx,0,0,0,PA166104847,Annotation of FDA Label for venlafaxine and CYP2D6,CYP2D6,venlafaxine
G6PD,moviprep,FDA,Actionable PGx,1,0,0,PA166104897,Annotation of FDA Label for moviprep and G6PD,G6PD,moviprep
HRAS,encorafenib,FDA,Actionable PGx,1,0,1,PA166224341,"Annotation of FDA Label for encorafenib and HRAS, KRAS, NRAS",HRAS,encorafenib
KRAS,encorafenib,FDA,Actionable PGx,1,0,1,PA166224341,"Annotation of FDA Label for encorafenib and HRAS, KRAS, NRAS",KRAS,encorafenib
NRAS,encorafenib,FDA,Actionable PGx,1,0,1,PA166224341,"Annotation of FDA Label for encorafenib and HRAS, KRAS, NRAS",NRAS,encorafenib
CYP2C19,lacosamide,FDA,No Clinical PGx,0,0,0,PA166160049,Annotation of FDA Label for lacosamide and CYP2C19,CYP2C19,lacosamide
BCHE,mivacurium,FDA,Actionable PGx,1,0,1,PA166185156,Annotation of FDA Label for mivacurium and BCHE,BCHE,mivacurium
G6PD,erythromycin ethylsuccinate / sulfisoxazole acetyl,FDA,Informative PGx,0,0,0,PA166104895,Annotation of FDA Label for erythromycin ethylsuccinate / sulfisoxazole acetyl and G6PD,G6PD,erythromycin ethylsuccinate / sulfisoxazole acetyl
CYP2C9,lesinurad,FDA,Actionable PGx,1,0,0,PA166160007,Annotation of FDA Label for lesinurad and CYP2C9,CYP2C9,lesinurad
G6PD,lidocaine and tetracaine,FDA,Actionable PGx,1,0,0,PA166182737,Annotation of FDA Label for lidocaine and tetracaine and G6PD,G6PD,lidocaine and tetracaine
G6PD,methylene blue,FDA,Actionable PGx,1,0,1,PA166104878,Annotation of FDA Label for methylene blue and G6PD,G6PD,methylene blue
F2,lusutrombopag,FDA,Actionable PGx,1,0,0,PA166182749,"Annotation of FDA Label for lusutrombopag and F2, F5, PROC, PROS1, SERPINC1",F2,lusutrombopag
F5,lusutrombopag,FDA,Actionable PGx,1,0,0,PA166182749,"Annotation of FDA Label for lusutrombopag and F2, F5, PROC, PROS1, SERPINC1",F5,lusutrombopag
PROC,lusutrombopag,FDA,Actionable PGx,1,0,0,PA166182749,"Annotation of FDA Label for lusutrombopag and F2, F5, PROC, PROS1, SERPINC1",PROC,lusutrombopag
PROS1,lusutrombopag,FDA,Actionable PGx,1,0,0,PA166182749,"Annotation of FDA Label for lusutrombopag and F2, F5, PROC, PROS1, SERPINC1",PROS1,lusutrombopag
SERPINC1,lusutrombopag,FDA,Actionable PGx,1,0,0,PA166182749,"Annotation of FDA Label for lusutrombopag and F2, F5, PROC, PROS1, SERPINC1",SERPINC1,lusutrombopag
CYP2B6,efavirenz,FDA,Informative PGx,0,0,0,PA166105117,Annotation of FDA Label for efavirenz and CYP2B6,CYP2B6,efavirenz
CYP2D6,palonosetron,FDA,No Clinical PGx,0,0,0,PA166160052,Annotation of FDA Label for palonosetron and CYP2D6,CYP2D6,palonosetron
CYP2D6,propafenone,FDA,No Clinical PGx,0,0,0,PA166104837,Annotation of FDA Label for propafenone and CYP2D6,CYP2D6,propafenone
NAT2,amifampridine,FDA,Actionable PGx,1,1,0,PA166185151,Annotation of FDA Label for amifampridine and NAT2,NAT2,amifampridine
HLA-A,carbamazepine,FDA,Actionable PGx,1,0,0,PA166151882,Annotation of FDA Label for carbamazepine and HLA-A,HLA-A,carbamazepine
CYB5R1,primaquine,FDA,Actionable PGx,1,0,0,PA166170934,"Annotation of FDA Label for primaquine and CYB5R1, CYB5R2, CYB5R3, CYB5R4",CYB5R1,primaquine
CYB5R2,primaquine,FDA,Actionable PGx,1,0,0,PA166170934,"Annotation of FDA Label for primaquine and CYB5R1, CYB5R2, CYB5R3, CYB5R4",CYB5R2,primaquine
CYB5R3,primaquine,FDA,Actionable PGx,1,0,0,PA166170934,"Annotation of FDA Label for primaquine and CYB5R1, CYB5R2, CYB5R3, CYB5R4",CYB5R3,primaquine
CYB5R4,primaquine,FDA,Actionable PGx,1,0,0,PA166170934,"Annotation of FDA Label for primaquine and CYB5R1, CYB5R2, CYB5R3, CYB5R4",CYB5R4,primaquine
BCHE,succinylcholine,FDA,Actionable PGx,1,0,1,PA166122970,"Annotation of FDA Label for succinylcholine and BCHE, CACNA1S, RYR1",BCHE,succinylcholine
CACNA1S,succinylcholine,FDA,Actionable PGx,1,0,1,PA166122970,"Annotation of FDA Label for succinylcholine and BCHE, CACNA1S, RYR1",CACNA1S,succinylcholine
RYR1,succinylcholine,FDA,Actionable PGx,1,0,1,PA166122970,"Annotation of FDA Label for succinylcholine and BCHE, CACNA1S, RYR1",RYR1,succinylcholine
CYB5R3,sodium nitrite,FDA,Actionable PGx,1,0,1,PA166115362,"Annotation of FDA Label for sodium nitrite and CYB5R3, G6PD",CYB5R3,sodium nitrite
G6PD,sodium nitrite,FDA,Actionable PGx,1,0,1,PA166115362,"Annotation of FDA Label for sodium nitrite and CYB5R3, G6PD",G6PD,sodium nitrite
CYP2D6,lofexidine,FDA,Actionable PGx,1,0,0,PA166179848,Annotation of FDA Label for lofexidine and CYP2D6,CYP2D6,lofexidine
FOLH1,lutetium (177Lu) vipivotide tetraxetan,FDA,Testing Required,0,0,0,PA166278161,Annotation of FDA Label for lutetium (177Lu) vipivotide tetraxetan and FOLH1,FOLH1,lutetium (177lu) vipivotide tetraxetan
CYP2C19,citalopram,FDA,Actionable PGx,1,1,0,PA166104852,Annotation of FDA Label for citalopram and CYP2C19,CYP2C19,citalopram
CBL,azacitidine,FDA,,0,0,0,PA166278181,"Annotation of FDA Label for azacitidine and CBL, KRAS, NRAS, PTPN11",CBL,azacitidine
KRAS,azacitidine,FDA,,0,0,0,PA166278181,"Annotation of FDA Label for azacitidine and CBL, KRAS, NRAS, PTPN11",KRAS,azacitidine
NRAS,azacitidine,FDA,,0,0,0,PA166278181,"Annotation of FDA Label for azacitidine and CBL, KRAS, NRAS, PTPN11",NRAS,azacitidine
PTPN11,azacitidine,FDA,,0,0,0,PA166278181,"Annotation of FDA Label for azacitidine and CBL, KRAS, NRAS, PTPN11",PTPN11,azacitidine
BCHE,oxymetazoline and tetracaine,FDA,Actionable PGx,1,0,0,PA166184637,"Annotation of FDA Label for oxymetazoline and tetracaine and BCHE, CYB5R3, G6PD",BCHE,oxymetazoline and tetracaine
CYB5R3,oxymetazoline and tetracaine,FDA,Actionable PGx,1,0,0,PA166184637,"Annotation of FDA Label for oxymetazoline and tetracaine and BCHE, CYB5R3, G6PD",CYB5R3,oxymetazoline and tetracaine
G6PD,oxymetazoline and tetracaine,FDA,Actionable PGx,1,0,0,PA166184637,"Annotation of FDA Label for oxymetazoline and tetracaine and BCHE, CYB5R3, G6PD",G6PD,oxymetazoline and tetracaine
TTR,vutrisiran,FDA,,0,0,0,PA166277661,Annotation of FDA Label for vutrisiran and TTR,TTR,vutrisiran
ALK,brentuximab vedotin,FDA,,0,0,0,PA166104778,"Annotation of FDA Label for brentuximab vedotin and ALK, BCL2, BCL6, MYC",ALK,brentuximab vedotin
BCL2,brentuximab vedotin,FDA,,0,0,0,PA166104778,"Annotation of FDA Label for brentuximab vedotin and ALK, BCL2, BCL6, MYC",BCL2,brentuximab vedotin
BCL6,brentuximab vedotin,FDA,,0,0,0,PA166104778,"Annotation of FDA Label for brentuximab vedotin and ALK, BCL2, BCL6, MYC",BCL6,brentuximab vedotin
MYC,brentuximab vedotin,FDA,,0,0,0,PA166104778,"Annotation of FDA Label for brentuximab vedotin and ALK, BCL2, BCL6, MYC",MYC,brentuximab vedotin
APOB,inclisiran,FDA,,0,0,0,PA166273561,"Annotation of FDA Label for inclisiran and APOB, LDLR, PCSK9",APOB,inclisiran
LDLR,inclisiran,FDA,,0,0,0,PA166273561,"Annotation of FDA Label for inclisiran and APOB, LDLR, PCSK9",LDLR,inclisiran
PCSK9,inclisiran,FDA,,0,0,0,PA166273561,"Annotation of FDA Label for inclisiran and APOB, LDLR, PCSK9",PCSK9,inclisiran
BRAF,nivolumab / relatlimab,FDA,,0,0,0,PA166278121,"Annotation of FDA Label for nivolumab / relatlimab and BRAF, CD274, LAG3",BRAF,nivolumab / relatlimab
CD274,nivolumab / relatlimab,FDA,,0,0,0,PA166278121,"Annotation of FDA Label for nivolumab / relatlimab and BRAF, CD274, LAG3",CD274,nivolumab / relatlimab
LAG3,nivolumab / relatlimab,FDA,,0,0,0,PA166278121,"Annotation of FDA Label for nivolumab / relatlimab and BRAF, CD274, LAG3",LAG3,nivolumab / relatlimab
PKLR,mitapivat,FDA,,0,0,0,PA166278081,Annotation of FDA Label for mitapivat and PKLR,PKLR,mitapivat
ALK,pemetrexed,FDA,Testing Required,0,0,0,PA166296341,"Annotation of FDA Label for pemetrexed and ALK, EGFR",ALK,pemetrexed
EGFR,pemetrexed,FDA,Testing Required,0,0,0,PA166296341,"Annotation of FDA Label for pemetrexed and ALK, EGFR",EGFR,pemetrexed
ABL1,imatinib,FDA,Testing Required,0,0,0,PA166104790,"Annotation of FDA Label for imatinib and ABL1, BCR, FIP1L1, KIT, PDGFRA, PDGFRB",ABL1,imatinib
BCR,imatinib,FDA,Testing Required,0,0,0,PA166104790,"Annotation of FDA Label for imatinib and ABL1, BCR, FIP1L1, KIT, PDGFRA, PDGFRB",BCR,imatinib
FIP1L1,imatinib,FDA,Testing Required,0,0,0,PA166104790,"Annotation of FDA Label for imatinib and ABL1, BCR, FIP1L1, KIT, PDGFRA, PDGFRB",FIP1L1,imatinib
KIT,imatinib,FDA,Testing Required,0,0,0,PA166104790,"Annotation of FDA Label for imatinib and ABL1, BCR, FIP1L1, KIT, PDGFRA, PDGFRB",KIT,imatinib
PDGFRA,imatinib,FDA,Testing Required,0,0,0,PA166104790,"Annotation of FDA Label for imatinib and ABL1, BCR, FIP1L1, KIT, PDGFRA, PDGFRB",PDGFRA,imatinib
PDGFRB,imatinib,FDA,Testing Required,0,0,0,PA166104790,"Annotation of FDA Label for imatinib and ABL1, BCR, FIP1L1, KIT, PDGFRA, PDGFRB",PDGFRB,imatinib
ALK,cemiplimab-rwlc,FDA,Testing Required,0,0,0,PA166251421,"Annotation of FDA Label for cemiplimab-rwlc and ALK, CD274, EGFR, ROS1",ALK,cemiplimab-rwlc
CD274,cemiplimab-rwlc,FDA,Testing Required,0,0,0,PA166251421,"Annotation of FDA Label for cemiplimab-rwlc and ALK, CD274, EGFR, ROS1",CD274,cemiplimab-rwlc
EGFR,cemiplimab-rwlc,FDA,Testing Required,0,0,0,PA166251421,"Annotation of FDA Label for cemiplimab-rwlc and ALK, CD274, EGFR, ROS1",EGFR,cemiplimab-rwlc
ROS1,cemiplimab-rwlc,FDA,Testing Required,0,0,0,PA166251421,"Annotation of FDA Label for cemiplimab-rwlc and ALK, CD274, EGFR, ROS1",ROS1,cemiplimab-rwlc
CD274,pemetrexed,FDA,,0,0,0,PA166296361,Annotation of FDA Label for pemetrexed and CD274,CD274,pemetrexed
SI,sacrosidase,FDA,Testing Required,0,0,0,PA166277841,Annotation of FDA Label for sacrosidase and SI,SI,sacrosidase
PML,arsenic trioxide,FDA,Testing Required,0,0,0,PA166104846,"Annotation of FDA Label for arsenic trioxide and PML, RARA",PML,arsenic trioxide
RARA,arsenic trioxide,FDA,Testing Required,0,0,0,PA166104846,"Annotation of FDA Label for arsenic trioxide and PML, RARA",RARA,arsenic trioxide
SLCO1B1,atorvastatin,FDA,,0,0,0,PA166234723,Annotation of FDA Label for atorvastatin and SLCO1B1,SLCO1B1,atorvastatin
CYP3A4,tacrolimus,FDA,,0,0,0,PA166234801,"Annotation of FDA Label for tacrolimus and CYP3A4, CYP3A5",CYP3A4,tacrolimus
CYP3A5,tacrolimus,FDA,,0,0,0,PA166234801,"Annotation of FDA Label for tacrolimus and CYP3A4, CYP3A5",CYP3A5,tacrolimus
CYP2C19,abrocitinib,FDA,Actionable PGx,1,1,0,PA166272961,Annotation of FDA Label for abrocitinib and CYP2C19,CYP2C19,abrocitinib
UGT1A1,binimetinib,FDA,No Clinical PGx,0,0,0,PA166179871,Annotation of FDA Label for binimetinib and UGT1A1,UGT1A1,binimetinib
IFNAR1,anifrolumab,FDA,,0,0,0,PA166277681,Annotation of FDA Label for anifrolumab and IFNAR1,IFNAR1,anifrolumab
KRAS,adagrasib,FDA,Testing Required,0,0,0,PA166293262,Annotation of FDA Label for adagrasib and KRAS,KRAS,adagrasib
MOCS1,fosdenopterin,FDA,Testing Required,0,0,0,PA166252781,Annotation of FDA Label for fosdenopterin and MOCS1,MOCS1,fosdenopterin
FGFR2,futibatinib,FDA,Testing Required,0,0,0,PA166293401,Annotation of FDA Label for futibatinib and FGFR2,FGFR2,futibatinib
CYP2C9,phenytoin,FDA,Actionable PGx,1,1,1,PA166104860,"Annotation of FDA Label for phenytoin and CYP2C9, HLA-B",CYP2C9,phenytoin
HLA-B,phenytoin,FDA,Actionable PGx,1,1,1,PA166104860,"Annotation of FDA Label for phenytoin and CYP2C9, HLA-B",HLA-B,phenytoin
KRAS,ramucirumab,FDA,,0,0,0,PA166184561,Annotation of FDA Label for ramucirumab and KRAS,KRAS,ramucirumab
POLG,valproic acid,FDA,Testing Required,1,0,1,PA166170958,Annotation of FDA Label for valproic acid and POLG,POLG,valproic acid
TPP1,cerliponase alfa,FDA,,0,0,0,PA166169880,Annotation of FDA Label for cerliponase alfa and TPP1,TPP1,cerliponase alfa
SMN1,risdiplam,FDA,Testing Required,0,0,0,PA166236221,"Annotation of FDA Label for risdiplam and SMN1, SMN2",SMN1,risdiplam
SMN2,risdiplam,FDA,Testing Required,0,0,0,PA166236221,"Annotation of FDA Label for risdiplam and SMN1, SMN2",SMN2,risdiplam
ERBB2,fulvestrant,FDA,Testing Required,0,0,0,PA166104792,"Annotation of FDA Label for fulvestrant and ERBB2, ESR1, ESR2, PGR",ERBB2,fulvestrant
ESR1,fulvestrant,FDA,Testing Required,0,0,0,PA166104792,"Annotation of FDA Label for fulvestrant and ERBB2, ESR1, ESR2, PGR",ESR1,fulvestrant
ESR2,fulvestrant,FDA,Testing Required,0,0,0,PA166104792,"Annotation of FDA Label for fulvestrant and ERBB2, ESR1, ESR2, PGR",ESR2,fulvestrant
PGR,fulvestrant,FDA,Testing Required,0,0,0,PA166104792,"Annotation of FDA Label for fulvestrant and ERBB2, ESR1, ESR2, PGR",PGR,fulvestrant
TTR,tafamidis,FDA,,0,0,0,PA166184565,Annotation of FDA Label for tafamidis and TTR,TTR,tafamidis
ESR1,exemestane,FDA,Testing Required,0,0,0,PA166104923,"Annotation of FDA Label for exemestane and ESR1, ESR2, PGR",ESR1,exemestane
ESR2,exemestane,FDA,Testing Required,0,0,0,PA166104923,"Annotation of FDA Label for exemestane and ESR1, ESR2, PGR",ESR2,exemestane
PGR,exemestane,FDA,Testing Required,0,0,0,PA166104923,"Annotation of FDA Label for exemestane and ESR1, ESR2, PGR",PGR,exemestane
EGFR,mobocertinib,FDA,Testing Required,0,0,0,PA166268941,Annotation of FDA Label for mobocertinib and EGFR,EGFR,mobocertinib
G6PD,tolazamide,FDA,Actionable PGx,1,0,1,PA166182786,Annotation of FDA Label for tolazamide and G6PD,G6PD,tolazamide
MYD88,zanubrutinib,FDA,,0,0,0,PA166268961,"Annotation of FDA Label for zanubrutinib and MYD88, TP53",MYD88,zanubrutinib
TP53,zanubrutinib,FDA,,0,0,0,PA166268961,"Annotation of FDA Label for zanubrutinib and MYD88, TP53",TP53,zanubrutinib
CYP2D6,arformoterol,FDA,No Clinical PGx,0,0,0,PA166127662,"Annotation of FDA Label for arformoterol and CYP2D6, UGT1A1",CYP2D6,arformoterol
UGT1A1,arformoterol,FDA,No Clinical PGx,0,0,0,PA166127662,"Annotation of FDA Label for arformoterol and CYP2D6, UGT1A1",UGT1A1,arformoterol
MS4A1,obinutuzumab,FDA,,0,0,0,PA166122589,Annotation of FDA Label for obinutuzumab and MS4A1,MS4A1,obinutuzumab
ABL1,vincristine,FDA,,0,0,0,PA166182755,"Annotation of FDA Label for vincristine and ABL1, BCR",ABL1,vincristine
BCR,vincristine,FDA,,0,0,0,PA166182755,"Annotation of FDA Label for vincristine and ABL1, BCR",BCR,vincristine
ABL1,blinatumomab,FDA,,0,0,0,PA166159963,"Annotation of FDA Label for blinatumomab and ABL1, BCR",ABL1,blinatumomab
BCR,blinatumomab,FDA,,0,0,0,PA166159963,"Annotation of FDA Label for blinatumomab and ABL1, BCR",BCR,blinatumomab
IFNL3,sofosbuvir / velpatasvir / voxilaprevir,FDA,,0,0,0,PA166177518,Annotation of FDA Label for sofosbuvir / velpatasvir / voxilaprevir and IFNL3,IFNL3,sofosbuvir / velpatasvir / voxilaprevir
ERBB2,trastuzumab deruxtecan,FDA,Testing Required,0,0,0,PA166190643,Annotation of FDA Label for trastuzumab deruxtecan and ERBB2,ERBB2,trastuzumab deruxtecan
SLCO1B1,elagolix,FDA,Informative PGx,0,0,0,PA166182762,Annotation of FDA Label for elagolix and SLCO1B1,SLCO1B1,elagolix
IFNL3,elbasvir / grazoprevir,FDA,,0,0,0,PA166163439,Annotation of FDA Label for elbasvir / grazoprevir and IFNL3,IFNL3,elbasvir / grazoprevir
IFNL3,dasabuvir / ombitasvir / paritaprevir / ritonavir,FDA,,0,0,0,PA166160005,Annotation of FDA Label for dasabuvir / ombitasvir / paritaprevir / ritonavir and IFNL3,IFNL3,dasabuvir / ombitasvir / paritaprevir / ritonavir
UGT1A1,cabotegravir / rilpivirine,FDA,No Clinical PGx,0,0,0,PA166251501,Annotation of FDA Label for cabotegravir / rilpivirine and UGT1A1,UGT1A1,cabotegravir / rilpivirine
CYP2C9,siponimod,FDA,Testing Required,1,1,1,PA166182738,Annotation of FDA Label for siponimod and CYP2C9,CYP2C9,siponimod
ESR1,neratinib,FDA,,0,0,0,PA166178724,"Annotation of FDA Label for neratinib and ESR1, ESR2, PGR",ESR1,neratinib
ESR2,neratinib,FDA,,0,0,0,PA166178724,"Annotation of FDA Label for neratinib and ESR1, ESR2, PGR",ESR2,neratinib
PGR,neratinib,FDA,,0,0,0,PA166178724,"Annotation of FDA Label for neratinib and ESR1, ESR2, PGR",PGR,neratinib
PRF1,emapalumab,FDA,,0,0,0,PA166182764,"Annotation of FDA Label for emapalumab and PRF1, RAB27A, SH2D1A, STX11, STXBP2, UNC13D, XIAP",PRF1,emapalumab
RAB27A,emapalumab,FDA,,0,0,0,PA166182764,"Annotation of FDA Label for emapalumab and PRF1, RAB27A, SH2D1A, STX11, STXBP2, UNC13D, XIAP",RAB27A,emapalumab
SH2D1A,emapalumab,FDA,,0,0,0,PA166182764,"Annotation of FDA Label for emapalumab and PRF1, RAB27A, SH2D1A, STX11, STXBP2, UNC13D, XIAP",SH2D1A,emapalumab
STX11,emapalumab,FDA,,0,0,0,PA166182764,"Annotation of FDA Label for emapalumab and PRF1, RAB27A, SH2D1A, STX11, STXBP2, UNC13D, XIAP",STX11,emapalumab
STXBP2,emapalumab,FDA,,0,0,0,PA166182764,"Annotation of FDA Label for emapalumab and PRF1, RAB27A, SH2D1A, STX11, STXBP2, UNC13D, XIAP",STXBP2,emapalumab
UNC13D,emapalumab,FDA,,0,0,0,PA166182764,"Annotation of FDA Label for emapalumab and PRF1, RAB27A, SH2D1A, STX11, STXBP2, UNC13D, XIAP",UNC13D,emapalumab
XIAP,emapalumab,FDA,,0,0,0,PA166182764,"Annotation of FDA Label for emapalumab and PRF1, RAB27A, SH2D1A, STX11, STXBP2, UNC13D, XIAP",XIAP,emapalumab
ESR1,anastrozole,FDA,,0,0,0,PA166105070,"Annotation of FDA Label for anastrozole and ESR1, ESR2, PGR",ESR1,anastrozole
ESR2,anastrozole,FDA,,0,0,0,PA166105070,"Annotation of FDA Label for anastrozole and ESR1, ESR2, PGR",ESR2,anastrozole
PGR,anastrozole,FDA,,0,0,0,PA166105070,"Annotation of FDA Label for anastrozole and ESR1, ESR2, PGR",PGR,anastrozole
CYB5R1,isosorbide mononitrate,FDA,Informative PGx,0,0,0,PA166163431,"Annotation of FDA Label for isosorbide mononitrate and CYB5R1, CYB5R2, CYB5R3, CYB5R4",CYB5R1,isosorbide mononitrate
CYB5R2,isosorbide mononitrate,FDA,Informative PGx,0,0,0,PA166163431,"Annotation of FDA Label for isosorbide mononitrate and CYB5R1, CYB5R2, CYB5R3, CYB5R4",CYB5R2,isosorbide mononitrate
CYB5R3,isosorbide mononitrate,FDA,Informative PGx,0,0,0,PA166163431,"Annotation of FDA Label for isosorbide mononitrate and CYB5R1, CYB5R2, CYB5R3, CYB5R4",CYB5R3,isosorbide mononitrate
CYB5R4,isosorbide mononitrate,FDA,Informative PGx,0,0,0,PA166163431,"Annotation of FDA Label for isosorbide mononitrate and CYB5R1, CYB5R2, CYB5R3, CYB5R4",CYB5R4,isosorbide mononitrate
ATM,talazoparib,FDA,Testing Required,0,0,0,PA166182742,"Annotation of FDA Label for talazoparib and ATM, ATR, BRCA1, BRCA2, CDK12, CHEK2, FANCA, MLH1, MRE11, NBN, PALB2, RAD51C",ATM,talazoparib
ATR,talazoparib,FDA,Testing Required,0,0,0,PA166182742,"Annotation of FDA Label for talazoparib and ATM, ATR, BRCA1, BRCA2, CDK12, CHEK2, FANCA, MLH1, MRE11, NBN, PALB2, RAD51C",ATR,talazoparib
BRCA1,talazoparib,FDA,Testing Required,0,0,0,PA166182742,"Annotation of FDA Label for talazoparib and ATM, ATR, BRCA1, BRCA2, CDK12, CHEK2, FANCA, MLH1, MRE11, NBN, PALB2, RAD51C",BRCA1,talazoparib
BRCA2,talazoparib,FDA,Testing Required,0,0,0,PA166182742,"Annotation of FDA Label for talazoparib and ATM, ATR, BRCA1, BRCA2, CDK12, CHEK2, FANCA, MLH1, MRE11, NBN, PALB2, RAD51C",BRCA2,talazoparib
CDK12,talazoparib,FDA,Testing Required,0,0,0,PA166182742,"Annotation of FDA Label for talazoparib and ATM, ATR, BRCA1, BRCA2, CDK12, CHEK2, FANCA, MLH1, MRE11, NBN, PALB2, RAD51C",CDK12,talazoparib
CHEK2,talazoparib,FDA,Testing Required,0,0,0,PA166182742,"Annotation of FDA Label for talazoparib and ATM, ATR, BRCA1, BRCA2, CDK12, CHEK2, FANCA, MLH1, MRE11, NBN, PALB2, RAD51C",CHEK2,talazoparib
FANCA,talazoparib,FDA,Testing Required,0,0,0,PA166182742,"Annotation of FDA Label for talazoparib and ATM, ATR, BRCA1, BRCA2, CDK12, CHEK2, FANCA, MLH1, MRE11, NBN, PALB2, RAD51C",FANCA,talazoparib
MLH1,talazoparib,FDA,Testing Required,0,0,0,PA166182742,"Annotation of FDA Label for talazoparib and ATM, ATR, BRCA1, BRCA2, CDK12, CHEK2, FANCA, MLH1, MRE11, NBN, PALB2, RAD51C",MLH1,talazoparib
MRE11,talazoparib,FDA,Testing Required,0,0,0,PA166182742,"Annotation of FDA Label for talazoparib and ATM, ATR, BRCA1, BRCA2, CDK12, CHEK2, FANCA, MLH1, MRE11, NBN, PALB2, RAD51C",MRE11,talazoparib
NBN,talazoparib,FDA,Testing Required,0,0,0,PA166182742,"Annotation of FDA Label for talazoparib and ATM, ATR, BRCA1, BRCA2, CDK12, CHEK2, FANCA, MLH1, MRE11, NBN, PALB2, RAD51C",NBN,talazoparib
PALB2,talazoparib,FDA,Testing Required,0,0,0,PA166182742,"Annotation of FDA Label for talazoparib and ATM, ATR, BRCA1, BRCA2, CDK12, CHEK2, FANCA, MLH1, MRE11, NBN, PALB2, RAD51C",PALB2,talazoparib
RAD51C,talazoparib,FDA,Testing Required,0,0,0,PA166182742,"Annotation of FDA Label for talazoparib and ATM, ATR, BRCA1, BRCA2, CDK12, CHEK2, FANCA, MLH1, MRE11, NBN, PALB2, RAD51C",RAD51C,talazoparib
AKR1D1,cholic acid,FDA,,0,0,0,PA166160056,"Annotation of FDA Label for cholic acid and AKR1D1, AMACR, CYP27A1, CYP7A1, DHCR7, HSD3B2",AKR1D1,cholic acid
AMACR,cholic acid,FDA,,0,0,0,PA166160056,"Annotation of FDA Label for cholic acid and AKR1D1, AMACR, CYP27A1, CYP7A1, DHCR7, HSD3B2",AMACR,cholic acid
CYP27A1,cholic acid,FDA,,0,0,0,PA166160056,"Annotation of FDA Label for cholic acid and AKR1D1, AMACR, CYP27A1, CYP7A1, DHCR7, HSD3B2",CYP27A1,cholic acid
CYP7A1,cholic acid,FDA,,0,0,0,PA166160056,"Annotation of FDA Label for cholic acid and AKR1D1, AMACR, CYP27A1, CYP7A1, DHCR7, HSD3B2",CYP7A1,cholic acid
DHCR7,cholic acid,FDA,,0,0,0,PA166160056,"Annotation of FDA Label for cholic acid and AKR1D1, AMACR, CYP27A1, CYP7A1, DHCR7, HSD3B2",DHCR7,cholic acid
HSD3B2,cholic acid,FDA,,0,0,0,PA166160056,"Annotation of FDA Label for cholic acid and AKR1D1, AMACR, CYP27A1, CYP7A1, DHCR7, HSD3B2",HSD3B2,cholic acid
CYP2D6,paliperidone,FDA,No Clinical PGx,0,0,0,PA166184539,Annotation of FDA Label for paliperidone and CYP2D6,CYP2D6,paliperidone
SSTR1,lutetium (177Lu) dotatate,FDA,Testing Required,0,0,0,PA166225001,"Annotation of FDA Label for lutetium (177Lu) dotatate and SSTR1, SSTR2, SSTR3, SSTR4, SSTR5",SSTR1,lutetium (177lu) dotatate
SSTR2,lutetium (177Lu) dotatate,FDA,Testing Required,0,0,0,PA166225001,"Annotation of FDA Label for lutetium (177Lu) dotatate and SSTR1, SSTR2, SSTR3, SSTR4, SSTR5",SSTR2,lutetium (177lu) dotatate
SSTR3,lutetium (177Lu) dotatate,FDA,Testing Required,0,0,0,PA166225001,"Annotation of FDA Label for lutetium (177Lu) dotatate and SSTR1, SSTR2, SSTR3, SSTR4, SSTR5",SSTR3,lutetium (177lu) dotatate
SSTR4,lutetium (177Lu) dotatate,FDA,Testing Required,0,0,0,PA166225001,"Annotation of FDA Label for lutetium (177Lu) dotatate and SSTR1, SSTR2, SSTR3, SSTR4, SSTR5",SSTR4,lutetium (177lu) dotatate
SSTR5,lutetium (177Lu) dotatate,FDA,Testing Required,0,0,0,PA166225001,"Annotation of FDA Label for lutetium (177Lu) dotatate and SSTR1, SSTR2, SSTR3, SSTR4, SSTR5",SSTR5,lutetium (177lu) dotatate
CYP2C19,escitalopram,FDA,Informative PGx,0,0,0,PA166105012,Annotation of FDA Label for escitalopram and CYP2C19,CYP2C19,escitalopram
ASS1,sodium phenylbutyrate,FDA,,0,0,0,PA166114317,"Annotation of FDA Label for sodium phenylbutyrate and ASS1, CPS1, OTC",ASS1,sodium phenylbutyrate
CPS1,sodium phenylbutyrate,FDA,,0,0,0,PA166114317,"Annotation of FDA Label for sodium phenylbutyrate and ASS1, CPS1, OTC",CPS1,sodium phenylbutyrate
OTC,sodium phenylbutyrate,FDA,,0,0,0,PA166114317,"Annotation of FDA Label for sodium phenylbutyrate and ASS1, CPS1, OTC",OTC,sodium phenylbutyrate
IRS4,levothyroxine,FDA,,0,0,0,PA166293701,"Annotation of FDA Label for levothyroxine and IRS4, NKX2-5, PAX8, TBL1X, TSHB",IRS4,levothyroxine
NKX2-5,levothyroxine,FDA,,0,0,0,PA166293701,"Annotation of FDA Label for levothyroxine and IRS4, NKX2-5, PAX8, TBL1X, TSHB",NKX2-5,levothyroxine
PAX8,levothyroxine,FDA,,0,0,0,PA166293701,"Annotation of FDA Label for levothyroxine and IRS4, NKX2-5, PAX8, TBL1X, TSHB",PAX8,levothyroxine
TBL1X,levothyroxine,FDA,,0,0,0,PA166293701,"Annotation of FDA Label for levothyroxine and IRS4, NKX2-5, PAX8, TBL1X, TSHB",TBL1X,levothyroxine
TSHB,levothyroxine,FDA,,0,0,0,PA166293701,"Annotation of FDA Label for levothyroxine and IRS4, NKX2-5, PAX8, TBL1X, TSHB",TSHB,levothyroxine
CYP2D6,deutetrabenazine,FDA,Actionable PGx,1,1,0,PA166169882,Annotation of FDA Label for deutetrabenazine and CYP2D6,CYP2D6,deutetrabenazine
FLT3,midostaurin,FDA,Testing Required,0,0,0,PA166169918,Annotation of FDA Label for midostaurin and FLT3,FLT3,midostaurin
G6PD,pegloticase,FDA,Testing Required,1,0,1,PA166104900,Annotation of FDA Label for pegloticase and G6PD,G6PD,pegloticase
VHL,belzutifan,FDA,,0,0,0,PA166268881,Annotation of FDA Label for belzutifan and VHL,VHL,belzutifan
CYP2D6,duloxetine,FDA,Informative PGx,0,0,0,PA166105010,Annotation of FDA Label for duloxetine and CYP2D6,CYP2D6,duloxetine
ERBB2,tipiracil / trifluridine,FDA,,0,0,0,PA166184636,"Annotation of FDA Label for tipiracil / trifluridine and ERBB2, KRAS",ERBB2,tipiracil / trifluridine
KRAS,tipiracil / trifluridine,FDA,,0,0,0,PA166184636,"Annotation of FDA Label for tipiracil / trifluridine and ERBB2, KRAS",KRAS,tipiracil / trifluridine
IL12A,ustekinumab,FDA,,0,0,0,PA166163414,"Annotation of FDA Label for ustekinumab and IL12A, IL12B, IL23A",IL12A,ustekinumab
IL12B,ustekinumab,FDA,,0,0,0,PA166163414,"Annotation of FDA Label for ustekinumab and IL12A, IL12B, IL23A",IL12B,ustekinumab
IL23A,ustekinumab,FDA,,0,0,0,PA166163414,"Annotation of FDA Label for ustekinumab and IL12A, IL12B, IL23A",IL23A,ustekinumab
IDH2,enasidenib,FDA,Testing Required,0,0,0,PA166177486,Annotation of FDA Label for enasidenib and IDH2,IDH2,enasidenib
CYP2D6,eliglustat,FDA,Testing Required,1,1,0,PA166123487,Annotation of FDA Label for eliglustat and CYP2D6,CYP2D6,eliglustat
CYP2D6,desvenlafaxine,FDA,No Clinical PGx,0,0,0,PA166177483,Annotation of FDA Label for desvenlafaxine and CYP2D6,CYP2D6,desvenlafaxine
HLA-DQA1,lapatinib,FDA,Informative PGx,0,0,0,PA166151878,"Annotation of FDA Label for lapatinib and HLA-DQA1, HLA-DRB1",HLA-DQA1,lapatinib
HLA-DRB1,lapatinib,FDA,Informative PGx,0,0,0,PA166151878,"Annotation of FDA Label for lapatinib and HLA-DQA1, HLA-DRB1",HLA-DRB1,lapatinib
CASR,Parathyroid Hormones And Analogues,FDA,,0,0,0,PA166160040,Annotation of FDA Label for Parathyroid Hormones And Analogues and CASR,CASR,parathyroid hormones and analogues
IFNL3,sofosbuvir,FDA,,0,0,0,PA166122594,Annotation of FDA Label for sofosbuvir and IFNL3,IFNL3,sofosbuvir
EGFR,dacomitinib,FDA,Testing Required,0,0,0,PA166182280,Annotation of FDA Label for dacomitinib and EGFR,EGFR,dacomitinib
ERBB2,palbociclib,FDA,Testing Required,0,0,0,PA166160133,"Annotation of FDA Label for palbociclib and ERBB2, ESR1, ESR2, PIK3CA",ERBB2,palbociclib
ESR1,palbociclib,FDA,Testing Required,0,0,0,PA166160133,"Annotation of FDA Label for palbociclib and ERBB2, ESR1, ESR2, PIK3CA",ESR1,palbociclib
ESR2,palbociclib,FDA,Testing Required,0,0,0,PA166160133,"Annotation of FDA Label for palbociclib and ERBB2, ESR1, ESR2, PIK3CA",ESR2,palbociclib
PIK3CA,palbociclib,FDA,Testing Required,0,0,0,PA166160133,"Annotation of FDA Label for palbociclib and ERBB2, ESR1, ESR2, PIK3CA",PIK3CA,palbociclib
CYP2D6,donepezil,FDA,Informative PGx,0,0,0,PA166105113,Annotation of FDA Label for donepezil and CYP2D6,CYP2D6,donepezil
JAG1,odevixibat,FDA,,0,0,0,PA166314003,"Annotation of FDA Label for odevixibat and JAG1, NOTCH2",JAG1,odevixibat
NOTCH2,odevixibat,FDA,,0,0,0,PA166314003,"Annotation of FDA Label for odevixibat and JAG1, NOTCH2",NOTCH2,odevixibat
ESR1,trastuzumab,FDA,,0,0,0,PA166170939,"Annotation of FDA Label for trastuzumab and ESR1, ESR2, PGR",ESR1,trastuzumab
ESR2,trastuzumab,FDA,,0,0,0,PA166170939,"Annotation of FDA Label for trastuzumab and ESR1, ESR2, PGR",ESR2,trastuzumab
PGR,trastuzumab,FDA,,0,0,0,PA166170939,"Annotation of FDA Label for trastuzumab and ESR1, ESR2, PGR",PGR,trastuzumab
ALK,nivolumab,FDA,Testing Required,0,0,0,PA166191561,"Annotation of FDA Label for nivolumab and ALK, CD274, EGFR",ALK,nivolumab
CD274,nivolumab,FDA,Testing Required,0,0,0,PA166191561,"Annotation of FDA Label for nivolumab and ALK, CD274, EGFR",CD274,nivolumab
EGFR,nivolumab,FDA,Testing Required,0,0,0,PA166191561,"Annotation of FDA Label for nivolumab and ALK, CD274, EGFR",EGFR,nivolumab
BCL2,polatuzumab vedotin,FDA,,0,0,0,PA166313381,"Annotation of FDA Label for polatuzumab vedotin and BCL2, BCL6, MYC",BCL2,polatuzumab vedotin
BCL6,polatuzumab vedotin,FDA,,0,0,0,PA166313381,"Annotation of FDA Label for polatuzumab vedotin and BCL2, BCL6, MYC",BCL6,polatuzumab vedotin
MYC,polatuzumab vedotin,FDA,,0,0,0,PA166313381,"Annotation of FDA Label for polatuzumab vedotin and BCL2, BCL6, MYC",MYC,polatuzumab vedotin
ABL1,omacetaxine,FDA,,0,0,0,PA166114930,"Annotation of FDA Label for omacetaxine and ABL1, BCR",ABL1,omacetaxine
BCR,omacetaxine,FDA,,0,0,0,PA166114930,"Annotation of FDA Label for omacetaxine and ABL1, BCR",BCR,omacetaxine
ERBB2,elacestrant,FDA,Testing Required,0,0,0,PA166313361,"Annotation of FDA Label for elacestrant and ERBB2, ESR1",ERBB2,elacestrant
ESR1,elacestrant,FDA,Testing Required,0,0,0,PA166313361,"Annotation of FDA Label for elacestrant and ERBB2, ESR1",ESR1,elacestrant
LDLR,alirocumab,FDA,,0,0,0,PA166159962,Annotation of FDA Label for alirocumab and LDLR,LDLR,alirocumab
CYP2C9,deuruxolitinib,FDA,Testing Recommended,1,0,1,PA166400362,Annotation of FDA Label for deuruxolitinib and CYP2C9,CYP2C9,deuruxolitinib
ABL1,blinatumomab,EMA,,0,0,0,PA166274001,"Annotation of EMA Label for blinatumomab and ABL1, BCR",ABL1,blinatumomab
BCR,blinatumomab,EMA,,0,0,0,PA166274001,"Annotation of EMA Label for blinatumomab and ABL1, BCR",BCR,blinatumomab
AQP4,ravulizumab,FDA,,0,0,0,PA166277881,"Annotation of FDA Label for ravulizumab and AQP4, CHRNA1, CHRNA3, CHRNA4, CHRNA5, CHRNA6, CHRNA7, CHRNB1, CHRNE",AQP4,ravulizumab
CHRNA1,ravulizumab,FDA,,0,0,0,PA166277881,"Annotation of FDA Label for ravulizumab and AQP4, CHRNA1, CHRNA3, CHRNA4, CHRNA5, CHRNA6, CHRNA7, CHRNB1, CHRNE",CHRNA1,ravulizumab
CHRNA3,ravulizumab,FDA,,0,0,0,PA166277881,"Annotation of FDA Label for ravulizumab and AQP4, CHRNA1, CHRNA3, CHRNA4, CHRNA5, CHRNA6, CHRNA7, CHRNB1, CHRNE",CHRNA3,ravulizumab
CHRNA4,ravulizumab,FDA,,0,0,0,PA166277881,"Annotation of FDA Label for ravulizumab and AQP4, CHRNA1, CHRNA3, CHRNA4, CHRNA5, CHRNA6, CHRNA7, CHRNB1, CHRNE",CHRNA4,ravulizumab
CHRNA5,ravulizumab,FDA,,0,0,0,PA166277881,"Annotation of FDA Label for ravulizumab and AQP4, CHRNA1, CHRNA3, CHRNA4, CHRNA5, CHRNA6, CHRNA7, CHRNB1, CHRNE",CHRNA5,ravulizumab
CHRNA6,ravulizumab,FDA,,0,0,0,PA166277881,"Annotation of FDA Label for ravulizumab and AQP4, CHRNA1, CHRNA3, CHRNA4, CHRNA5, CHRNA6, CHRNA7, CHRNB1, CHRNE",CHRNA6,ravulizumab
CHRNA7,ravulizumab,FDA,,0,0,0,PA166277881,"Annotation of FDA Label for ravulizumab and AQP4, CHRNA1, CHRNA3, CHRNA4, CHRNA5, CHRNA6, CHRNA7, CHRNB1, CHRNE",CHRNA7,ravulizumab
CHRNB1,ravulizumab,FDA,,0,0,0,PA166277881,"Annotation of FDA Label for ravulizumab and AQP4, CHRNA1, CHRNA3, CHRNA4, CHRNA5, CHRNA6, CHRNA7, CHRNB1, CHRNE",CHRNB1,ravulizumab
CHRNE,ravulizumab,FDA,,0,0,0,PA166277881,"Annotation of FDA Label for ravulizumab and AQP4, CHRNA1, CHRNA3, CHRNA4, CHRNA5, CHRNA6, CHRNA7, CHRNB1, CHRNE",CHRNE,ravulizumab
AQP4,satralizumab,HCSC,,0,0,0,PA166278621,Annotation of HCSC Label for satralizumab and AQP4,AQP4,satralizumab
MS4A1,ibritumomab,FDA,,0,0,0,PA166114921,Annotation of FDA Label for ibritumomab and MS4A1,MS4A1,ibritumomab
AQP4,eculizumab,HCSC,,0,0,0,PA166281101,"Annotation of HCSC Label for eculizumab and AQP4, CHRNA1, CHRNA3, CHRNA4, CHRNA5, CHRNA6, CHRNA7, CHRNB1, CHRNE",AQP4,eculizumab
CHRNA1,eculizumab,HCSC,,0,0,0,PA166281101,"Annotation of HCSC Label for eculizumab and AQP4, CHRNA1, CHRNA3, CHRNA4, CHRNA5, CHRNA6, CHRNA7, CHRNB1, CHRNE",CHRNA1,eculizumab
CHRNA3,eculizumab,HCSC,,0,0,0,PA166281101,"Annotation of HCSC Label for eculizumab and AQP4, CHRNA1, CHRNA3, CHRNA4, CHRNA5, CHRNA6, CHRNA7, CHRNB1, CHRNE",CHRNA3,eculizumab
CHRNA4,eculizumab,HCSC,,0,0,0,PA166281101,"Annotation of HCSC Label for eculizumab and AQP4, CHRNA1, CHRNA3, CHRNA4, CHRNA5, CHRNA6, CHRNA7, CHRNB1, CHRNE",CHRNA4,eculizumab
CHRNA5,eculizumab,HCSC,,0,0,0,PA166281101,"Annotation of HCSC Label for eculizumab and AQP4, CHRNA1, CHRNA3, CHRNA4, CHRNA5, CHRNA6, CHRNA7, CHRNB1, CHRNE",CHRNA5,eculizumab
CHRNA6,eculizumab,HCSC,,0,0,0,PA166281101,"Annotation of HCSC Label for eculizumab and AQP4, CHRNA1, CHRNA3, CHRNA4, CHRNA5, CHRNA6, CHRNA7, CHRNB1, CHRNE",CHRNA6,eculizumab
CHRNA7,eculizumab,HCSC,,0,0,0,PA166281101,"Annotation of HCSC Label for eculizumab and AQP4, CHRNA1, CHRNA3, CHRNA4, CHRNA5, CHRNA6, CHRNA7, CHRNB1, CHRNE",CHRNA7,eculizumab
CHRNB1,eculizumab,HCSC,,0,0,0,PA166281101,"Annotation of HCSC Label for eculizumab and AQP4, CHRNA1, CHRNA3, CHRNA4, CHRNA5, CHRNA6, CHRNA7, CHRNB1, CHRNE",CHRNB1,eculizumab
CHRNE,eculizumab,HCSC,,0,0,0,PA166281101,"Annotation of HCSC Label for eculizumab and AQP4, CHRNA1, CHRNA3, CHRNA4, CHRNA5, CHRNA6, CHRNA7, CHRNB1, CHRNE",CHRNE,eculizumab
CHRNA1,efgartigimod alfa,EMA,,0,0,0,PA166281121,"Annotation of EMA Label for efgartigimod alfa and CHRNA1, CHRNA3, CHRNA4, CHRNA5, CHRNA6, CHRNA7, CHRNB1, CHRNE",CHRNA1,efgartigimod alfa
CHRNA3,efgartigimod alfa,EMA,,0,0,0,PA166281121,"Annotation of EMA Label for efgartigimod alfa and CHRNA1, CHRNA3, CHRNA4, CHRNA5, CHRNA6, CHRNA7, CHRNB1, CHRNE",CHRNA3,efgartigimod alfa
CHRNA4,efgartigimod alfa,EMA,,0,0,0,PA166281121,"Annotation of EMA Label for efgartigimod alfa and CHRNA1, CHRNA3, CHRNA4, CHRNA5, CHRNA6, CHRNA7, CHRNB1, CHRNE",CHRNA4,efgartigimod alfa
CHRNA5,efgartigimod alfa,EMA,,0,0,0,PA166281121,"Annotation of EMA Label for efgartigimod alfa and CHRNA1, CHRNA3, CHRNA4, CHRNA5, CHRNA6, CHRNA7, CHRNB1, CHRNE",CHRNA5,efgartigimod alfa
CHRNA6,efgartigimod alfa,EMA,,0,0,0,PA166281121,"Annotation of EMA Label for efgartigimod alfa and CHRNA1, CHRNA3, CHRNA4, CHRNA5, CHRNA6, CHRNA7, CHRNB1, CHRNE",CHRNA6,efgartigimod alfa
CHRNA7,efgartigimod alfa,EMA,,0,0,0,PA166281121,"Annotation of EMA Label for efgartigimod alfa and CHRNA1, CHRNA3, CHRNA4, CHRNA5, CHRNA6, CHRNA7, CHRNB1, CHRNE",CHRNA7,efgartigimod alfa
CHRNB1,efgartigimod alfa,EMA,,0,0,0,PA166281121,"Annotation of EMA Label for efgartigimod alfa and CHRNA1, CHRNA3, CHRNA4, CHRNA5, CHRNA6, CHRNA7, CHRNB1, CHRNE",CHRNB1,efgartigimod alfa
CHRNE,efgartigimod alfa,EMA,,0,0,0,PA166281121,"Annotation of EMA Label for efgartigimod alfa and CHRNA1, CHRNA3, CHRNA4, CHRNA5, CHRNA6, CHRNA7, CHRNB1, CHRNE",CHRNE,efgartigimod alfa
AQP4,inebilizumab,EMA,,0,0,0,PA166273541,Annotation of EMA Label for inebilizumab and AQP4,AQP4,inebilizumab
AQP4,satralizumab,EMA,,0,0,0,PA166272761,Annotation of EMA Label for satralizumab and AQP4,AQP4,satralizumab
MYD88,zanubrutinib,EMA,,0,0,0,PA166272123,Annotation of EMA Label for zanubrutinib and MYD88,MYD88,zanubrutinib
MYD88,zanubrutinib,HCSC,,0,0,0,PA166273081,Annotation of HCSC Label for zanubrutinib and MYD88,MYD88,zanubrutinib
ESR1,goserelin,FDA,,0,0,0,PA166182758,"Annotation of FDA Label for goserelin and ESR1, ESR2, PGR",ESR1,goserelin
ESR2,goserelin,FDA,,0,0,0,PA166182758,"Annotation of FDA Label for goserelin and ESR1, ESR2, PGR",ESR2,goserelin
PGR,goserelin,FDA,,0,0,0,PA166182758,"Annotation of FDA Label for goserelin and ESR1, ESR2, PGR",PGR,goserelin
HBB,voxelotor,EMA,,0,0,0,PA166272141,Annotation of EMA Label for voxelotor and HBB,HBB,voxelotor
FGFR3,erdafitinib,FDA,Testing Required,0,0,0,PA166182721,Annotation of FDA Label for erdafitinib and FGFR3,FGFR3,erdafitinib
CYP2C9,erdafitinib,FDA,Actionable PGx,1,0,0,PA166182722,Annotation of FDA Label for erdafitinib and CYP2C9,CYP2C9,erdafitinib
APOE,lecanemab,FDA,Testing Required,1,0,0,PA166313401,Annotation of FDA Label for lecanemab and APOE,APOE,lecanemab
MECP2,trofinetide,FDA,,0,0,0,PA166316281,Annotation of FDA Label for trofinetide and MECP2,MECP2,trofinetide
MT-RNR1,plazomicin,FDA,Actionable PGx,1,0,1,PA166316301,Annotation of FDA Label for plazomicin and MT-RNR1,MT-RNR1,plazomicin
MT-RNR1,amikacin,FDA,Actionable PGx,1,0,1,PA166316321,Annotation of FDA Label for amikacin and MT-RNR1,MT-RNR1,amikacin
MT-RNR1,tobramycin,FDA,Actionable PGx,1,0,1,PA166316341,Annotation of FDA Label for tobramycin and MT-RNR1,MT-RNR1,tobramycin
ERBB2,alpelisib,FDA,Testing Required,0,0,0,PA166184524,"Annotation of FDA Label for alpelisib and ERBB2, ESR1, ESR2, PIK3CA",ERBB2,alpelisib
ESR1,alpelisib,FDA,Testing Required,0,0,0,PA166184524,"Annotation of FDA Label for alpelisib and ERBB2, ESR1, ESR2, PIK3CA",ESR1,alpelisib
ESR2,alpelisib,FDA,Testing Required,0,0,0,PA166184524,"Annotation of FDA Label for alpelisib and ERBB2, ESR1, ESR2, PIK3CA",ESR2,alpelisib
PIK3CA,alpelisib,FDA,Testing Required,0,0,0,PA166184524,"Annotation of FDA Label for alpelisib and ERBB2, ESR1, ESR2, PIK3CA",PIK3CA,alpelisib
PROC,estradiol / progesterone,FDA,Actionable PGx,1,0,1,PA166190261,"Annotation of FDA Label for estradiol / progesterone and PROC, PROS1, SERPINC1",PROC,estradiol / progesterone
PROS1,estradiol / progesterone,FDA,Actionable PGx,1,0,1,PA166190261,"Annotation of FDA Label for estradiol / progesterone and PROC, PROS1, SERPINC1",PROS1,estradiol / progesterone
SERPINC1,estradiol / progesterone,FDA,Actionable PGx,1,0,1,PA166190261,"Annotation of FDA Label for estradiol / progesterone and PROC, PROS1, SERPINC1",SERPINC1,estradiol / progesterone
DMD,casimersen,FDA,Testing Required,0,0,0,PA166251561,Annotation of FDA Label for casimersen and DMD,DMD,casimersen
SLCO1B1,viloxazine,FDA,,0,0,0,PA166251621,Annotation of FDA Label for viloxazine and SLCO1B1,SLCO1B1,viloxazine
BRCA1,olaparib,FDA,Testing Required,0,0,0,PA166159964,"Annotation of FDA Label for olaparib and BRCA1, BRCA2, ERBB2",BRCA1,olaparib
BRCA2,olaparib,FDA,Testing Required,0,0,0,PA166159964,"Annotation of FDA Label for olaparib and BRCA1, BRCA2, ERBB2",BRCA2,olaparib
ERBB2,olaparib,FDA,Testing Required,0,0,0,PA166159964,"Annotation of FDA Label for olaparib and BRCA1, BRCA2, ERBB2",ERBB2,olaparib
HLA-B,cabotegravir / rilpivirine,FDA,,0,0,0,PA166251522,Annotation of FDA Label for cabotegravir / rilpivirine and HLA-B,HLA-B,cabotegravir / rilpivirine
MT-RNR1,gentamicin,FDA,Actionable PGx,1,0,1,PA166316381,Annotation of FDA Label for gentamicin and MT-RNR1,MT-RNR1,gentamicin
MT-RNR1,streptomycin,FDA,Actionable PGx,1,0,1,PA166316361,Annotation of FDA Label for streptomycin and MT-RNR1,MT-RNR1,streptomycin
CYP2C19,mavacamten,EMA,Testing Required,1,1,0,PA166317641,Annotation of EMA Label for mavacamten and CYP2C19,CYP2C19,mavacamten
ABL1,asciminib,EMA,Testing Required,0,0,0,PA166317521,"Annotation of EMA Label for asciminib and ABL1, BCR",ABL1,asciminib
BCR,asciminib,EMA,Testing Required,0,0,0,PA166317521,"Annotation of EMA Label for asciminib and ABL1, BCR",BCR,asciminib
CYP2D6,viloxazine,FDA,Informative PGx,0,0,0,PA166251601,Annotation of FDA Label for viloxazine and CYP2D6,CYP2D6,viloxazine
NAT2,procainamide,FDA,Informative PGx,0,0,0,PA166184754,Annotation of FDA Label for procainamide and NAT2,NAT2,procainamide
FCGR2A,margetuximab,FDA,No Clinical PGx,0,0,0,PA166235901,"Annotation of FDA Label for margetuximab and FCGR2A, FCGR2B, FCGR3A",FCGR2A,margetuximab
FCGR2B,margetuximab,FDA,No Clinical PGx,0,0,0,PA166235901,"Annotation of FDA Label for margetuximab and FCGR2A, FCGR2B, FCGR3A",FCGR2B,margetuximab
FCGR3A,margetuximab,FDA,No Clinical PGx,0,0,0,PA166235901,"Annotation of FDA Label for margetuximab and FCGR2A, FCGR2B, FCGR3A",FCGR3A,margetuximab
FGFR2,futibatinib,EMA,Testing Required,0,0,0,PA166317601,Annotation of EMA Label for futibatinib and FGFR2,FGFR2,futibatinib
CDKL5,ganaxolone,EMA,Testing Required,0,0,0,PA166317541,Annotation of EMA Label for ganaxolone and CDKL5,CDKL5,ganaxolone
KRAS,adagrasib,EMA,Testing Required,0,0,0,PA166317441,Annotation of EMA Label for adagrasib and KRAS,KRAS,adagrasib
FOLR1,mirvetuximab soravtansine,EMA,Testing Required,0,0,0,PA166317461,Annotation of EMA Label for mirvetuximab soravtansine and FOLR1,FOLR1,mirvetuximab soravtansine
PKLR,mitapivat,EMA,,0,0,0,PA166317681,Annotation of EMA Label for mitapivat and PKLR,PKLR,mitapivat
MET,capmatinib,EMA,Testing Required,0,0,0,PA166317581,Annotation of EMA Label for capmatinib and MET,MET,capmatinib
FIP1L1,mepolizumab,FDA,,0,0,0,PA166319021,"Annotation of FDA Label for mepolizumab and FIP1L1, PDGFRA",FIP1L1,mepolizumab
PDGFRA,mepolizumab,FDA,,0,0,0,PA166319021,"Annotation of FDA Label for mepolizumab and FIP1L1, PDGFRA",PDGFRA,mepolizumab
TTR,vutrisiran,HCSC,,0,0,0,PA166317907,Annotation of HCSC Label for vutrisiran and TTR,TTR,vutrisiran
CYP2C9,rimegepant,HCSC,No Clinical PGx,0,0,0,PA166317948,Annotation of HCSC Label for rimegepant and CYP2C9,CYP2C9,rimegepant
CD274,durvalumab,HCSC,,0,0,0,PA166294083,Annotation of HCSC Label for durvalumab and CD274,CD274,durvalumab
CHRNA1,rozanolixizumab,FDA,,0,0,0,PA166317221,"Annotation of FDA Label for rozanolixizumab and CHRNA1, CHRNA3, CHRNA4, CHRNA5, CHRNA6, CHRNA7, CHRNB1, CHRNE, MUSK",CHRNA1,rozanolixizumab
CHRNA3,rozanolixizumab,FDA,,0,0,0,PA166317221,"Annotation of FDA Label for rozanolixizumab and CHRNA1, CHRNA3, CHRNA4, CHRNA5, CHRNA6, CHRNA7, CHRNB1, CHRNE, MUSK",CHRNA3,rozanolixizumab
CHRNA4,rozanolixizumab,FDA,,0,0,0,PA166317221,"Annotation of FDA Label for rozanolixizumab and CHRNA1, CHRNA3, CHRNA4, CHRNA5, CHRNA6, CHRNA7, CHRNB1, CHRNE, MUSK",CHRNA4,rozanolixizumab
CHRNA5,rozanolixizumab,FDA,,0,0,0,PA166317221,"Annotation of FDA Label for rozanolixizumab and CHRNA1, CHRNA3, CHRNA4, CHRNA5, CHRNA6, CHRNA7, CHRNB1, CHRNE, MUSK",CHRNA5,rozanolixizumab
CHRNA6,rozanolixizumab,FDA,,0,0,0,PA166317221,"Annotation of FDA Label for rozanolixizumab and CHRNA1, CHRNA3, CHRNA4, CHRNA5, CHRNA6, CHRNA7, CHRNB1, CHRNE, MUSK",CHRNA6,rozanolixizumab
CHRNA7,rozanolixizumab,FDA,,0,0,0,PA166317221,"Annotation of FDA Label for rozanolixizumab and CHRNA1, CHRNA3, CHRNA4, CHRNA5, CHRNA6, CHRNA7, CHRNB1, CHRNE, MUSK",CHRNA7,rozanolixizumab
CHRNB1,rozanolixizumab,FDA,,0,0,0,PA166317221,"Annotation of FDA Label for rozanolixizumab and CHRNA1, CHRNA3, CHRNA4, CHRNA5, CHRNA6, CHRNA7, CHRNB1, CHRNE, MUSK",CHRNB1,rozanolixizumab
CHRNE,rozanolixizumab,FDA,,0,0,0,PA166317221,"Annotation of FDA Label for rozanolixizumab and CHRNA1, CHRNA3, CHRNA4, CHRNA5, CHRNA6, CHRNA7, CHRNB1, CHRNE, MUSK",CHRNE,rozanolixizumab
MUSK,rozanolixizumab,FDA,,0,0,0,PA166317221,"Annotation of FDA Label for rozanolixizumab and CHRNA1, CHRNA3, CHRNA4, CHRNA5, CHRNA6, CHRNA7, CHRNB1, CHRNE, MUSK",MUSK,rozanolixizumab
PIK3CD,leniolisib,FDA,,0,0,0,PA166317281,"Annotation of FDA Label for leniolisib and PIK3CD, PIK3R1",PIK3CD,leniolisib
PIK3R1,leniolisib,FDA,,0,0,0,PA166317281,"Annotation of FDA Label for leniolisib and PIK3CD, PIK3R1",PIK3R1,leniolisib
BRCA1,sacituzumab govitecan,FDA,,0,0,0,PA166319001,"Annotation of FDA Label for sacituzumab govitecan and BRCA1, BRCA2",BRCA1,sacituzumab govitecan
BRCA2,sacituzumab govitecan,FDA,,0,0,0,PA166319001,"Annotation of FDA Label for sacituzumab govitecan and BRCA1, BRCA2",BRCA2,sacituzumab govitecan
SOD1,tofersen,FDA,,0,0,0,PA166319101,Annotation of FDA Label for tofersen and SOD1,SOD1,tofersen
LMNA,lonafarnib,EMA,Testing Required,0,0,0,PA166317881,"Annotation of EMA Label for lonafarnib and LMNA, ZMPSTE24",LMNA,lonafarnib
ZMPSTE24,lonafarnib,EMA,Testing Required,0,0,0,PA166317881,"Annotation of EMA Label for lonafarnib and LMNA, ZMPSTE24",ZMPSTE24,lonafarnib
G6PD,"Ascorbic acid (vitamin C), combinations",FDA,Actionable PGx,1,1,0,PA166293282,"Annotation of FDA Label for Ascorbic acid (vitamin C), combinations, Ascorbic acid (vitamin C), plain, sodium ascorbate and G6PD",G6PD,"ascorbic acid (vitamin c), combinations"
G6PD,"Ascorbic acid (vitamin C), plain",FDA,Actionable PGx,1,1,0,PA166293282,"Annotation of FDA Label for Ascorbic acid (vitamin C), combinations, Ascorbic acid (vitamin C), plain, sodium ascorbate and G6PD",G6PD,"ascorbic acid (vitamin c), plain"
G6PD,sodium ascorbate,FDA,Actionable PGx,1,1,0,PA166293282,"Annotation of FDA Label for Ascorbic acid (vitamin C), combinations, Ascorbic acid (vitamin C), plain, sodium ascorbate and G6PD",G6PD,sodium ascorbate
AGPAT2,metreleptin,HCSC,Testing Required,0,0,0,PA166317943,"Annotation of HCSC Label for metreleptin and AGPAT2, BSCL2, LEP, LMNB2",AGPAT2,metreleptin
BSCL2,metreleptin,HCSC,Testing Required,0,0,0,PA166317943,"Annotation of HCSC Label for metreleptin and AGPAT2, BSCL2, LEP, LMNB2",BSCL2,metreleptin
LEP,metreleptin,HCSC,Testing Required,0,0,0,PA166317943,"Annotation of HCSC Label for metreleptin and AGPAT2, BSCL2, LEP, LMNB2",LEP,metreleptin
LMNB2,metreleptin,HCSC,Testing Required,0,0,0,PA166317943,"Annotation of HCSC Label for metreleptin and AGPAT2, BSCL2, LEP, LMNB2",LMNB2,metreleptin
CYP2C19,mavacamten,HCSC,Informative PGx,0,0,0,PA166317981,Annotation of HCSC Label for mavacamten and CYP2C19,CYP2C19,mavacamten
LEPR,setmelanotide,HCSC,Testing Required,0,0,0,PA166318001,"Annotation of HCSC Label for setmelanotide and LEPR, PCSK1, POMC",LEPR,setmelanotide
PCSK1,setmelanotide,HCSC,Testing Required,0,0,0,PA166318001,"Annotation of HCSC Label for setmelanotide and LEPR, PCSK1, POMC",PCSK1,setmelanotide
POMC,setmelanotide,HCSC,Testing Required,0,0,0,PA166318001,"Annotation of HCSC Label for setmelanotide and LEPR, PCSK1, POMC",POMC,setmelanotide
ERBB2,sacituzumab govitecan,FDA,Testing Required,0,0,0,PA166318981,"Annotation of FDA Label for sacituzumab govitecan and ERBB2, ESR1, ESR2",ERBB2,sacituzumab govitecan
ESR1,sacituzumab govitecan,FDA,Testing Required,0,0,0,PA166318981,"Annotation of FDA Label for sacituzumab govitecan and ERBB2, ESR1, ESR2",ESR1,sacituzumab govitecan
ESR2,sacituzumab govitecan,FDA,Testing Required,0,0,0,PA166318981,"Annotation of FDA Label for sacituzumab govitecan and ERBB2, ESR1, ESR2",ESR2,sacituzumab govitecan
CPOX,givosiran,EMA,,0,0,0,PA166283781,"Annotation of EMA Label for givosiran and CPOX, HMBS, PPOX",CPOX,givosiran
HMBS,givosiran,EMA,,0,0,0,PA166283781,"Annotation of EMA Label for givosiran and CPOX, HMBS, PPOX",HMBS,givosiran
PPOX,givosiran,EMA,,0,0,0,PA166283781,"Annotation of EMA Label for givosiran and CPOX, HMBS, PPOX",PPOX,givosiran
NTRK1,entrectinib,EMA,Testing Required,0,0,0,PA166284042,"Annotation of EMA Label for entrectinib and NTRK1, NTRK2, NTRK3, ROS1",NTRK1,entrectinib
NTRK2,entrectinib,EMA,Testing Required,0,0,0,PA166284042,"Annotation of EMA Label for entrectinib and NTRK1, NTRK2, NTRK3, ROS1",NTRK2,entrectinib
NTRK3,entrectinib,EMA,Testing Required,0,0,0,PA166284042,"Annotation of EMA Label for entrectinib and NTRK1, NTRK2, NTRK3, ROS1",NTRK3,entrectinib
ROS1,entrectinib,EMA,Testing Required,0,0,0,PA166284042,"Annotation of EMA Label for entrectinib and NTRK1, NTRK2, NTRK3, ROS1",ROS1,entrectinib
CD33,gemtuzumab ozogamicin,EMA,Testing Required,0,0,0,PA166283922,Annotation of EMA Label for gemtuzumab ozogamicin and CD33,CD33,gemtuzumab ozogamicin
CYP2D6,galantamine,Swissmedic,Informative PGx,0,0,0,PA166184454,Annotation of Swissmedic Label for galantamine and CYP2D6,CYP2D6,galantamine
ALK,durvalumab,EMA,Testing Required,0,0,0,PA166294041,"Annotation of EMA Label for durvalumab and ALK, CD274, EGFR",ALK,durvalumab
CD274,durvalumab,EMA,Testing Required,0,0,0,PA166294041,"Annotation of EMA Label for durvalumab and ALK, CD274, EGFR",CD274,durvalumab
EGFR,durvalumab,EMA,Testing Required,0,0,0,PA166294041,"Annotation of EMA Label for durvalumab and ALK, CD274, EGFR",EGFR,durvalumab
RET,vandetanib,EMA,Testing Required,0,0,0,PA166122907,Annotation of EMA Label for vandetanib and RET,RET,vandetanib
HLA-A,ipilimumab,FDA,No Clinical PGx,0,0,0,PA166182719,Annotation of FDA Label for ipilimumab and HLA-A,HLA-A,ipilimumab
ALK,tremelimumab,EMA,Testing Required,0,0,0,PA166362221,"Annotation of EMA Label for tremelimumab and ALK, EGFR",ALK,tremelimumab
EGFR,tremelimumab,EMA,Testing Required,0,0,0,PA166362221,"Annotation of EMA Label for tremelimumab and ALK, EGFR",EGFR,tremelimumab
MS4A1,rituximab,HCSC,,0,0,0,PA166362241,Annotation of HCSC Label for rituximab and MS4A1,MS4A1,rituximab
MS4A1,ofatumumab,HCSC,,0,0,0,PA166362261,Annotation of HCSC Label for ofatumumab and MS4A1,MS4A1,ofatumumab
MS4A1,ofatumumab,FDA,,0,0,0,PA166105059,Annotation of FDA Label for ofatumumab and MS4A1,MS4A1,ofatumumab
APOB,lomitapide,EMA,Testing Required,0,0,0,PA166121250,"Annotation of EMA Label for lomitapide and APOB, LDLR, PCSK9",APOB,lomitapide
LDLR,lomitapide,EMA,Testing Required,0,0,0,PA166121250,"Annotation of EMA Label for lomitapide and APOB, LDLR, PCSK9",LDLR,lomitapide
PCSK9,lomitapide,EMA,Testing Required,0,0,0,PA166121250,"Annotation of EMA Label for lomitapide and APOB, LDLR, PCSK9",PCSK9,lomitapide
CYP3A4,ruxolitinib,EMA,,0,0,0,PA166123388,Annotation of EMA Label for ruxolitinib and CYP3A4,CYP3A4,ruxolitinib
CYP3A4,sirolimus,EMA,,0,0,0,PA166123411,Annotation of EMA Label for sirolimus and CYP3A4,CYP3A4,sirolimus
CYP3A4,zonisamide,EMA,,0,0,0,PA166123413,Annotation of EMA Label for zonisamide and CYP3A4,CYP3A4,zonisamide
CYP3A4,fosamprenavir,EMA,,0,0,0,PA166123420,Annotation of EMA Label for fosamprenavir and CYP3A4,CYP3A4,fosamprenavir
MS4A1,ofatumumab,EMA,,0,0,0,PA166121252,Annotation of EMA Label for ofatumumab and MS4A1,MS4A1,ofatumumab
CYP3A4,darunavir,EMA,,0,0,0,PA166123424,Annotation of EMA Label for darunavir and CYP3A4,CYP3A4,darunavir
CYP3A4,nelfinavir,EMA,,0,0,0,PA166105315,Annotation of EMA Label for nelfinavir and CYP3A4,CYP3A4,nelfinavir
LDLR,atorvastatin,PMDA,,0,0,0,PA166123529,Annotation of PMDA Label for atorvastatin and LDLR,LDLR,atorvastatin
CYP2D6,tolterodine,PMDA,Informative PGx,0,0,0,PA166123549,Annotation of PMDA Label for tolterodine and CYP2D6,CYP2D6,tolterodine
HLA-B,abacavir,PMDA,Informative PGx,0,0,0,PA166123553,Annotation of PMDA Label for abacavir and HLA-B,HLA-B,abacavir
CYP2C19,esomeprazole,EMA,No Clinical PGx,0,0,0,PA166120286,Annotation of EMA Label for esomeprazole and CYP2C19,CYP2C19,esomeprazole
ABCB11,odevixibat,HCSC,,0,0,0,PA166317944,Annotation of HCSC Label for odevixibat and ABCB11,ABCB11,odevixibat
IFNL3,boceprevir,HCSC,No Clinical PGx,0,0,0,PA166127640,Annotation of HCSC Label for boceprevir and IFNL3,IFNL3,boceprevir
CYP2C19,axitinib,EMA,No Clinical PGx,0,0,0,PA166123387,"Annotation of EMA Label for axitinib and CYP2C19, UGT1A1",CYP2C19,axitinib
UGT1A1,axitinib,EMA,No Clinical PGx,0,0,0,PA166123387,"Annotation of EMA Label for axitinib and CYP2C19, UGT1A1",UGT1A1,axitinib
CYP2D6,metoprolol,HCSC,Informative PGx,0,0,0,PA166127691,Annotation of HCSC Label for metoprolol and CYP2D6,CYP2D6,metoprolol
CYP2C19,omeprazole,PMDA,Informative PGx,0,0,0,PA166160720,Annotation of PMDA Label for omeprazole and CYP2C19,CYP2C19,omeprazole
NAT2,isoniazid,PMDA,Informative PGx,0,0,0,PA166161087,Annotation of PMDA Label for isoniazid and NAT2,NAT2,isoniazid
G6PD,metabutethamine,Swissmedic,Actionable PGx,1,0,0,PA166183789,Annotation of Swissmedic Label for metabutethamine and G6PD,G6PD,metabutethamine
IFNL3,daclatasvir,Swissmedic,Informative PGx,0,0,0,PA166184129,Annotation of Swissmedic Label for daclatasvir and IFNL3,IFNL3,daclatasvir
CYP2C19,brivaracetam,Swissmedic,Informative PGx,0,0,0,PA166184380,"Annotation of Swissmedic Label for brivaracetam and CYP2C19, CYP2C9",CYP2C19,brivaracetam
CYP2C9,brivaracetam,Swissmedic,Informative PGx,0,0,0,PA166184380,"Annotation of Swissmedic Label for brivaracetam and CYP2C19, CYP2C9",CYP2C9,brivaracetam
FLT3,venetoclax,EMA,,0,0,0,PA166272161,"Annotation of EMA Label for venetoclax and FLT3, IDH1, IDH2, NPM1, TP53",FLT3,venetoclax
IDH1,venetoclax,EMA,,0,0,0,PA166272161,"Annotation of EMA Label for venetoclax and FLT3, IDH1, IDH2, NPM1, TP53",IDH1,venetoclax
IDH2,venetoclax,EMA,,0,0,0,PA166272161,"Annotation of EMA Label for venetoclax and FLT3, IDH1, IDH2, NPM1, TP53",IDH2,venetoclax
NPM1,venetoclax,EMA,,0,0,0,PA166272161,"Annotation of EMA Label for venetoclax and FLT3, IDH1, IDH2, NPM1, TP53",NPM1,venetoclax
TP53,venetoclax,EMA,,0,0,0,PA166272161,"Annotation of EMA Label for venetoclax and FLT3, IDH1, IDH2, NPM1, TP53",TP53,venetoclax
CYP2D6,upadacitinib,EMA,,0,0,0,PA166272181,Annotation of EMA Label for upadacitinib and CYP2D6,CYP2D6,upadacitinib
FLT3,venetoclax,HCSC,,0,0,0,PA166272261,"Annotation of HCSC Label for venetoclax and FLT3, IDH1, IDH2, NPM1, TP53",FLT3,venetoclax
IDH1,venetoclax,HCSC,,0,0,0,PA166272261,"Annotation of HCSC Label for venetoclax and FLT3, IDH1, IDH2, NPM1, TP53",IDH1,venetoclax
IDH2,venetoclax,HCSC,,0,0,0,PA166272261,"Annotation of HCSC Label for venetoclax and FLT3, IDH1, IDH2, NPM1, TP53",IDH2,venetoclax
NPM1,venetoclax,HCSC,,0,0,0,PA166272261,"Annotation of HCSC Label for venetoclax and FLT3, IDH1, IDH2, NPM1, TP53",NPM1,venetoclax
TP53,venetoclax,HCSC,,0,0,0,PA166272261,"Annotation of HCSC Label for venetoclax and FLT3, IDH1, IDH2, NPM1, TP53",TP53,venetoclax
TTR,tafamidis,EMA,,0,0,0,PA166272621,Annotation of EMA Label for tafamidis and TTR,TTR,tafamidis
ERBB2,tipiracil / trifluridine,EMA,,0,0,0,PA166272681,"Annotation of EMA Label for tipiracil / trifluridine and ERBB2, KRAS",ERBB2,tipiracil / trifluridine
KRAS,tipiracil / trifluridine,EMA,,0,0,0,PA166272681,"Annotation of EMA Label for tipiracil / trifluridine and ERBB2, KRAS",KRAS,tipiracil / trifluridine
JAK2,ropeginterferon alfa-2b,EMA,,0,0,0,PA166272741,Annotation of EMA Label for ropeginterferon alfa-2b and JAK2,JAK2,ropeginterferon alfa-2b
CFTR,elexacaftor / tezacaftor / ivacaftor,EMA,Testing Required,0,0,0,PA166283001,Annotation of EMA Label for elexacaftor / tezacaftor / ivacaftor and CFTR,CFTR,elexacaftor / tezacaftor / ivacaftor
CFTR,elexacaftor / tezacaftor / ivacaftor,HCSC,Testing Required,0,0,0,PA166283021,Annotation of HCSC Label for elexacaftor / tezacaftor / ivacaftor and CFTR,CFTR,elexacaftor / tezacaftor / ivacaftor
HBB,crizanlizumab-tmca,EMA,,0,0,0,PA166278461,"Annotation of EMA Label for crizanlizumab-tmca and HBB, SELP",HBB,crizanlizumab-tmca
SELP,crizanlizumab-tmca,EMA,,0,0,0,PA166278461,"Annotation of EMA Label for crizanlizumab-tmca and HBB, SELP",SELP,crizanlizumab-tmca
SMN2,nusinersen,HCSC,,0,0,0,PA166282861,Annotation of HCSC Label for nusinersen and SMN2,SMN2,nusinersen
IFNAR1,anifrolumab,HCSC,,0,0,0,PA166277721,Annotation of HCSC Label for anifrolumab and IFNAR1,IFNAR1,anifrolumab
BRAF,pembrolizumab,HCSC,,0,0,0,PA166284661,Annotation of HCSC Label for pembrolizumab and BRAF,BRAF,pembrolizumab
KRAS,regorafenib,HCSC,,0,0,0,PA166284701,Annotation of HCSC Label for regorafenib and KRAS,KRAS,regorafenib
CYP2C19,abrocitinib,EMA,No Clinical PGx,0,0,0,PA166272981,"Annotation of EMA Label for abrocitinib and CYP2C19, CYP2C9",CYP2C19,abrocitinib
CYP2C9,abrocitinib,EMA,No Clinical PGx,0,0,0,PA166272981,"Annotation of EMA Label for abrocitinib and CYP2C19, CYP2C9",CYP2C9,abrocitinib
CYP2C19,abrocitinib,HCSC,No Clinical PGx,0,0,0,PA166273001,"Annotation of HCSC Label for abrocitinib and CYP2C19, CYP2C9",CYP2C19,abrocitinib
CYP2C9,abrocitinib,HCSC,No Clinical PGx,0,0,0,PA166273001,"Annotation of HCSC Label for abrocitinib and CYP2C19, CYP2C9",CYP2C9,abrocitinib
BRCA1,niraparib,EMA,Informative PGx,0,0,0,PA166273321,"Annotation of EMA Label for niraparib and BRCA1, BRCA2",BRCA1,niraparib
BRCA2,niraparib,EMA,Informative PGx,0,0,0,PA166273321,"Annotation of EMA Label for niraparib and BRCA1, BRCA2",BRCA2,niraparib
CYP1A2,rucaparib,EMA,No Clinical PGx,0,0,0,PA166183424,"Annotation of EMA Label for rucaparib and CYP1A2, CYP2D6",CYP1A2,rucaparib
CYP2D6,rucaparib,EMA,No Clinical PGx,0,0,0,PA166183424,"Annotation of EMA Label for rucaparib and CYP1A2, CYP2D6",CYP2D6,rucaparib
BCHE,succinylcholine,HCSC,Actionable PGx,1,0,1,PA166127713,"Annotation of HCSC Label for succinylcholine and BCHE, CACNA1S, RYR1",BCHE,succinylcholine
CACNA1S,succinylcholine,HCSC,Actionable PGx,1,0,1,PA166127713,"Annotation of HCSC Label for succinylcholine and BCHE, CACNA1S, RYR1",CACNA1S,succinylcholine
RYR1,succinylcholine,HCSC,Actionable PGx,1,0,1,PA166127713,"Annotation of HCSC Label for succinylcholine and BCHE, CACNA1S, RYR1",RYR1,succinylcholine
CYP2C9,meloxicam,HCSC,,0,0,0,PA166283181,Annotation of HCSC Label for meloxicam and CYP2C9,CYP2C9,meloxicam
CYP2B6,ospemifene,HCSC,,0,0,0,PA166281781,"Annotation of HCSC Label for ospemifene and CYP2B6, CYP2C9",CYP2B6,ospemifene
CYP2C9,ospemifene,HCSC,,0,0,0,PA166281781,"Annotation of HCSC Label for ospemifene and CYP2B6, CYP2C9",CYP2C9,ospemifene
BRAF,nivolumab,HCSC,,0,0,0,PA166284741,Annotation of HCSC Label for nivolumab and BRAF,BRAF,nivolumab
ABL1,asciminib,HCSC,Testing Required,0,0,0,PA166273981,"Annotation of HCSC Label for asciminib and ABL1, BCR",ABL1,asciminib
BCR,asciminib,HCSC,Testing Required,0,0,0,PA166273981,"Annotation of HCSC Label for asciminib and ABL1, BCR",BCR,asciminib
UGT1A1,nilotinib,FDA,Informative PGx,0,0,0,PA166151853,Annotation of FDA Label for nilotinib and UGT1A1,UGT1A1,nilotinib
EGFR,cetuximab,EMA,Testing Required,0,0,0,PA166104908,"Annotation of EMA Label for cetuximab and EGFR, KRAS, NRAS",EGFR,cetuximab
KRAS,cetuximab,EMA,Testing Required,0,0,0,PA166104908,"Annotation of EMA Label for cetuximab and EGFR, KRAS, NRAS",KRAS,cetuximab
NRAS,cetuximab,EMA,Testing Required,0,0,0,PA166104908,"Annotation of EMA Label for cetuximab and EGFR, KRAS, NRAS",NRAS,cetuximab
TTR,eplontersen,EMA,,0,0,0,PA166329121,Annotation of EMA Label for eplontersen and TTR,TTR,eplontersen
FLT3,quizartinib,HCSC,Testing Required,0,0,0,PA166329141,Annotation of HCSC Label for quizartinib and FLT3,FLT3,quizartinib
KRAS,fruquintinib,EMA,,0,0,0,PA166329481,Annotation of EMA Label for fruquintinib and KRAS,KRAS,fruquintinib
NTRK1,repotrectinib,FDA,Testing Required,0,0,0,PA166329322,"Annotation of FDA Label for repotrectinib and NTRK1, NTRK2, NTRK3, ROS1",NTRK1,repotrectinib
NTRK2,repotrectinib,FDA,Testing Required,0,0,0,PA166329322,"Annotation of FDA Label for repotrectinib and NTRK1, NTRK2, NTRK3, ROS1",NTRK2,repotrectinib
NTRK3,repotrectinib,FDA,Testing Required,0,0,0,PA166329322,"Annotation of FDA Label for repotrectinib and NTRK1, NTRK2, NTRK3, ROS1",NTRK3,repotrectinib
ROS1,repotrectinib,FDA,Testing Required,0,0,0,PA166329322,"Annotation of FDA Label for repotrectinib and NTRK1, NTRK2, NTRK3, ROS1",ROS1,repotrectinib
KRAS,fruquintinib,HCSC,,0,0,0,PA166329501,Annotation of HCSC Label for fruquintinib and KRAS,KRAS,fruquintinib
AKT1,capivasertib,EMA,Testing Required,0,0,0,PA166328941,"Annotation of EMA Label for capivasertib and AKT1, ERBB2, ESR1, ESR2, PIK3CD, PTEN",AKT1,capivasertib
ERBB2,capivasertib,EMA,Testing Required,0,0,0,PA166328941,"Annotation of EMA Label for capivasertib and AKT1, ERBB2, ESR1, ESR2, PIK3CD, PTEN",ERBB2,capivasertib
ESR1,capivasertib,EMA,Testing Required,0,0,0,PA166328941,"Annotation of EMA Label for capivasertib and AKT1, ERBB2, ESR1, ESR2, PIK3CD, PTEN",ESR1,capivasertib
ESR2,capivasertib,EMA,Testing Required,0,0,0,PA166328941,"Annotation of EMA Label for capivasertib and AKT1, ERBB2, ESR1, ESR2, PIK3CD, PTEN",ESR2,capivasertib
PIK3CD,capivasertib,EMA,Testing Required,0,0,0,PA166328941,"Annotation of EMA Label for capivasertib and AKT1, ERBB2, ESR1, ESR2, PIK3CD, PTEN",PIK3CD,capivasertib
PTEN,capivasertib,EMA,Testing Required,0,0,0,PA166328941,"Annotation of EMA Label for capivasertib and AKT1, ERBB2, ESR1, ESR2, PIK3CD, PTEN",PTEN,capivasertib
AKT1,capivasertib,FDA,Testing Required,0,0,0,PA166328921,"Annotation of FDA Label for capivasertib and AKT1, ERBB2, ESR1, ESR2, PIK3CA, PTEN",AKT1,capivasertib
ERBB2,capivasertib,FDA,Testing Required,0,0,0,PA166328921,"Annotation of FDA Label for capivasertib and AKT1, ERBB2, ESR1, ESR2, PIK3CA, PTEN",ERBB2,capivasertib
ESR1,capivasertib,FDA,Testing Required,0,0,0,PA166328921,"Annotation of FDA Label for capivasertib and AKT1, ERBB2, ESR1, ESR2, PIK3CA, PTEN",ESR1,capivasertib
ESR2,capivasertib,FDA,Testing Required,0,0,0,PA166328921,"Annotation of FDA Label for capivasertib and AKT1, ERBB2, ESR1, ESR2, PIK3CA, PTEN",ESR2,capivasertib
PIK3CA,capivasertib,FDA,Testing Required,0,0,0,PA166328921,"Annotation of FDA Label for capivasertib and AKT1, ERBB2, ESR1, ESR2, PIK3CA, PTEN",PIK3CA,capivasertib
PTEN,capivasertib,FDA,Testing Required,0,0,0,PA166328921,"Annotation of FDA Label for capivasertib and AKT1, ERBB2, ESR1, ESR2, PIK3CA, PTEN",PTEN,capivasertib
AKT1,capivasertib,HCSC,Testing Required,0,0,0,PA166328961,"Annotation of HCSC Label for capivasertib and AKT1, ERBB2, ESR1, ESR2, PIK3CA, PTEN",AKT1,capivasertib
ERBB2,capivasertib,HCSC,Testing Required,0,0,0,PA166328961,"Annotation of HCSC Label for capivasertib and AKT1, ERBB2, ESR1, ESR2, PIK3CA, PTEN",ERBB2,capivasertib
ESR1,capivasertib,HCSC,Testing Required,0,0,0,PA166328961,"Annotation of HCSC Label for capivasertib and AKT1, ERBB2, ESR1, ESR2, PIK3CA, PTEN",ESR1,capivasertib
ESR2,capivasertib,HCSC,Testing Required,0,0,0,PA166328961,"Annotation of HCSC Label for capivasertib and AKT1, ERBB2, ESR1, ESR2, PIK3CA, PTEN",ESR2,capivasertib
PIK3CA,capivasertib,HCSC,Testing Required,0,0,0,PA166328961,"Annotation of HCSC Label for capivasertib and AKT1, ERBB2, ESR1, ESR2, PIK3CA, PTEN",PIK3CA,capivasertib
PTEN,capivasertib,HCSC,Testing Required,0,0,0,PA166328961,"Annotation of HCSC Label for capivasertib and AKT1, ERBB2, ESR1, ESR2, PIK3CA, PTEN",PTEN,capivasertib
TTR,eplontersen,FDA,Testing Required,0,0,0,PA166329101,Annotation of FDA Label for eplontersen and TTR,TTR,eplontersen
FLT3,quizartinib,FDA,Testing Required,0,0,0,PA166329221,Annotation of FDA Label for quizartinib and FLT3,FLT3,quizartinib
FLT3,quizartinib,EMA,Testing Required,0,0,0,PA166329241,Annotation of EMA Label for quizartinib and FLT3,FLT3,quizartinib
BTK,pirtobrutinib,FDA,,0,0,0,PA166329341,"Annotation of FDA Label for pirtobrutinib and BTK, IGH, TP53",BTK,pirtobrutinib
IGH,pirtobrutinib,FDA,,0,0,0,PA166329341,"Annotation of FDA Label for pirtobrutinib and BTK, IGH, TP53",IGH,pirtobrutinib
TP53,pirtobrutinib,FDA,,0,0,0,PA166329341,"Annotation of FDA Label for pirtobrutinib and BTK, IGH, TP53",TP53,pirtobrutinib
TTR,eplontersen,HCSC,,0,0,0,PA166329122,Annotation of HCSC Label for eplontersen and TTR,TTR,eplontersen
BTK,pirtobrutinib,EMA,,0,0,0,PA166329441,Annotation of EMA Label for pirtobrutinib and BTK,BTK,pirtobrutinib
KRAS,fruquintinib,FDA,,0,0,0,PA166329525,Annotation of FDA Label for fruquintinib and KRAS,KRAS,fruquintinib
MYCN,eflornithine,FDA,No Clinical PGx,0,0,0,PA166328981,Annotation of FDA Label for eflornithine and MYCN,MYCN,eflornithine
BRAF,trametinib,HCSC,Testing Required,0,0,0,PA166127722,Annotation of HCSC Label for trametinib and BRAF,BRAF,trametinib
CHRNA1,zilucoplan,EMA,,0,0,0,PA166329782,"Annotation of EMA Label for zilucoplan and CHRNA1, CHRNA3, CHRNA4, CHRNA5, CHRNA6, CHRNA7, CHRNB1, CHRNE",CHRNA1,zilucoplan
CHRNA3,zilucoplan,EMA,,0,0,0,PA166329782,"Annotation of EMA Label for zilucoplan and CHRNA1, CHRNA3, CHRNA4, CHRNA5, CHRNA6, CHRNA7, CHRNB1, CHRNE",CHRNA3,zilucoplan
CHRNA4,zilucoplan,EMA,,0,0,0,PA166329782,"Annotation of EMA Label for zilucoplan and CHRNA1, CHRNA3, CHRNA4, CHRNA5, CHRNA6, CHRNA7, CHRNB1, CHRNE",CHRNA4,zilucoplan
CHRNA5,zilucoplan,EMA,,0,0,0,PA166329782,"Annotation of EMA Label for zilucoplan and CHRNA1, CHRNA3, CHRNA4, CHRNA5, CHRNA6, CHRNA7, CHRNB1, CHRNE",CHRNA5,zilucoplan
CHRNA6,zilucoplan,EMA,,0,0,0,PA166329782,"Annotation of EMA Label for zilucoplan and CHRNA1, CHRNA3, CHRNA4, CHRNA5, CHRNA6, CHRNA7, CHRNB1, CHRNE",CHRNA6,zilucoplan
CHRNA7,zilucoplan,EMA,,0,0,0,PA166329782,"Annotation of EMA Label for zilucoplan and CHRNA1, CHRNA3, CHRNA4, CHRNA5, CHRNA6, CHRNA7, CHRNB1, CHRNE",CHRNA7,zilucoplan
CHRNB1,zilucoplan,EMA,,0,0,0,PA166329782,"Annotation of EMA Label for zilucoplan and CHRNA1, CHRNA3, CHRNA4, CHRNA5, CHRNA6, CHRNA7, CHRNB1, CHRNE",CHRNB1,zilucoplan
CHRNE,zilucoplan,EMA,,0,0,0,PA166329782,"Annotation of EMA Label for zilucoplan and CHRNA1, CHRNA3, CHRNA4, CHRNA5, CHRNA6, CHRNA7, CHRNB1, CHRNE",CHRNE,zilucoplan
CHRNA1,zilucoplan,FDA,,0,0,0,PA166329781,"Annotation of FDA Label for zilucoplan and CHRNA1, CHRNA3, CHRNA4, CHRNA5, CHRNA6, CHRNA7, CHRNB1, CHRNE",CHRNA1,zilucoplan
CHRNA3,zilucoplan,FDA,,0,0,0,PA166329781,"Annotation of FDA Label for zilucoplan and CHRNA1, CHRNA3, CHRNA4, CHRNA5, CHRNA6, CHRNA7, CHRNB1, CHRNE",CHRNA3,zilucoplan
CHRNA4,zilucoplan,FDA,,0,0,0,PA166329781,"Annotation of FDA Label for zilucoplan and CHRNA1, CHRNA3, CHRNA4, CHRNA5, CHRNA6, CHRNA7, CHRNB1, CHRNE",CHRNA4,zilucoplan
CHRNA5,zilucoplan,FDA,,0,0,0,PA166329781,"Annotation of FDA Label for zilucoplan and CHRNA1, CHRNA3, CHRNA4, CHRNA5, CHRNA6, CHRNA7, CHRNB1, CHRNE",CHRNA5,zilucoplan
CHRNA6,zilucoplan,FDA,,0,0,0,PA166329781,"Annotation of FDA Label for zilucoplan and CHRNA1, CHRNA3, CHRNA4, CHRNA5, CHRNA6, CHRNA7, CHRNB1, CHRNE",CHRNA6,zilucoplan
CHRNA7,zilucoplan,FDA,,0,0,0,PA166329781,"Annotation of FDA Label for zilucoplan and CHRNA1, CHRNA3, CHRNA4, CHRNA5, CHRNA6, CHRNA7, CHRNB1, CHRNE",CHRNA7,zilucoplan
CHRNB1,zilucoplan,FDA,,0,0,0,PA166329781,"Annotation of FDA Label for zilucoplan and CHRNA1, CHRNA3, CHRNA4, CHRNA5, CHRNA6, CHRNA7, CHRNB1, CHRNE",CHRNB1,zilucoplan
CHRNE,zilucoplan,FDA,,0,0,0,PA166329781,"Annotation of FDA Label for zilucoplan and CHRNA1, CHRNA3, CHRNA4, CHRNA5, CHRNA6, CHRNA7, CHRNB1, CHRNE",CHRNE,zilucoplan
VHL,belzutifan,HCSC,,0,0,0,PA166277981,Annotation of HCSC Label for belzutifan and VHL,VHL,belzutifan
APC,nirogacestat,EMA,,0,0,0,PA166330081,"Annotation of EMA Label for nirogacestat and APC, CTNNB1",APC,nirogacestat
CTNNB1,nirogacestat,EMA,,0,0,0,PA166330081,"Annotation of EMA Label for nirogacestat and APC, CTNNB1",CTNNB1,nirogacestat
AGXT,nedosiran,EMA,,0,0,0,PA166330041,Annotation of EMA Label for nedosiran and AGXT,AGXT,nedosiran
AGXT,nedosiran,HCSC,,0,0,0,PA166330042,Annotation of HCSC Label for nedosiran and AGXT,AGXT,nedosiran
APC,nirogacestat,HCSC,,0,0,0,PA166330082,"Annotation of HCSC Label for nirogacestat and APC, CTNNB1",APC,nirogacestat
CTNNB1,nirogacestat,HCSC,,0,0,0,PA166330082,"Annotation of HCSC Label for nirogacestat and APC, CTNNB1",CTNNB1,nirogacestat
APC,nirogacestat,FDA,,0,0,0,PA166330101,"Annotation of FDA Label for nirogacestat and APC, CTNNB1",APC,nirogacestat
CTNNB1,nirogacestat,FDA,,0,0,0,PA166330101,"Annotation of FDA Label for nirogacestat and APC, CTNNB1",CTNNB1,nirogacestat
IFNAR1,anifrolumab,EMA,,0,0,0,PA166277701,Annotation of EMA Label for anifrolumab and IFNAR1,IFNAR1,anifrolumab
CYP2C9,etrasimod,EMA,Actionable PGx,1,0,1,PA166329261,Annotation of EMA Label for etrasimod and CYP2C9,CYP2C9,etrasimod
CYP2C9,etrasimod,HCSC,Informative PGx,0,0,0,PA166329181,Annotation of HCSC Label for etrasimod and CYP2C9,CYP2C9,etrasimod
AGXT,nedosiran,FDA,,0,0,0,PA166330061,Annotation of FDA Label for nedosiran and AGXT,AGXT,nedosiran
HLA-A,tebentafusp,HCSC,Testing Required,0,0,0,PA166277801,Annotation of HCSC Label for tebentafusp and HLA-A,HLA-A,tebentafusp
ABCB11,odevixibat,EMA,,0,0,0,PA166269742,Annotation of EMA Label for odevixibat and ABCB11,ABCB11,odevixibat
CYP2C9,etrasimod,FDA,Informative PGx,0,0,0,PA166329161,Annotation of FDA Label for etrasimod and CYP2C9,CYP2C9,etrasimod
CYP2C9,siponimod,HCSC,Testing Required,1,1,1,PA166278581,Annotation of HCSC Label for siponimod and CYP2C9,CYP2C9,siponimod
BRAF,encorafenib,HCSC,Testing Required,0,0,0,PA166284542,Annotation of HCSC Label for encorafenib and BRAF,BRAF,encorafenib
ALK,alectinib,HCSC,Testing Required,0,0,0,PA166286181,Annotation of HCSC Label for alectinib and ALK,ALK,alectinib
PDGFRA,avapritinib,EMA,Testing Required,0,0,0,PA166230001,Annotation of EMA Label for avapritinib and PDGFRA,PDGFRA,avapritinib
ALK,cemiplimab-rwlc,EMA,Testing Required,0,0,0,PA166278421,"Annotation of EMA Label for cemiplimab-rwlc and ALK, CD274, EGFR, ROS1",ALK,cemiplimab-rwlc
CD274,cemiplimab-rwlc,EMA,Testing Required,0,0,0,PA166278421,"Annotation of EMA Label for cemiplimab-rwlc and ALK, CD274, EGFR, ROS1",CD274,cemiplimab-rwlc
EGFR,cemiplimab-rwlc,EMA,Testing Required,0,0,0,PA166278421,"Annotation of EMA Label for cemiplimab-rwlc and ALK, CD274, EGFR, ROS1",EGFR,cemiplimab-rwlc
ROS1,cemiplimab-rwlc,EMA,Testing Required,0,0,0,PA166278421,"Annotation of EMA Label for cemiplimab-rwlc and ALK, CD274, EGFR, ROS1",ROS1,cemiplimab-rwlc
GLA,migalastat,EMA,Testing Required,0,0,0,PA166183209,Annotation of EMA Label for migalastat and GLA,GLA,migalastat
BRCA1,olaparib,EMA,Testing Required,0,0,0,PA166183243,"Annotation of EMA Label for olaparib and BRCA1, BRCA2, ERBB2",BRCA1,olaparib
BRCA2,olaparib,EMA,Testing Required,0,0,0,PA166183243,"Annotation of EMA Label for olaparib and BRCA1, BRCA2, ERBB2",BRCA2,olaparib
ERBB2,olaparib,EMA,Testing Required,0,0,0,PA166183243,"Annotation of EMA Label for olaparib and BRCA1, BRCA2, ERBB2",ERBB2,olaparib
CYP2D6,eliglustat,HCSC,Testing Required,1,1,1,PA166336642,Annotation of HCSC Label for eliglustat and CYP2D6,CYP2D6,eliglustat
CD33,gemtuzumab ozogamicin,HCSC,Testing Required,0,0,0,PA166284282,Annotation of HCSC Label for gemtuzumab ozogamicin and CD33,CD33,gemtuzumab ozogamicin
HLA-DQA1,lapatinib,HCSC,Informative PGx,0,0,0,PA166335081,"Annotation of HCSC Label for lapatinib and HLA-DQA1, HLA-DRB1",HLA-DQA1,lapatinib
HLA-DRB1,lapatinib,HCSC,Informative PGx,0,0,0,PA166335081,"Annotation of HCSC Label for lapatinib and HLA-DQA1, HLA-DRB1",HLA-DRB1,lapatinib
GBA1,velaglucerase alfa,EMA,,0,0,0,PA166122548,Annotation of EMA Label for velaglucerase alfa and GBA1,GBA1,velaglucerase alfa
ALK,nivolumab,EMA,Testing Required,0,0,0,PA166273301,"Annotation of EMA Label for nivolumab and ALK, CD274, EGFR, ERBB2",ALK,nivolumab
CD274,nivolumab,EMA,Testing Required,0,0,0,PA166273301,"Annotation of EMA Label for nivolumab and ALK, CD274, EGFR, ERBB2",CD274,nivolumab
EGFR,nivolumab,EMA,Testing Required,0,0,0,PA166273301,"Annotation of EMA Label for nivolumab and ALK, CD274, EGFR, ERBB2",EGFR,nivolumab
ERBB2,nivolumab,EMA,Testing Required,0,0,0,PA166273301,"Annotation of EMA Label for nivolumab and ALK, CD274, EGFR, ERBB2",ERBB2,nivolumab
ABL1,bosutinib,HCSC,Testing Required,0,0,0,PA166127641,"Annotation of HCSC Label for bosutinib and ABL1, BCR",ABL1,bosutinib
BCR,bosutinib,HCSC,Testing Required,0,0,0,PA166127641,"Annotation of HCSC Label for bosutinib and ABL1, BCR",BCR,bosutinib
BRCA1,olaparib,HCSC,Testing Required,0,0,0,PA166282882,"Annotation of HCSC Label for olaparib and BRCA1, BRCA2, ERBB2",BRCA1,olaparib
BRCA2,olaparib,HCSC,Testing Required,0,0,0,PA166282882,"Annotation of HCSC Label for olaparib and BRCA1, BRCA2, ERBB2",BRCA2,olaparib
ERBB2,olaparib,HCSC,Testing Required,0,0,0,PA166282882,"Annotation of HCSC Label for olaparib and BRCA1, BRCA2, ERBB2",ERBB2,olaparib
ERBB2,trastuzumab deruxtecan,HCSC,Testing Required,0,0,0,PA166284121,Annotation of HCSC Label for trastuzumab deruxtecan and ERBB2,ERBB2,trastuzumab deruxtecan
FGFR3,erdafitinib,EMA,Testing Required,0,0,0,PA166339221,Annotation of EMA Label for erdafitinib and FGFR3,FGFR3,erdafitinib
KIT,avapritinib,HCSC,,0,0,0,PA166337881,"Annotation of HCSC Label for avapritinib and KIT, PDGFRA",KIT,avapritinib
PDGFRA,avapritinib,HCSC,,0,0,0,PA166337881,"Annotation of HCSC Label for avapritinib and KIT, PDGFRA",PDGFRA,avapritinib
UGT1A1,binimetinib,HCSC,No Clinical PGx,0,0,0,PA166339061,Annotation of HCSC Label for binimetinib and UGT1A1,UGT1A1,binimetinib
MS4A1,obinutuzumab,EMA,,0,0,0,PA166336781,Annotation of EMA Label for obinutuzumab and MS4A1,MS4A1,obinutuzumab
CD274,avelumab,EMA,,0,0,0,PA166337902,Annotation of EMA Label for avelumab and CD274,CD274,avelumab
CHRNA1,efgartigimod alfa,HCSC,,0,0,0,PA166337801,"Annotation of HCSC Label for efgartigimod alfa and CHRNA1, CHRNA3, CHRNA4, CHRNA5, CHRNA6, CHRNA7, CHRNB1, CHRNE",CHRNA1,efgartigimod alfa
CHRNA3,efgartigimod alfa,HCSC,,0,0,0,PA166337801,"Annotation of HCSC Label for efgartigimod alfa and CHRNA1, CHRNA3, CHRNA4, CHRNA5, CHRNA6, CHRNA7, CHRNB1, CHRNE",CHRNA3,efgartigimod alfa
CHRNA4,efgartigimod alfa,HCSC,,0,0,0,PA166337801,"Annotation of HCSC Label for efgartigimod alfa and CHRNA1, CHRNA3, CHRNA4, CHRNA5, CHRNA6, CHRNA7, CHRNB1, CHRNE",CHRNA4,efgartigimod alfa
CHRNA5,efgartigimod alfa,HCSC,,0,0,0,PA166337801,"Annotation of HCSC Label for efgartigimod alfa and CHRNA1, CHRNA3, CHRNA4, CHRNA5, CHRNA6, CHRNA7, CHRNB1, CHRNE",CHRNA5,efgartigimod alfa
CHRNA6,efgartigimod alfa,HCSC,,0,0,0,PA166337801,"Annotation of HCSC Label for efgartigimod alfa and CHRNA1, CHRNA3, CHRNA4, CHRNA5, CHRNA6, CHRNA7, CHRNB1, CHRNE",CHRNA6,efgartigimod alfa
CHRNA7,efgartigimod alfa,HCSC,,0,0,0,PA166337801,"Annotation of HCSC Label for efgartigimod alfa and CHRNA1, CHRNA3, CHRNA4, CHRNA5, CHRNA6, CHRNA7, CHRNB1, CHRNE",CHRNA7,efgartigimod alfa
CHRNB1,efgartigimod alfa,HCSC,,0,0,0,PA166337801,"Annotation of HCSC Label for efgartigimod alfa and CHRNA1, CHRNA3, CHRNA4, CHRNA5, CHRNA6, CHRNA7, CHRNB1, CHRNE",CHRNB1,efgartigimod alfa
CHRNE,efgartigimod alfa,HCSC,,0,0,0,PA166337801,"Annotation of HCSC Label for efgartigimod alfa and CHRNA1, CHRNA3, CHRNA4, CHRNA5, CHRNA6, CHRNA7, CHRNB1, CHRNE",CHRNE,efgartigimod alfa
CD274,avelumab,HCSC,,0,0,0,PA166337901,Annotation of HCSC Label for avelumab and CD274,CD274,avelumab
MS4A1,ibritumomab,HCSC,,0,0,0,PA166339241,Annotation of HCSC Label for ibritumomab and MS4A1,MS4A1,ibritumomab
NLRP3,anakinra,HCSC,,0,0,0,PA166337841,Annotation of HCSC Label for anakinra and NLRP3,NLRP3,anakinra
BRAF,cobimetinib,HCSC,Testing Required,0,0,0,PA166339262,Annotation of HCSC Label for cobimetinib and BRAF,BRAF,cobimetinib
ALK,brigatinib,HCSC,Testing Required,0,0,0,PA166339181,Annotation of HCSC Label for brigatinib and ALK,ALK,brigatinib
ESR1,elacestrant,EMA,Testing Required,0,0,0,PA166339321,Annotation of EMA Label for elacestrant and ESR1,ESR1,elacestrant
FLT3,gilteritinib,EMA,Testing Required,0,0,0,PA166339442,Annotation of EMA Label for gilteritinib and FLT3,FLT3,gilteritinib
FLT3,gilteritinib,HCSC,Testing Required,0,0,0,PA166339443,Annotation of HCSC Label for gilteritinib and FLT3,FLT3,gilteritinib
NTRK1,larotrectinib,HCSC,Testing Required,0,0,0,PA166339461,"Annotation of HCSC Label for larotrectinib and NTRK1, NTRK2, NTRK3",NTRK1,larotrectinib
NTRK2,larotrectinib,HCSC,Testing Required,0,0,0,PA166339461,"Annotation of HCSC Label for larotrectinib and NTRK1, NTRK2, NTRK3",NTRK2,larotrectinib
NTRK3,larotrectinib,HCSC,Testing Required,0,0,0,PA166339461,"Annotation of HCSC Label for larotrectinib and NTRK1, NTRK2, NTRK3",NTRK3,larotrectinib
NTRK1,larotrectinib,EMA,Testing Required,0,0,0,PA166339462,"Annotation of EMA Label for larotrectinib and NTRK1, NTRK2, NTRK3",NTRK1,larotrectinib
NTRK2,larotrectinib,EMA,Testing Required,0,0,0,PA166339462,"Annotation of EMA Label for larotrectinib and NTRK1, NTRK2, NTRK3",NTRK2,larotrectinib
NTRK3,larotrectinib,EMA,Testing Required,0,0,0,PA166339462,"Annotation of EMA Label for larotrectinib and NTRK1, NTRK2, NTRK3",NTRK3,larotrectinib
ALK,lorlatinib,HCSC,Testing Required,0,0,0,PA166339481,Annotation of HCSC Label for lorlatinib and ALK,ALK,lorlatinib
NLRP3,anakinra,EMA,,0,0,0,PA166337861,Annotation of EMA Label for anakinra and NLRP3,NLRP3,anakinra
CYP2C19,atazanavir,FDA,Informative PGx,0,0,0,PA166337961,Annotation of FDA Label for atazanavir and CYP2C19,CYP2C19,atazanavir
BRAF,binimetinib,HCSC,Testing Required,0,0,0,PA166339041,Annotation of HCSC Label for binimetinib and BRAF,BRAF,binimetinib
ALK,pembrolizumab,HCSC,Testing Required,0,0,0,PA166284642,"Annotation of HCSC Label for pembrolizumab and ALK, CD274, EGFR, ERBB2",ALK,pembrolizumab
CD274,pembrolizumab,HCSC,Testing Required,0,0,0,PA166284642,"Annotation of HCSC Label for pembrolizumab and ALK, CD274, EGFR, ERBB2",CD274,pembrolizumab
EGFR,pembrolizumab,HCSC,Testing Required,0,0,0,PA166284642,"Annotation of HCSC Label for pembrolizumab and ALK, CD274, EGFR, ERBB2",EGFR,pembrolizumab
ERBB2,pembrolizumab,HCSC,Testing Required,0,0,0,PA166284642,"Annotation of HCSC Label for pembrolizumab and ALK, CD274, EGFR, ERBB2",ERBB2,pembrolizumab
CYP2C19,axitinib,FDA,No Clinical PGx,0,0,0,PA166340161,"Annotation of FDA Label for axitinib and CYP2C19, UGT1A1",CYP2C19,axitinib
UGT1A1,axitinib,FDA,No Clinical PGx,0,0,0,PA166340161,"Annotation of FDA Label for axitinib and CYP2C19, UGT1A1",UGT1A1,axitinib
CYP2C19,axitinib,HCSC,No Clinical PGx,0,0,0,PA166340181,"Annotation of HCSC Label for axitinib and CYP2C19, UGT1A1",CYP2C19,axitinib
UGT1A1,axitinib,HCSC,No Clinical PGx,0,0,0,PA166340181,"Annotation of HCSC Label for axitinib and CYP2C19, UGT1A1",UGT1A1,axitinib
G6PD,dapsone,FDA,Actionable PGx,1,0,0,PA166344801,Annotation of FDA Label for dapsone and G6PD,G6PD,dapsone
CYP2C9,avatrombopag,HCSC,Actionable PGx,1,0,0,PA166343901,"Annotation of HCSC Label for avatrombopag and CYP2C9, F2, F5, PROC, PROS1, SERPINC1",CYP2C9,avatrombopag
F2,avatrombopag,HCSC,Actionable PGx,1,0,0,PA166343901,"Annotation of HCSC Label for avatrombopag and CYP2C9, F2, F5, PROC, PROS1, SERPINC1",F2,avatrombopag
F5,avatrombopag,HCSC,Actionable PGx,1,0,0,PA166343901,"Annotation of HCSC Label for avatrombopag and CYP2C9, F2, F5, PROC, PROS1, SERPINC1",F5,avatrombopag
PROC,avatrombopag,HCSC,Actionable PGx,1,0,0,PA166343901,"Annotation of HCSC Label for avatrombopag and CYP2C9, F2, F5, PROC, PROS1, SERPINC1",PROC,avatrombopag
PROS1,avatrombopag,HCSC,Actionable PGx,1,0,0,PA166343901,"Annotation of HCSC Label for avatrombopag and CYP2C9, F2, F5, PROC, PROS1, SERPINC1",PROS1,avatrombopag
SERPINC1,avatrombopag,HCSC,Actionable PGx,1,0,0,PA166343901,"Annotation of HCSC Label for avatrombopag and CYP2C9, F2, F5, PROC, PROS1, SERPINC1",SERPINC1,avatrombopag
CYB5R3,dapsone,HCSC,Actionable PGx,1,0,1,PA166344821,Annotation of HCSC Label for dapsone and CYB5R3,CYB5R3,dapsone
UGT1A1,dolutegravir,HCSC,Informative PGx,0,0,0,PA166344841,Annotation of HCSC Label for dolutegravir and UGT1A1,UGT1A1,dolutegravir
NUDT15,azathioprine,HCSC,Testing Required,1,1,0,PA166344641,Annotation of HCSC Label for azathioprine and NUDT15,NUDT15,azathioprine
CYB5R3,bupivacaine,EMA,Actionable PGx,1,0,0,PA166278381,"Annotation of EMA Label for bupivacaine and CYB5R3, G6PD",CYB5R3,bupivacaine
G6PD,bupivacaine,EMA,Actionable PGx,1,0,0,PA166278381,"Annotation of EMA Label for bupivacaine and CYB5R3, G6PD",G6PD,bupivacaine
CYP2C19,flibanserin,FDA,Actionable PGx,1,0,0,PA166345022,Annotation of FDA Label for flibanserin and CYP2C19,CYP2C19,flibanserin
CYP2C9,glyburide,HCSC,Actionable PGx,1,1,0,PA166345321,Annotation of HCSC Label for glyburide and CYP2C9,CYP2C9,glyburide
CYP2C9,glimepiride,HCSC,Actionable PGx,1,1,0,PA166345341,Annotation of HCSC Label for glimepiride and CYP2C9,CYP2C9,glimepiride
ABCG2,rosuvastatin,HCSC,Actionable PGx,1,1,0,PA166345301,"Annotation of HCSC Label for rosuvastatin and ABCG2, SLCO1B1",ABCG2,rosuvastatin
SLCO1B1,rosuvastatin,HCSC,Actionable PGx,1,1,0,PA166345301,"Annotation of HCSC Label for rosuvastatin and ABCG2, SLCO1B1",SLCO1B1,rosuvastatin
CYP2D6,tramadol,HCSC,Informative PGx,0,0,0,PA166344521,Annotation of HCSC Label for tramadol and CYP2D6,CYP2D6,tramadol
APOB,inclisiran,EMA,,0,0,0,PA166273581,"Annotation of EMA Label for inclisiran and APOB, LDLR, PCSK9",APOB,inclisiran
LDLR,inclisiran,EMA,,0,0,0,PA166273581,"Annotation of EMA Label for inclisiran and APOB, LDLR, PCSK9",LDLR,inclisiran
PCSK9,inclisiran,EMA,,0,0,0,PA166273581,"Annotation of EMA Label for inclisiran and APOB, LDLR, PCSK9",PCSK9,inclisiran
CYP2D6,metoclopramide,HCSC,Actionable PGx,1,1,0,PA166345781,Annotation of HCSC Label for metoclopramide and CYP2D6,CYP2D6,metoclopramide
G6PD,primaquine,HCSC,Testing Required,1,1,1,PA166345921,Annotation of HCSC Label for primaquine and G6PD,G6PD,primaquine
HRAS,dabrafenib,HCSC,Actionable PGx,1,0,0,PA166346941,"Annotation of HCSC Label for dabrafenib and HRAS, KRAS, NRAS",HRAS,dabrafenib
KRAS,dabrafenib,HCSC,Actionable PGx,1,0,0,PA166346941,"Annotation of HCSC Label for dabrafenib and HRAS, KRAS, NRAS",KRAS,dabrafenib
NRAS,dabrafenib,HCSC,Actionable PGx,1,0,0,PA166346941,"Annotation of HCSC Label for dabrafenib and HRAS, KRAS, NRAS",NRAS,dabrafenib
TPP1,cerliponase alfa,HCSC,,0,0,0,PA166346841,Annotation of HCSC Label for cerliponase alfa and TPP1,TPP1,cerliponase alfa
HRAS,dabrafenib,EMA,Actionable PGx,1,0,0,PA166338381,"Annotation of EMA Label for dabrafenib and HRAS, KRAS, NRAS",HRAS,dabrafenib
KRAS,dabrafenib,EMA,Actionable PGx,1,0,0,PA166338381,"Annotation of EMA Label for dabrafenib and HRAS, KRAS, NRAS",KRAS,dabrafenib
NRAS,dabrafenib,EMA,Actionable PGx,1,0,0,PA166338381,"Annotation of EMA Label for dabrafenib and HRAS, KRAS, NRAS",NRAS,dabrafenib
GALNS,elosulfase alfa,HCSC,,0,0,0,PA166347081,Annotation of HCSC Label for elosulfase alfa and GALNS,GALNS,elosulfase alfa
MKI67,abemaciclib,FDA,,0,0,0,PA166347141,Annotation of FDA Label for abemaciclib and MKI67,MKI67,abemaciclib
CD274,tremelimumab,FDA,,0,0,0,PA166347181,Annotation of FDA Label for tremelimumab and CD274,CD274,tremelimumab
ARG1,glycerol phenylbutyrate,HCSC,Testing Required,0,0,0,PA166283881,"Annotation of HCSC Label for glycerol phenylbutyrate and ARG1, ASL, ASS1, CPS1, OTC",ARG1,glycerol phenylbutyrate
ASL,glycerol phenylbutyrate,HCSC,Testing Required,0,0,0,PA166283881,"Annotation of HCSC Label for glycerol phenylbutyrate and ARG1, ASL, ASS1, CPS1, OTC",ASL,glycerol phenylbutyrate
ASS1,glycerol phenylbutyrate,HCSC,Testing Required,0,0,0,PA166283881,"Annotation of HCSC Label for glycerol phenylbutyrate and ARG1, ASL, ASS1, CPS1, OTC",ASS1,glycerol phenylbutyrate
CPS1,glycerol phenylbutyrate,HCSC,Testing Required,0,0,0,PA166283881,"Annotation of HCSC Label for glycerol phenylbutyrate and ARG1, ASL, ASS1, CPS1, OTC",CPS1,glycerol phenylbutyrate
OTC,glycerol phenylbutyrate,HCSC,Testing Required,0,0,0,PA166283881,"Annotation of HCSC Label for glycerol phenylbutyrate and ARG1, ASL, ASS1, CPS1, OTC",OTC,glycerol phenylbutyrate
ERBB2,tucatinib,HCSC,,0,0,0,PA166272221,Annotation of HCSC Label for tucatinib and ERBB2,ERBB2,tucatinib
ERBB2,tucatinib,EMA,,0,0,0,PA166272201,Annotation of EMA Label for tucatinib and ERBB2,ERBB2,tucatinib
CYB5R1,metoclopramide,HCSC,Informative PGx,0,0,0,PA166345821,"Annotation of HCSC Label for metoclopramide and CYB5R1, CYB5R2, CYB5R3, CYB5R4, G6PD",CYB5R1,metoclopramide
CYB5R2,metoclopramide,HCSC,Informative PGx,0,0,0,PA166345821,"Annotation of HCSC Label for metoclopramide and CYB5R1, CYB5R2, CYB5R3, CYB5R4, G6PD",CYB5R2,metoclopramide
CYB5R3,metoclopramide,HCSC,Informative PGx,0,0,0,PA166345821,"Annotation of HCSC Label for metoclopramide and CYB5R1, CYB5R2, CYB5R3, CYB5R4, G6PD",CYB5R3,metoclopramide
CYB5R4,metoclopramide,HCSC,Informative PGx,0,0,0,PA166345821,"Annotation of HCSC Label for metoclopramide and CYB5R1, CYB5R2, CYB5R3, CYB5R4, G6PD",CYB5R4,metoclopramide
G6PD,metoclopramide,HCSC,Informative PGx,0,0,0,PA166345821,"Annotation of HCSC Label for metoclopramide and CYB5R1, CYB5R2, CYB5R3, CYB5R4, G6PD",G6PD,metoclopramide
NLRP3,anakinra,FDA,,0,0,0,PA166347161,Annotation of FDA Label for anakinra and NLRP3,NLRP3,anakinra
CYP2D6,mirabegron,HCSC,No Clinical PGx,0,0,0,PA166345861,Annotation of HCSC Label for mirabegron and CYP2D6,CYP2D6,mirabegron
CYP2D6,gefitinib,HCSC,Informative PGx,0,0,0,PA166347361,Annotation of HCSC Label for gefitinib and CYP2D6,CYP2D6,gefitinib
AGXT,lumasiran,EMA,,0,0,0,PA166273441,Annotation of EMA Label for lumasiran and AGXT,AGXT,lumasiran
SSTR1,lutetium (177Lu) dotatate,HCSC,Testing Required,0,0,0,PA166278481,"Annotation of HCSC Label for lutetium (177Lu) dotatate and SSTR1, SSTR2, SSTR3, SSTR4, SSTR5",SSTR1,lutetium (177lu) dotatate
SSTR2,lutetium (177Lu) dotatate,HCSC,Testing Required,0,0,0,PA166278481,"Annotation of HCSC Label for lutetium (177Lu) dotatate and SSTR1, SSTR2, SSTR3, SSTR4, SSTR5",SSTR2,lutetium (177lu) dotatate
SSTR3,lutetium (177Lu) dotatate,HCSC,Testing Required,0,0,0,PA166278481,"Annotation of HCSC Label for lutetium (177Lu) dotatate and SSTR1, SSTR2, SSTR3, SSTR4, SSTR5",SSTR3,lutetium (177lu) dotatate
SSTR4,lutetium (177Lu) dotatate,HCSC,Testing Required,0,0,0,PA166278481,"Annotation of HCSC Label for lutetium (177Lu) dotatate and SSTR1, SSTR2, SSTR3, SSTR4, SSTR5",SSTR4,lutetium (177lu) dotatate
SSTR5,lutetium (177Lu) dotatate,HCSC,Testing Required,0,0,0,PA166278481,"Annotation of HCSC Label for lutetium (177Lu) dotatate and SSTR1, SSTR2, SSTR3, SSTR4, SSTR5",SSTR5,lutetium (177lu) dotatate
AGPAT2,metreleptin,EMA,Testing Required,0,0,0,PA166273381,"Annotation of EMA Label for metreleptin and AGPAT2, BSCL2, LEP, LMNB2",AGPAT2,metreleptin
BSCL2,metreleptin,EMA,Testing Required,0,0,0,PA166273381,"Annotation of EMA Label for metreleptin and AGPAT2, BSCL2, LEP, LMNB2",BSCL2,metreleptin
LEP,metreleptin,EMA,Testing Required,0,0,0,PA166273381,"Annotation of EMA Label for metreleptin and AGPAT2, BSCL2, LEP, LMNB2",LEP,metreleptin
LMNB2,metreleptin,EMA,Testing Required,0,0,0,PA166273381,"Annotation of EMA Label for metreleptin and AGPAT2, BSCL2, LEP, LMNB2",LMNB2,metreleptin
FLT3,midostaurin,HCSC,Testing Required,0,0,0,PA166347601,Annotation of HCSC Label for midostaurin and FLT3,FLT3,midostaurin
GLA,migalastat,HCSC,Testing Required,0,0,0,PA166347622,Annotation of HCSC Label for migalastat and GLA,GLA,migalastat
ERBB2,neratinib,HCSC,Testing Required,0,0,0,PA166347641,Annotation of HCSC Label for neratinib and ERBB2,ERBB2,neratinib
EGFR,osimertinib,HCSC,Testing Required,0,0,0,PA166347741,Annotation of HCSC Label for osimertinib and EGFR,EGFR,osimertinib
EGFR,panitumumab,FDA,,0,0,0,PA166347901,Annotation of FDA Label for panitumumab and EGFR,EGFR,panitumumab
RET,pralsetinib,EMA,Testing Required,0,0,0,PA166273121,Annotation of EMA Label for pralsetinib and RET,RET,pralsetinib
SMN1,risdiplam,HCSC,Testing Required,0,0,0,PA166278701,"Annotation of HCSC Label for risdiplam and SMN1, SMN2",SMN1,risdiplam
SMN2,risdiplam,HCSC,Testing Required,0,0,0,PA166278701,"Annotation of HCSC Label for risdiplam and SMN1, SMN2",SMN2,risdiplam
CYP2D6,paliperidone,EMA,No Clinical PGx,0,0,0,PA166273241,Annotation of EMA Label for paliperidone and CYP2D6,CYP2D6,paliperidone
CYP2D6,darifenacin,EMA,Informative PGx,0,0,0,PA166122966,Annotation of EMA Label for darifenacin and CYP2D6,CYP2D6,darifenacin
HLA-B,pazopanib,EMA,Informative PGx,0,0,0,PA166121326,Annotation of EMA Label for pazopanib and HLA-B,HLA-B,pazopanib
CYP2D6,tamoxifen,HCSC,Informative PGx,0,0,0,PA166347921,Annotation of HCSC Label for tamoxifen and CYP2D6,CYP2D6,tamoxifen
NAT2,sulfasalazine,FDA,Informative PGx,0,0,0,PA166347961,Annotation of FDA Label for sulfasalazine and NAT2,NAT2,sulfasalazine
NAT2,sulfasalazine,HCSC,Informative PGx,0,0,0,PA166347981,Annotation of HCSC Label for sulfasalazine and NAT2,NAT2,sulfasalazine
APOE,aducanumab,FDA,Testing Required,1,0,0,PA166350721,Annotation of FDA Label for aducanumab and APOE,APOE,aducanumab
ACADVL,triheptanoin,HCSC,,0,0,0,PA166350541,"Annotation of HCSC Label for triheptanoin and ACADVL, CPT2, HADHA, HADHB",ACADVL,triheptanoin
CPT2,triheptanoin,HCSC,,0,0,0,PA166350541,"Annotation of HCSC Label for triheptanoin and ACADVL, CPT2, HADHA, HADHB",CPT2,triheptanoin
HADHA,triheptanoin,HCSC,,0,0,0,PA166350541,"Annotation of HCSC Label for triheptanoin and ACADVL, CPT2, HADHA, HADHB",HADHA,triheptanoin
HADHB,triheptanoin,HCSC,,0,0,0,PA166350541,"Annotation of HCSC Label for triheptanoin and ACADVL, CPT2, HADHA, HADHB",HADHB,triheptanoin
ACADVL,triheptanoin,FDA,Testing Required,0,0,0,PA166350521,"Annotation of FDA Label for triheptanoin and ACADVL, CPT2, HADHA, HADHB",ACADVL,triheptanoin
CPT2,triheptanoin,FDA,Testing Required,0,0,0,PA166350521,"Annotation of FDA Label for triheptanoin and ACADVL, CPT2, HADHA, HADHB",CPT2,triheptanoin
HADHA,triheptanoin,FDA,Testing Required,0,0,0,PA166350521,"Annotation of FDA Label for triheptanoin and ACADVL, CPT2, HADHA, HADHB",HADHA,triheptanoin
HADHB,triheptanoin,FDA,Testing Required,0,0,0,PA166350521,"Annotation of FDA Label for triheptanoin and ACADVL, CPT2, HADHA, HADHB",HADHB,triheptanoin
TTR,patisiran,HCSC,Testing Required,0,0,0,PA166350601,Annotation of HCSC Label for patisiran and TTR,TTR,patisiran
TTR,patisiran,FDA,Testing Required,0,0,0,PA166350581,Annotation of FDA Label for patisiran and TTR,TTR,patisiran
MT-RNR1,neomycin,FDA,Actionable PGx,1,0,1,PA166350641,Annotation of FDA Label for neomycin and MT-RNR1,MT-RNR1,neomycin
EGFR,amivantamab,FDA,Testing Required,0,0,0,PA166350682,Annotation of FDA Label for amivantamab and EGFR,EGFR,amivantamab
EGFR,amivantamab,HCSC,Testing Required,0,0,0,PA166350661,Annotation of HCSC Label for amivantamab and EGFR,EGFR,amivantamab
EGFR,amivantamab,EMA,Testing Required,0,0,0,PA166350681,Annotation of EMA Label for amivantamab and EGFR,EGFR,amivantamab
TTR,patisiran,EMA,Testing Required,0,0,0,PA166350602,Annotation of EMA Label for patisiran and TTR,TTR,patisiran
CYP2C19,phenytoin,FDA,Informative PGx,0,0,0,PA166351741,Annotation of FDA Label for phenytoin and CYP2C19,CYP2C19,phenytoin
BRAF,vemurafenib,EMA,Testing Required,0,0,0,PA166114482,Annotation of EMA Label for vemurafenib and BRAF,BRAF,vemurafenib
UGT1A1,indacaterol,EMA,Informative PGx,0,0,0,PA166104779,Annotation of EMA Label for indacaterol and UGT1A1,UGT1A1,indacaterol
UGT1A1,indacaterol,HCSC,No Clinical PGx,0,0,0,PA166413545,Annotation of HCSC Label for indacaterol and UGT1A1,UGT1A1,indacaterol
CYP2D6,acetaminophen / caffeine / dihydrocodeine,FDA,Actionable PGx,1,0,1,PA166246301,Annotation of FDA Label for acetaminophen / caffeine / dihydrocodeine and CYP2D6,CYP2D6,acetaminophen / caffeine / dihydrocodeine
CYP2D6,amphetamine,FDA,Informative PGx,0,0,0,PA166182730,Annotation of FDA Label for amphetamine and CYP2D6,CYP2D6,amphetamine
CYP2D6,amphetamine,HCSC,Informative PGx,0,0,0,PA166340141,Annotation of HCSC Label for amphetamine and CYP2D6,CYP2D6,amphetamine
G6PD,nalidixic acid,FDA,Actionable PGx,1,0,0,PA166104891,Annotation of FDA Label for nalidixic acid and G6PD,G6PD,nalidixic acid
UGT1A1,indacaterol,FDA,No Clinical PGx,0,0,0,PA166104800,Annotation of FDA Label for indacaterol and UGT1A1,UGT1A1,indacaterol
IFNL3,telaprevir,FDA,Informative PGx,0,0,0,PA166104867,Annotation of FDA Label for telaprevir and IFNL3,IFNL3,telaprevir
ERBB2,ixabepilone,FDA,,0,0,0,PA166182724,"Annotation of FDA Label for ixabepilone and ERBB2, ESR1, ESR2, PGR",ERBB2,ixabepilone
ESR1,ixabepilone,FDA,,0,0,0,PA166182724,"Annotation of FDA Label for ixabepilone and ERBB2, ESR1, ESR2, PGR",ESR1,ixabepilone
ESR2,ixabepilone,FDA,,0,0,0,PA166182724,"Annotation of FDA Label for ixabepilone and ERBB2, ESR1, ESR2, PGR",ESR2,ixabepilone
PGR,ixabepilone,FDA,,0,0,0,PA166182724,"Annotation of FDA Label for ixabepilone and ERBB2, ESR1, ESR2, PGR",PGR,ixabepilone
IDH1,ivosidenib,FDA,Testing Required,0,0,0,PA166182727,Annotation of FDA Label for ivosidenib and IDH1,IDH1,ivosidenib
G6PD,chlorpropamide,FDA,Actionable PGx,1,0,1,PA166114910,Annotation of FDA Label for chlorpropamide and G6PD,G6PD,chlorpropamide
CYP2C19,escitalopram,HCSC,Actionable PGx,1,1,0,PA166271481,Annotation of HCSC Label for escitalopram and CYP2C19,CYP2C19,escitalopram
G6PD,glipizide,FDA,Actionable PGx,1,0,1,PA166105148,Annotation of FDA Label for glipizide and G6PD,G6PD,glipizide
G6PD,mepivacaine,FDA,Actionable PGx,1,0,0,PA166182751,Annotation of FDA Label for mepivacaine and G6PD,G6PD,mepivacaine
CFTR,ivacaftor,FDA,Testing Required,0,0,0,PA166104890,Annotation of FDA Label for ivacaftor and CFTR,CFTR,ivacaftor
G6PD,glimepiride,FDA,Actionable PGx,1,0,1,PA166105147,Annotation of FDA Label for glimepiride and G6PD,G6PD,glimepiride
CYP2C19,belzutifan,FDA,Actionable PGx,1,0,0,PA166268882,"Annotation of FDA Label for belzutifan and CYP2C19, UGT2B17",CYP2C19,belzutifan
UGT2B17,belzutifan,FDA,Actionable PGx,1,0,0,PA166268882,"Annotation of FDA Label for belzutifan and CYP2C19, UGT2B17",UGT2B17,belzutifan
CYP2C19,belzutifan,HCSC,Actionable PGx,1,0,0,PA166278001,"Annotation of HCSC Label for belzutifan and CYP2C19, UGT2B17",CYP2C19,belzutifan
UGT2B17,belzutifan,HCSC,Actionable PGx,1,0,0,PA166278001,"Annotation of HCSC Label for belzutifan and CYP2C19, UGT2B17",UGT2B17,belzutifan
CYP2C19,belzutifan,EMA,Actionable PGx,1,0,0,PA166317483,"Annotation of EMA Label for belzutifan and CYP2C19, UGT2B17",CYP2C19,belzutifan
UGT2B17,belzutifan,EMA,Actionable PGx,1,0,0,PA166317483,"Annotation of EMA Label for belzutifan and CYP2C19, UGT2B17",UGT2B17,belzutifan
VHL,belzutifan,EMA,,0,0,0,PA166413941,Annotation of EMA Label for belzutifan and VHL,VHL,belzutifan
CYP2D6,cariprazine,EMA,,0,0,0,PA166413981,Annotation of EMA Label for cariprazine and CYP2D6,CYP2D6,cariprazine
CYP2D6,dronedarone,EMA,Informative PGx,0,0,0,PA166123414,"Annotation of EMA Label for dronedarone and CYP2D6, CYP3A4",CYP2D6,dronedarone
CYP3A4,dronedarone,EMA,Informative PGx,0,0,0,PA166123414,"Annotation of EMA Label for dronedarone and CYP2D6, CYP3A4",CYP3A4,dronedarone
CYP2C19,drospirenone / ethinyl estradiol,FDA,,0,0,0,PA166104814,Annotation of FDA Label for drospirenone / ethinyl estradiol and CYP2C19,CYP2C19,drospirenone / ethinyl estradiol
CYP2D6,duloxetine,HCSC,Informative PGx,0,0,0,PA166355882,Annotation of HCSC Label for duloxetine and CYP2D6,CYP2D6,duloxetine
CYP2B6,efavirenz / emtricitabine / tenofovir disoproxil,FDA,Informative PGx,0,0,0,PA166414521,Annotation of FDA Label for efavirenz / emtricitabine / tenofovir disoproxil and CYP2B6,CYP2B6,efavirenz / emtricitabine / tenofovir disoproxil
F5,ethinyl estradiol / norelgestromin,FDA,Actionable PGx,1,0,1,PA166414701,"Annotation of FDA Label for ethinyl estradiol / norelgestromin and F5, PROC, PROS1, SERPINC1",F5,ethinyl estradiol / norelgestromin
PROC,ethinyl estradiol / norelgestromin,FDA,Actionable PGx,1,0,1,PA166414701,"Annotation of FDA Label for ethinyl estradiol / norelgestromin and F5, PROC, PROS1, SERPINC1",PROC,ethinyl estradiol / norelgestromin
PROS1,ethinyl estradiol / norelgestromin,FDA,Actionable PGx,1,0,1,PA166414701,"Annotation of FDA Label for ethinyl estradiol / norelgestromin and F5, PROC, PROS1, SERPINC1",PROS1,ethinyl estradiol / norelgestromin
SERPINC1,ethinyl estradiol / norelgestromin,FDA,Actionable PGx,1,0,1,PA166414701,"Annotation of FDA Label for ethinyl estradiol / norelgestromin and F5, PROC, PROS1, SERPINC1",SERPINC1,ethinyl estradiol / norelgestromin
CYP2D6,fluoxetine / olanzapine,FDA,Actionable PGx,1,0,0,PA166104788,Annotation of FDA Label for fluoxetine / olanzapine and CYP2D6,CYP2D6,fluoxetine / olanzapine
CYP2C19,lansoprazole,HCSC,Informative PGx,0,0,0,PA166415701,Annotation of HCSC Label for lansoprazole and CYP2C19,CYP2C19,lansoprazole
G6PD,methylene blue,HCSC,Actionable PGx,1,0,0,PA166358301,Annotation of HCSC Label for methylene blue and G6PD,G6PD,methylene blue
CYP2D6,ondansetron,HCSC,No Clinical PGx,0,0,0,PA166416201,Annotation of HCSC Label for ondansetron and CYP2D6,CYP2D6,ondansetron
CYP2D6,ondansetron,FDA,No Clinical PGx,0,0,0,PA166105211,Annotation of FDA Label for ondansetron and CYP2D6,CYP2D6,ondansetron
CYP2D6,pimozide,HCSC,,0,0,0,PA166416301,Annotation of HCSC Label for pimozide and CYP2D6,CYP2D6,pimozide
CYP2D6,pitolisant,EMA,Actionable PGx,1,1,0,PA166273101,Annotation of EMA Label for pitolisant and CYP2D6,CYP2D6,pitolisant
CYP2D6,pitolisant,FDA,Actionable PGx,1,1,0,PA166185168,Annotation of FDA Label for pitolisant and CYP2D6,CYP2D6,pitolisant
CYP2B6,prasugrel,HCSC,No Clinical PGx,0,0,0,PA166358861,"Annotation of HCSC Label for prasugrel and CYP2B6, CYP2C19, CYP2C9, CYP3A5",CYP2B6,prasugrel
CYP2C19,prasugrel,HCSC,No Clinical PGx,0,0,0,PA166358861,"Annotation of HCSC Label for prasugrel and CYP2B6, CYP2C19, CYP2C9, CYP3A5",CYP2C19,prasugrel
CYP2C9,prasugrel,HCSC,No Clinical PGx,0,0,0,PA166358861,"Annotation of HCSC Label for prasugrel and CYP2B6, CYP2C19, CYP2C9, CYP3A5",CYP2C9,prasugrel
CYP3A5,prasugrel,HCSC,No Clinical PGx,0,0,0,PA166358861,"Annotation of HCSC Label for prasugrel and CYP2B6, CYP2C19, CYP2C9, CYP3A5",CYP3A5,prasugrel
CYP2D6,ranolazine,EMA,Actionable PGx,1,0,0,PA166122947,Annotation of EMA Label for ranolazine and CYP2D6,CYP2D6,ranolazine
CYP2D6,ranolazine,HCSC,Informative PGx,0,0,0,PA166416481,Annotation of HCSC Label for ranolazine and CYP2D6,CYP2D6,ranolazine
G6PD,rasburicase,EMA,Actionable PGx,1,0,1,PA166104894,Annotation of EMA Label for rasburicase and G6PD,G6PD,rasburicase
G6PD,rasburicase,FDA,Testing Required,1,0,1,PA166151881,Annotation of FDA Label for rasburicase and G6PD,G6PD,rasburicase
NTRK1,repotrectinib,EMA,Testing Required,0,0,0,PA166329281,"Annotation of EMA Label for repotrectinib and NTRK1, NTRK2, NTRK3, ROS1",NTRK1,repotrectinib
NTRK2,repotrectinib,EMA,Testing Required,0,0,0,PA166329281,"Annotation of EMA Label for repotrectinib and NTRK1, NTRK2, NTRK3, ROS1",NTRK2,repotrectinib
NTRK3,repotrectinib,EMA,Testing Required,0,0,0,PA166329281,"Annotation of EMA Label for repotrectinib and NTRK1, NTRK2, NTRK3, ROS1",NTRK3,repotrectinib
ROS1,repotrectinib,EMA,Testing Required,0,0,0,PA166329281,"Annotation of EMA Label for repotrectinib and NTRK1, NTRK2, NTRK3, ROS1",ROS1,repotrectinib
ERBB2,inavolisib,EMA,Testing Required,0,0,0,PA166416921,"Annotation of EMA Label for inavolisib and ERBB2, ESR1, ESR2, PIK3CA",ERBB2,inavolisib
ESR1,inavolisib,EMA,Testing Required,0,0,0,PA166416921,"Annotation of EMA Label for inavolisib and ERBB2, ESR1, ESR2, PIK3CA",ESR1,inavolisib
ESR2,inavolisib,EMA,Testing Required,0,0,0,PA166416921,"Annotation of EMA Label for inavolisib and ERBB2, ESR1, ESR2, PIK3CA",ESR2,inavolisib
PIK3CA,inavolisib,EMA,Testing Required,0,0,0,PA166416921,"Annotation of EMA Label for inavolisib and ERBB2, ESR1, ESR2, PIK3CA",PIK3CA,inavolisib
SLCO1B1,simvastatin,HCSC,,0,0,0,PA166416941,Annotation of HCSC Label for simvastatin and SLCO1B1,SLCO1B1,simvastatin
SLCO1B1,simvastatin,FDA,,0,0,0,PA166234761,Annotation of FDA Label for simvastatin and SLCO1B1,SLCO1B1,simvastatin
HLA-B,allopurinol,HCSC,Testing Recommended,1,0,1,PA166286161,Annotation of HCSC Label for allopurinol and HLA-B,HLA-B,allopurinol
IGF1,mecasermin,EMA,,0,0,0,PA166353101,Annotation of EMA Label for mecasermin and IGF1,IGF1,mecasermin
CYP2D6,risperidone,FDA,No Clinical PGx,0,0,0,PA166104793,Annotation of FDA Label for risperidone and CYP2D6,CYP2D6,risperidone
NAT2,amifampridine phosphate,FDA,Actionable PGx,1,1,0,PA166182021,Annotation of FDA Label for amifampridine phosphate and NAT2,NAT2,amifampridine phosphate
CFTR,vanzacaftor / tezacaftor / deutivacaftor,HCSC,Testing Required,0,0,0,PA166419701,Annotation of HCSC Label for vanzacaftor / tezacaftor / deutivacaftor and CFTR,CFTR,vanzacaftor / tezacaftor / deutivacaftor
CFTR,vanzacaftor / tezacaftor / deutivacaftor,EMA,Testing Required,0,0,0,PA166402161,Annotation of EMA Label for vanzacaftor / tezacaftor / deutivacaftor and CFTR,CFTR,vanzacaftor / tezacaftor / deutivacaftor
NAT2,isoniazid,FDA,Informative PGx,0,0,0,PA166419721,Annotation of FDA Label for isoniazid and NAT2,NAT2,isoniazid
ATM,talazoparib,HCSC,Testing Required,0,0,0,PA166420501,"Annotation of HCSC Label for talazoparib and ATM, ATR, BRCA1, BRCA2, CDK12, CHEK2, ERBB2, FANCA, MLH1, MRE11, NBN, PALB2, RAD51C",ATM,talazoparib
ATR,talazoparib,HCSC,Testing Required,0,0,0,PA166420501,"Annotation of HCSC Label for talazoparib and ATM, ATR, BRCA1, BRCA2, CDK12, CHEK2, ERBB2, FANCA, MLH1, MRE11, NBN, PALB2, RAD51C",ATR,talazoparib
BRCA1,talazoparib,HCSC,Testing Required,0,0,0,PA166420501,"Annotation of HCSC Label for talazoparib and ATM, ATR, BRCA1, BRCA2, CDK12, CHEK2, ERBB2, FANCA, MLH1, MRE11, NBN, PALB2, RAD51C",BRCA1,talazoparib
BRCA2,talazoparib,HCSC,Testing Required,0,0,0,PA166420501,"Annotation of HCSC Label for talazoparib and ATM, ATR, BRCA1, BRCA2, CDK12, CHEK2, ERBB2, FANCA, MLH1, MRE11, NBN, PALB2, RAD51C",BRCA2,talazoparib
CDK12,talazoparib,HCSC,Testing Required,0,0,0,PA166420501,"Annotation of HCSC Label for talazoparib and ATM, ATR, BRCA1, BRCA2, CDK12, CHEK2, ERBB2, FANCA, MLH1, MRE11, NBN, PALB2, RAD51C",CDK12,talazoparib
CHEK2,talazoparib,HCSC,Testing Required,0,0,0,PA166420501,"Annotation of HCSC Label for talazoparib and ATM, ATR, BRCA1, BRCA2, CDK12, CHEK2, ERBB2, FANCA, MLH1, MRE11, NBN, PALB2, RAD51C",CHEK2,talazoparib
ERBB2,talazoparib,HCSC,Testing Required,0,0,0,PA166420501,"Annotation of HCSC Label for talazoparib and ATM, ATR, BRCA1, BRCA2, CDK12, CHEK2, ERBB2, FANCA, MLH1, MRE11, NBN, PALB2, RAD51C",ERBB2,talazoparib
FANCA,talazoparib,HCSC,Testing Required,0,0,0,PA166420501,"Annotation of HCSC Label for talazoparib and ATM, ATR, BRCA1, BRCA2, CDK12, CHEK2, ERBB2, FANCA, MLH1, MRE11, NBN, PALB2, RAD51C",FANCA,talazoparib
MLH1,talazoparib,HCSC,Testing Required,0,0,0,PA166420501,"Annotation of HCSC Label for talazoparib and ATM, ATR, BRCA1, BRCA2, CDK12, CHEK2, ERBB2, FANCA, MLH1, MRE11, NBN, PALB2, RAD51C",MLH1,talazoparib
MRE11,talazoparib,HCSC,Testing Required,0,0,0,PA166420501,"Annotation of HCSC Label for talazoparib and ATM, ATR, BRCA1, BRCA2, CDK12, CHEK2, ERBB2, FANCA, MLH1, MRE11, NBN, PALB2, RAD51C",MRE11,talazoparib
NBN,talazoparib,HCSC,Testing Required,0,0,0,PA166420501,"Annotation of HCSC Label for talazoparib and ATM, ATR, BRCA1, BRCA2, CDK12, CHEK2, ERBB2, FANCA, MLH1, MRE11, NBN, PALB2, RAD51C",NBN,talazoparib
PALB2,talazoparib,HCSC,Testing Required,0,0,0,PA166420501,"Annotation of HCSC Label for talazoparib and ATM, ATR, BRCA1, BRCA2, CDK12, CHEK2, ERBB2, FANCA, MLH1, MRE11, NBN, PALB2, RAD51C",PALB2,talazoparib
RAD51C,talazoparib,HCSC,Testing Required,0,0,0,PA166420501,"Annotation of HCSC Label for talazoparib and ATM, ATR, BRCA1, BRCA2, CDK12, CHEK2, ERBB2, FANCA, MLH1, MRE11, NBN, PALB2, RAD51C",RAD51C,talazoparib
BRCA1,talazoparib,EMA,Testing Required,0,0,0,PA166183425,"Annotation of EMA Label for talazoparib and BRCA1, BRCA2, ERBB2",BRCA1,talazoparib
BRCA2,talazoparib,EMA,Testing Required,0,0,0,PA166183425,"Annotation of EMA Label for talazoparib and BRCA1, BRCA2, ERBB2",BRCA2,talazoparib
ERBB2,talazoparib,EMA,Testing Required,0,0,0,PA166183425,"Annotation of EMA Label for talazoparib and BRCA1, BRCA2, ERBB2",ERBB2,talazoparib
ERBB2,capecitabine,FDA,Testing Required,0,0,0,PA166293201,Annotation of FDA Label for capecitabine and ERBB2,ERBB2,capecitabine
IDH1,vorasidenib,EMA,Testing Required,0,0,0,PA166421601,"Annotation of EMA Label for vorasidenib and IDH1, IDH2",IDH1,vorasidenib
IDH2,vorasidenib,EMA,Testing Required,0,0,0,PA166421601,"Annotation of EMA Label for vorasidenib and IDH1, IDH2",IDH2,vorasidenib
CYP2D6,fluvoxamine,HCSC,Actionable PGx,1,0,0,PA166357732,Annotation of HCSC Label for fluvoxamine and CYP2D6,CYP2D6,fluvoxamine
ABCB11,maralixibat,FDA,,0,0,0,PA166353901,"Annotation of FDA Label for maralixibat and ABCB11, ABCB4, ATP8B1, MYO5B, TJP2",ABCB11,maralixibat
ABCB4,maralixibat,FDA,,0,0,0,PA166353901,"Annotation of FDA Label for maralixibat and ABCB11, ABCB4, ATP8B1, MYO5B, TJP2",ABCB4,maralixibat
ATP8B1,maralixibat,FDA,,0,0,0,PA166353901,"Annotation of FDA Label for maralixibat and ABCB11, ABCB4, ATP8B1, MYO5B, TJP2",ATP8B1,maralixibat
MYO5B,maralixibat,FDA,,0,0,0,PA166353901,"Annotation of FDA Label for maralixibat and ABCB11, ABCB4, ATP8B1, MYO5B, TJP2",MYO5B,maralixibat
TJP2,maralixibat,FDA,,0,0,0,PA166353901,"Annotation of FDA Label for maralixibat and ABCB11, ABCB4, ATP8B1, MYO5B, TJP2",TJP2,maralixibat
F5,ethinyl estradiol / norelgestromin,EMA,Actionable PGx,1,0,1,PA166120287,"Annotation of EMA Label for ethinyl estradiol / norelgestromin and F5, PROC, PROS1, SERPINC1",F5,ethinyl estradiol / norelgestromin
PROC,ethinyl estradiol / norelgestromin,EMA,Actionable PGx,1,0,1,PA166120287,"Annotation of EMA Label for ethinyl estradiol / norelgestromin and F5, PROC, PROS1, SERPINC1",PROC,ethinyl estradiol / norelgestromin
PROS1,ethinyl estradiol / norelgestromin,EMA,Actionable PGx,1,0,1,PA166120287,"Annotation of EMA Label for ethinyl estradiol / norelgestromin and F5, PROC, PROS1, SERPINC1",PROS1,ethinyl estradiol / norelgestromin
SERPINC1,ethinyl estradiol / norelgestromin,EMA,Actionable PGx,1,0,1,PA166120287,"Annotation of EMA Label for ethinyl estradiol / norelgestromin and F5, PROC, PROS1, SERPINC1",SERPINC1,ethinyl estradiol / norelgestromin
ALDH2,ethanol,FDA,Informative PGx,0,0,0,PA166443801,Annotation of FDA Label for ethanol and ALDH2,ALDH2,ethanol
KMT2A,ziftomenib,EMA,,0,0,0,PA166444283,Annotation of EMA Label for ziftomenib and KMT2A,KMT2A,ziftomenib
CD274,retifanlimab,HCSC,,0,0,0,PA166444841,Annotation of HCSC Label for retifanlimab and CD274,CD274,retifanlimab
NPM1,ziftomenib,EMA,,0,0,0,PA166444284,Annotation of EMA Label for ziftomenib and NPM1,NPM1,ziftomenib
CHRNA1,nipocalimab,EMA,,0,0,0,PA166444861,"Annotation of EMA Label for nipocalimab and CHRNA1, CHRNA3, CHRNA4, CHRNA5, CHRNA6, CHRNA7, CHRNB1, CHRNE, MUSK",CHRNA1,nipocalimab
CHRNA3,nipocalimab,EMA,,0,0,0,PA166444861,"Annotation of EMA Label for nipocalimab and CHRNA1, CHRNA3, CHRNA4, CHRNA5, CHRNA6, CHRNA7, CHRNB1, CHRNE, MUSK",CHRNA3,nipocalimab
CHRNA4,nipocalimab,EMA,,0,0,0,PA166444861,"Annotation of EMA Label for nipocalimab and CHRNA1, CHRNA3, CHRNA4, CHRNA5, CHRNA6, CHRNA7, CHRNB1, CHRNE, MUSK",CHRNA4,nipocalimab
CHRNA5,nipocalimab,EMA,,0,0,0,PA166444861,"Annotation of EMA Label for nipocalimab and CHRNA1, CHRNA3, CHRNA4, CHRNA5, CHRNA6, CHRNA7, CHRNB1, CHRNE, MUSK",CHRNA5,nipocalimab
CHRNA6,nipocalimab,EMA,,0,0,0,PA166444861,"Annotation of EMA Label for nipocalimab and CHRNA1, CHRNA3, CHRNA4, CHRNA5, CHRNA6, CHRNA7, CHRNB1, CHRNE, MUSK",CHRNA6,nipocalimab
CHRNA7,nipocalimab,EMA,,0,0,0,PA166444861,"Annotation of EMA Label for nipocalimab and CHRNA1, CHRNA3, CHRNA4, CHRNA5, CHRNA6, CHRNA7, CHRNB1, CHRNE, MUSK",CHRNA7,nipocalimab
CHRNB1,nipocalimab,EMA,,0,0,0,PA166444861,"Annotation of EMA Label for nipocalimab and CHRNA1, CHRNA3, CHRNA4, CHRNA5, CHRNA6, CHRNA7, CHRNB1, CHRNE, MUSK",CHRNB1,nipocalimab
CHRNE,nipocalimab,EMA,,0,0,0,PA166444861,"Annotation of EMA Label for nipocalimab and CHRNA1, CHRNA3, CHRNA4, CHRNA5, CHRNA6, CHRNA7, CHRNB1, CHRNE, MUSK",CHRNE,nipocalimab
MUSK,nipocalimab,EMA,,0,0,0,PA166444861,"Annotation of EMA Label for nipocalimab and CHRNA1, CHRNA3, CHRNA4, CHRNA5, CHRNA6, CHRNA7, CHRNB1, CHRNE, MUSK",MUSK,nipocalimab
CHRNA1,nipocalimab,HCSC,,0,0,0,PA166444881,"Annotation of HCSC Label for nipocalimab and CHRNA1, CHRNA3, CHRNA4, CHRNA5, CHRNA6, CHRNA7, CHRNB1, CHRNE, MUSK",CHRNA1,nipocalimab
CHRNA3,nipocalimab,HCSC,,0,0,0,PA166444881,"Annotation of HCSC Label for nipocalimab and CHRNA1, CHRNA3, CHRNA4, CHRNA5, CHRNA6, CHRNA7, CHRNB1, CHRNE, MUSK",CHRNA3,nipocalimab
CHRNA4,nipocalimab,HCSC,,0,0,0,PA166444881,"Annotation of HCSC Label for nipocalimab and CHRNA1, CHRNA3, CHRNA4, CHRNA5, CHRNA6, CHRNA7, CHRNB1, CHRNE, MUSK",CHRNA4,nipocalimab
CHRNA5,nipocalimab,HCSC,,0,0,0,PA166444881,"Annotation of HCSC Label for nipocalimab and CHRNA1, CHRNA3, CHRNA4, CHRNA5, CHRNA6, CHRNA7, CHRNB1, CHRNE, MUSK",CHRNA5,nipocalimab
CHRNA6,nipocalimab,HCSC,,0,0,0,PA166444881,"Annotation of HCSC Label for nipocalimab and CHRNA1, CHRNA3, CHRNA4, CHRNA5, CHRNA6, CHRNA7, CHRNB1, CHRNE, MUSK",CHRNA6,nipocalimab
CHRNA7,nipocalimab,HCSC,,0,0,0,PA166444881,"Annotation of HCSC Label for nipocalimab and CHRNA1, CHRNA3, CHRNA4, CHRNA5, CHRNA6, CHRNA7, CHRNB1, CHRNE, MUSK",CHRNA7,nipocalimab
CHRNB1,nipocalimab,HCSC,,0,0,0,PA166444881,"Annotation of HCSC Label for nipocalimab and CHRNA1, CHRNA3, CHRNA4, CHRNA5, CHRNA6, CHRNA7, CHRNB1, CHRNE, MUSK",CHRNB1,nipocalimab
CHRNE,nipocalimab,HCSC,,0,0,0,PA166444881,"Annotation of HCSC Label for nipocalimab and CHRNA1, CHRNA3, CHRNA4, CHRNA5, CHRNA6, CHRNA7, CHRNB1, CHRNE, MUSK",CHRNE,nipocalimab
MUSK,nipocalimab,HCSC,,0,0,0,PA166444881,"Annotation of HCSC Label for nipocalimab and CHRNA1, CHRNA3, CHRNA4, CHRNA5, CHRNA6, CHRNA7, CHRNB1, CHRNE, MUSK",MUSK,nipocalimab
CYP2D6,acetaminophen / tramadol,HCSC,Informative PGx,0,0,0,PA166127628,Annotation of HCSC Label for acetaminophen / tramadol and CYP2D6,CYP2D6,acetaminophen / tramadol
KMT2A,ziftomenib,FDA,,0,0,0,PA166433321,Annotation of FDA Label for ziftomenib and KMT2A,KMT2A,ziftomenib
NRG1,zenocutuzumab,EMA,,0,0,0,PA166444285,Annotation of EMA Label for zenocutuzumab and NRG1,NRG1,zenocutuzumab
ABCB11,odevixibat,FDA,Informative PGx,0,0,0,PA166268902,Annotation of FDA Label for odevixibat and ABCB11,ABCB11,odevixibat
ERBB2,zongertinib,EMA,,0,0,0,PA166444281,Annotation of EMA Label for zongertinib and ERBB2,ERBB2,zongertinib
IL36RN,spesolimab,FDA,,0,0,0,PA166436321,Annotation of FDA Label for spesolimab and IL36RN,IL36RN,spesolimab
KMT2A,ziftomenib,HCSC,,0,0,0,PA166436101,Annotation of HCSC Label for ziftomenib and KMT2A,KMT2A,ziftomenib
NF1,selumetinib,EMA,,0,0,0,PA166444541,Annotation of EMA Label for selumetinib and NF1,NF1,selumetinib
NPM1,ziftomenib,HCSC,,0,0,0,PA166444282,Annotation of HCSC Label for ziftomenib and NPM1,NPM1,ziftomenib
NF1,selumetinib,HCSC,,0,0,0,PA166444521,Annotation of HCSC Label for selumetinib and NF1,NF1,selumetinib
