gene_norm,drug_norm,gold_relation,split
ANKFN1,hydrochlorothiazide,positive,train
MIR2053,asparaginase,negative,test
MIR2053,cyclophosphamide,negative,train
MIR2053,cytarabine,negative,train
MIR2053,daunorubicin,negative,train
MIR2053,mercaptopurine,negative,train
MIR2053,methotrexate,negative,train
MIR2053,prednisone,negative,train
MIR2053,vincristine,negative,validation
NQO1,"antiinflammatory and antirheumatic products, non-steroids",negative,test
NQO1,imatinib,ambiguous,train
NQO1,corticosteroids,negative,train
NQO1,fluorouracil,ambiguous,validation
NQO1,anthracyclines and related substances,negative,train
NQO1,oxaliplatin,ambiguous,train
NQO1,antiepileptics,negative,train
NQO1,analgesics and anesthetics,negative,train
NQO1,antibiotics,negative,test
NQO1,antifungals for systemic use,negative,train
NQO1,antimycobacterials,negative,train
NQO1,antithyroid preparations,negative,train
NQO1,drugs for treatment of tuberculosis,negative,validation
NQO1,platinum compounds,positive,train
NQO1,fec100,ambiguous,train
NQO1,cisplatin,ambiguous,validation
NQO1,clozapine,negative,train
NQO1,cyclophosphamide,ambiguous,train
NQO1,cytarabine,positive,train
NQO1,doxorubicin,ambiguous,train
NQO1,epirubicin,ambiguous,train
NQO1,etoposide,positive,train
NQO1,idarubicin,positive,train
NQO1,methotrexate,positive,train
NQO1,valproic acid,positive,validation
NQO1,warfarin,ambiguous,test
NQO1,benzene,positive,train
NQO1,antineoplastic agents,negative,train
STXBP2,emapalumab,positive,train
REN,muraglitazar,positive,train
REN,hydrochlorothiazide,positive,train
REN,vitamin d and analogues,positive,test
INSIG2,amisulpride,negative,test
INSIG2,clozapine,negative,train
INSIG2,olanzapine,negative,train
INSIG2,quetiapine,negative,test
INSIG2,risperidone,negative,train
INSIG2,antipsychotics,ambiguous,train
CDA,fluorouracil,negative,train
CDA,bevacizumab,negative,train
CDA,oxaliplatin,negative,validation
CDA,platinum compounds,positive,train
CDA,difluorodeoxyuridine,positive,train
CDA,ara-ctp,positive,train
CDA,capecitabine,ambiguous,validation
CDA,cisplatin,ambiguous,train
CDA,cytarabine,ambiguous,train
CDA,daunorubicin,positive,validation
CDA,docetaxel,negative,train
CDA,epirubicin,negative,train
CDA,gemcitabine,ambiguous,train
CDA,paclitaxel,ambiguous,train
CDA,trastuzumab,negative,train
CDA,azacitidine,positive,validation
CDA,tegafur,negative,test
CAMKK2,pemetrexed,positive,train
CRHBP,ethanol,ambiguous,train
CRHBP,methadone,positive,test
CSRP3,tumor necrosis factor alpha (tnf-alpha) inhibitors,positive,train
CHST3,docetaxel,positive,train
CHST3,thalidomide,positive,train
CHRNA3,drugs used in nicotine dependence,ambiguous,validation
CHRNA3,opium alkaloids and derivatives,positive,train
CHRNA3,eculizumab,positive,train
CHRNA3,varenicline,negative,train
CHRNA3,cotinine,ambiguous,test
CHRNA3,3-hydroxycotinine,negative,train
CHRNA3,efgartigimod alfa,positive,train
CHRNA3,ravulizumab,positive,validation
CHRNA3,rozanolixizumab,positive,train
CHRNA3,zilucoplan,positive,train
CHRNA3,nipocalimab,positive,validation
CHRNA3,ethanol,ambiguous,train
CHRNA3,bupropion,negative,train
CHRNA3,cocaine,positive,train
CHRNA3,nicotine,ambiguous,train
VKORC1,tenofovir,negative,train
VKORC1,"antiinflammatory agents, non-steroids",positive,validation
VKORC1,vitamin k and analogues,negative,train
VKORC1,vitamin k antagonists,ambiguous,train
VKORC1,fluindione,positive,train
VKORC1,irinotecan,positive,test
VKORC1,phenprocoumon,ambiguous,train
VKORC1,warfarin,ambiguous,train
VKORC1,acenocoumarol,ambiguous,train
NCAM1,duloxetine,positive,train
IRF6,interferon beta-1a,positive,test
IRF6,interferon beta-1b,positive,test
WRN,fluorouracil,negative,train
WRN,platinum compounds,negative,validation
WRN,radiotherapy,negative,test
ARAP1,atenolol,positive,train
ST13,corticosteroids,positive,test
ZMPSTE24,lonafarnib,positive,train
FBXO21,cyclophosphamide,negative,train
FBXO21,doxorubicin,negative,train
SUCLA2,azathioprine,positive,train
SUCLA2,mercaptopurine,positive,train
ERBB2,gefitinib,positive,train
ERBB2,erlotinib,positive,train
ERBB2,lapatinib,positive,validation
ERBB2,everolimus,positive,train
ERBB2,fulvestrant,positive,test
ERBB2,olaparib,positive,train
ERBB2,ixabepilone,positive,train
ERBB2,pertuzumab,positive,validation
ERBB2,neratinib,positive,train
ERBB2,trastuzumab emtansine,positive,train
ERBB2,pembrolizumab,positive,train
ERBB2,nivolumab,positive,train
ERBB2,palbociclib,positive,train
ERBB2,ribociclib,positive,train
ERBB2,abemaciclib,positive,test
ERBB2,eribulin,positive,train
ERBB2,talazoparib,positive,validation
ERBB2,alpelisib,positive,train
ERBB2,tipiracil / trifluridine,positive,train
ERBB2,trastuzumab deruxtecan,positive,train
ERBB2,sacituzumab govitecan,positive,train
ERBB2,tucatinib,positive,train
ERBB2,margetuximab,positive,train
ERBB2,elacestrant,positive,train
ERBB2,capivasertib,positive,train
ERBB2,zolbetuximab,positive,train
ERBB2,tislelizumab,positive,train
ERBB2,zongertinib,positive,train
ERBB2,inavolisib,positive,train
ERBB2,zanidatamab,positive,validation
ERBB2,sevabertinib,positive,test
ERBB2,imlunestrant,positive,train
ERBB2,capecitabine,positive,train
ERBB2,carboplatin,positive,validation
ERBB2,docetaxel,ambiguous,train
ERBB2,doxorubicin,negative,train
ERBB2,paclitaxel,negative,train
ERBB2,trastuzumab,ambiguous,train
CHRNE,eculizumab,positive,test
CHRNE,efgartigimod alfa,positive,train
CHRNE,ravulizumab,positive,test
CHRNE,rozanolixizumab,positive,train
CHRNE,zilucoplan,positive,validation
CHRNE,nipocalimab,positive,train
HPGD,aspirin,negative,train
ABCC2,adefovir dipivoxil,negative,validation
ABCC2,emtricitabine,positive,train
ABCC2,tenofovir,ambiguous,train
ABCC2,voriconazole,positive,train
ABCC2,atazanavir,positive,train
ABCC2,imatinib,ambiguous,train
ABCC2,pemetrexed,positive,train
ABCC2,ezetimibe,positive,train
ABCC2,corticosteroids,negative,train
ABCC2,fluorouracil,positive,train
ABCC2,anthracyclines and related substances,positive,train
ABCC2,oxaliplatin,positive,train
ABCC2,calcein,positive,validation
ABCC2,hmg-coa reductase inhibitors,positive,test
ABCC2,rosuvastatin,positive,train
ABCC2,pitavastatin,ambiguous,test
ABCC2,antiepileptics,ambiguous,test
ABCC2,talinolol,ambiguous,validation
ABCC2,drugs for treatment of tuberculosis,ambiguous,train
ABCC2,platinum compounds,ambiguous,train
ABCC2,mycophenolic acid,ambiguous,train
ABCC2,deferasirox,positive,train
ABCC2,rasagiline,positive,train
ABCC2,raltegravir,negative,test
ABCC2,dabigatran,negative,train
ABCC2,sn-38,positive,train
ABCC2,lumefantrine,positive,test
ABCC2,trabectedin,positive,train
ABCC2,o-desmethyltramadol,positive,test
ABCC2,n-desmethyltramadol,positive,test
ABCC2,lacosamide,positive,train
ABCC2,apixaban,positive,train
ABCC2,10-monohydroxy oxcarbazepine,positive,train
ABCC2,folfiri,positive,validation
ABCC2,chop,positive,train
ABCC2,tenofovir disoproxil fumarate,ambiguous,train
ABCC2,atorvastatin,ambiguous,train
ABCC2,azathioprine,negative,train
ABCC2,carbamazepine,ambiguous,validation
ABCC2,ceftriaxone,positive,train
ABCC2,cisplatin,ambiguous,train
ABCC2,clopidogrel,ambiguous,validation
ABCC2,cyclophosphamide,positive,train
ABCC2,cyclosporine,ambiguous,train
ABCC2,daunorubicin,positive,train
ABCC2,diclofenac,positive,train
ABCC2,docetaxel,ambiguous,train
ABCC2,doxorubicin,ambiguous,train
ABCC2,efavirenz,positive,test
ABCC2,epirubicin,positive,train
ABCC2,erythromycin,positive,train
ABCC2,gemcitabine,negative,validation
ABCC2,irinotecan,ambiguous,train
ABCC2,lamivudine,positive,validation
ABCC2,lamotrigine,negative,train
ABCC2,leucovorin,positive,train
ABCC2,lopinavir,ambiguous,train
ABCC2,methotrexate,ambiguous,train
ABCC2,mycophenolate mofetil,ambiguous,test
ABCC2,olanzapine,negative,train
ABCC2,oxcarbazepine,ambiguous,train
ABCC2,paclitaxel,positive,train
ABCC2,pravastatin,ambiguous,test
ABCC2,ritonavir,positive,test
ABCC2,rituximab,positive,train
ABCC2,simvastatin,positive,train
ABCC2,tacrolimus,ambiguous,test
ABCC2,tamoxifen,ambiguous,train
ABCC2,vincristine,ambiguous,test
ABCC2,antineoplastic agents,negative,train
ABCC2,sorafenib,positive,train
HDAC4,temozolomide,positive,train
TSPAN16,apremilast,positive,train
REPS1,selective serotonin reuptake inhibitors,negative,train
ADRB3,"thiazides, plain",positive,train
ADRB3,atenolol,negative,train
ADRB3,metoprolol,negative,test
ADRB3,olanzapine,positive,train
ADO,hydrochlorothiazide,positive,train
TPH2,atazanavir,positive,test
TPH2,selective serotonin reuptake inhibitors,positive,train
TPH2,citalopram,ambiguous,train
TPH2,disulfiram,positive,validation
TPH2,efavirenz,positive,train
TPH2,fluoxetine,ambiguous,train
TPH2,methadone,ambiguous,train
TPH2,methylphenidate,negative,train
TPH2,mirtazapine,positive,test
TPH2,paroxetine,negative,test
TPH2,venlafaxine,ambiguous,train
TPH2,antidepressants,positive,train
SLC5A7,donepezil,negative,train
SLC5A7,galantamine,negative,train
SLC5A7,rivastigmine,negative,train
SLC5A7,vincristine,positive,train
CALCR,fremanezumab,negative,validation
CALCR,galcanezumab,negative,train
CALCR,erenumab,negative,train
B4GALT2,aspirin,positive,validation
B4GALT2,clopidogrel,positive,train
EFR3A,aspirin,positive,train
EFR3A,clopidogrel,positive,validation
GIPR,sitagliptin,negative,test
GIPR,vildagliptin,negative,train
GIPR,olanzapine,positive,train
CNKSR3,lithium,negative,train
SORT1,hmg-coa reductase inhibitors,positive,test
ALDH5A1,antiepileptics,positive,test
ALDH5A1,sodium oxybate,positive,train
ALDH5A1,levetiracetam,positive,train
ALDH5A1,methadone,positive,train
ALDH5A1,phenytoin,positive,train
ALDH5A1,valproic acid,positive,train
TMCC1,lithium,negative,train
OTC,sodium phenylbutyrate,positive,validation
OTC,sodium benzoate / sodium phenylacetate,positive,test
OTC,glycerol phenylbutyrate,positive,train
OTC,valproic acid,positive,test
LDLR,rosuvastatin,positive,validation
LDLR,pitavastatin,positive,validation
LDLR,peginterferon alfa-2a,ambiguous,train
LDLR,peginterferon alfa-2b,ambiguous,train
LDLR,lomitapide,positive,test
LDLR,mipomersen,positive,train
LDLR,alirocumab,positive,validation
LDLR,evinacumab,positive,test
LDLR,inclisiran,positive,train
LDLR,atenolol,positive,train
LDLR,atorvastatin,ambiguous,train
LDLR,fluvastatin,negative,train
LDLR,lovastatin,positive,train
LDLR,pravastatin,positive,train
LDLR,ribavirin,ambiguous,train
PICALM,calcium channel blockers,positive,train
CHST13,glyburide,positive,train
SPSB2,methylphenidate,positive,train
ABCC3,drugs for treatment of tuberculosis,negative,test
ABCC3,platinum compounds,positive,train
ABCC3,morphine-3-glucuronide,positive,train
ABCC3,busulfan,positive,train
ABCC3,cisplatin,ambiguous,train
ABCC3,clopidogrel,negative,test
ABCC3,cyclophosphamide,positive,train
ABCC3,cytarabine,positive,train
ABCC3,doxorubicin,positive,train
ABCC3,etoposide,positive,train
ABCC3,fentanyl,positive,train
ABCC3,lamivudine,positive,validation
ABCC3,methotrexate,ambiguous,train
ABCC3,morphine,positive,train
ABCC3,vincristine,positive,train
ABCC3,morphine-6-glucuronide,positive,train
POR,voriconazole,positive,train
POR,imatinib,negative,validation
POR,clobazam,positive,train
POR,sunitinib,positive,train
POR,rivaroxaban,positive,train
POR,dolutegravir,negative,train
POR,edoxaban,negative,train
POR,alectinib,negative,train
POR,apixaban,positive,train
POR,atorvastatin,positive,test
POR,bupropion,ambiguous,train
POR,clopidogrel,positive,train
POR,clozapine,positive,test
POR,cyclosporine,ambiguous,train
POR,donepezil,negative,train
POR,galantamine,negative,train
POR,glimepiride,negative,train
POR,glipizide,negative,train
POR,glyburide,negative,test
POR,methadone,positive,train
POR,midazolam,positive,train
POR,nicotine,positive,train
POR,paclitaxel,positive,test
POR,risperidone,negative,test
POR,sirolimus,ambiguous,train
POR,tacrolimus,ambiguous,train
POR,warfarin,ambiguous,train
POR,zidovudine,positive,test
POR,acenocoumarol,negative,train
ITGBL1,pravastatin,negative,train
C9ORF72,tumor necrosis factor alpha (tnf-alpha) inhibitors,positive,test
C9ORF72,ustekinumab,positive,test
PCYT2,lamivudine,positive,train
KCNMB1,tocilizumab,positive,train
KCNMB1,dexmedetomidine,positive,test
KCNMB1,verapamil,positive,train
APOE,aripiprazole,negative,validation
APOE,tenofovir,negative,validation
APOE,hmg-coa reductase inhibitors,positive,test
APOE,rosuvastatin,ambiguous,train
APOE,bezafibrate,ambiguous,train
APOE,"antivirals for treatment of hiv infections, combinations",positive,train
APOE,selective serotonin reuptake inhibitors,positive,train
APOE,ranibizumab,negative,test
APOE,apixaban,positive,train
APOE,cholesterol,positive,test
APOE,lecanemab,positive,train
APOE,aducanumab,positive,train
APOE,donanemab,positive,train
APOE,acitretin,negative,train
APOE,atorvastatin,ambiguous,train
APOE,bupropion,positive,train
APOE,clozapine,negative,test
APOE,donepezil,positive,train
APOE,fenofibrate,positive,validation
APOE,fluvastatin,positive,train
APOE,galantamine,positive,test
APOE,lovastatin,negative,train
APOE,nicotine,positive,train
APOE,olanzapine,negative,train
APOE,pravastatin,positive,train
APOE,quetiapine,negative,train
APOE,risperidone,negative,train
APOE,ritonavir,positive,train
APOE,rivastigmine,positive,train
APOE,simvastatin,ambiguous,train
APOE,stavudine,negative,train
APOE,warfarin,ambiguous,test
APOE,ziprasidone,negative,train
APOE,acenocoumarol,ambiguous,train
NELFCD,diuretics,positive,train
NELFCD,"thiazides, plain",positive,validation
NELFCD,hydrochlorothiazide,positive,train
ABCC4,adefovir dipivoxil,positive,train
ABCC4,tenofovir,ambiguous,train
ABCC4,valganciclovir,ambiguous,test
ABCC4,imatinib,positive,train
ABCC4,fluorouracil,positive,validation
ABCC4,sunitinib,positive,train
ABCC4,bisphosphonates,positive,test
ABCC4,drugs for treatment of tuberculosis,negative,test
ABCC4,latanoprost,ambiguous,train
ABCC4,glucarpidase,positive,validation
ABCC4,tenofovir disoproxil fumarate,ambiguous,validation
ABCC4,17beta-estradiol glucuronide,positive,validation
ABCC4,azathioprine,positive,test
ABCC4,cisplatin,positive,train
ABCC4,cyclophosphamide,ambiguous,train
ABCC4,cytarabine,positive,train
ABCC4,doxorubicin,positive,train
ABCC4,efavirenz,positive,train
ABCC4,furosemide,positive,train
ABCC4,indinavir,positive,test
ABCC4,irinotecan,positive,train
ABCC4,lamivudine,positive,test
ABCC4,mercaptopurine,ambiguous,validation
ABCC4,methotrexate,ambiguous,test
ABCC4,misoprostol,positive,train
ABCC4,thioguanine,positive,test
ABCC4,zidovudine,positive,test
ABCC4,antineoplastic agents,positive,train
ABCC4,purine analogues,positive,validation
PARD3B,fluorouracil,positive,train
PARD3B,oxaliplatin,positive,train
PTPRC,adalimumab,ambiguous,train
PTPRC,tumor necrosis factor alpha (tnf-alpha) inhibitors,ambiguous,test
PTPRC,etanercept,ambiguous,train
PTPRC,infliximab,ambiguous,train
ORAI1,erythropoietin,positive,train
ORAI1,desloratadine,negative,validation
ABCC9,drugs for treatment of tuberculosis,negative,train
ABCC9,daunorubicin,positive,validation
ABCC9,dexmedetomidine,positive,validation
ABCC9,doxorubicin,positive,test
ABCC9,efavirenz,negative,test
ABCC9,montelukast,positive,train
MIR202,vincristine,negative,train
ABAT,valproic acid,positive,train
STMN1,platinum,positive,train
STMN1,vinorelbine,positive,train
FAM240C,corticosteroids,positive,train
ERCC1,palonosetron,ambiguous,test
ERCC1,pemetrexed,negative,train
ERCC1,fluorouracil,ambiguous,train
ERCC1,bevacizumab,ambiguous,train
ERCC1,oxaliplatin,ambiguous,train
ERCC1,platinum,positive,train
ERCC1,platinum compounds,ambiguous,validation
ERCC1,radiotherapy,ambiguous,train
ERCC1,bleomycin,ambiguous,train
ERCC1,capecitabine,ambiguous,validation
ERCC1,carboplatin,ambiguous,train
ERCC1,cisplatin,ambiguous,train
ERCC1,cyclophosphamide,ambiguous,train
ERCC1,dexamethasone,negative,validation
ERCC1,diphenhydramine,negative,validation
ERCC1,docetaxel,ambiguous,train
ERCC1,doxorubicin,positive,validation
ERCC1,epirubicin,ambiguous,train
ERCC1,etoposide,ambiguous,train
ERCC1,gemcitabine,ambiguous,train
ERCC1,granisetron,ambiguous,validation
ERCC1,irinotecan,negative,train
ERCC1,leucovorin,ambiguous,train
ERCC1,paclitaxel,ambiguous,train
ERCC1,ranitidine,negative,train
ERCC1,thalidomide,positive,train
ERCC1,trastuzumab,ambiguous,test
CYP2J2,rivaroxaban,negative,train
CYP2J2,trans 4-hydroxypraziquantel,positive,train
CYP2J2,ebastine,positive,test
CYP2J2,daunorubicin,positive,train
CYP2J2,doxorubicin,positive,validation
CYP2J2,tacrolimus,positive,train
CYP2J2,terfenadine,positive,train
CDKN2A,palbociclib,positive,test
ARHGAP28,pegaspargase,ambiguous,validation
EDN1,bevacizumab,positive,train
EDN1,muraglitazar,positive,train
EDN1,atenolol,ambiguous,validation
EDN1,irbesartan,ambiguous,train
SPOPL,olanzapine,positive,validation
MYCN,dinutuximab,positive,train
MYCN,eflornithine,positive,train
SLC28A1,anthracyclines and related substances,positive,train
SLC28A1,ara-ctp,positive,train
SLC28A1,capecitabine,negative,train
SLC28A1,daunorubicin,negative,test
SLC28A1,doxorubicin,negative,test
SLC28A1,gemcitabine,ambiguous,train
SLC28A1,stavudine,negative,train
SLC28A1,zidovudine,positive,train
CAT,anthracyclines and related substances,ambiguous,train
CAT,ethanol,positive,train
CAT,atorvastatin,negative,train
CAT,hydroxyurea,positive,train
APOA4,fenofibrate,negative,train
CACNA1H,antiepileptics,negative,test
CACNA1H,celecoxib,positive,train
CACNA1H,ethosuximide,positive,train
CACNA1H,lamotrigine,positive,train
CACNA1H,valproic acid,positive,validation
KCNK3,candesartan,positive,train
KCNK3,sevoflurane,positive,test
ATP2B1,hmg-coa reductase inhibitors,positive,train
ATP2B1,antihypertensives,positive,validation
CACNA2D1,celecoxib,positive,train
LEPR,apremilast,positive,train
LEPR,setmelanotide,positive,train
LEPR,atorvastatin,positive,train
LEPR,clozapine,ambiguous,validation
LEPR,olanzapine,negative,train
LEPR,quetiapine,negative,train
LEPR,risperidone,negative,validation
LEPR,simvastatin,positive,train
LEPR,valproic acid,positive,train
LEPR,antipsychotics,positive,train
STN1,atenolol,positive,train
ATAT1,carboplatin,positive,train
ATAT1,gemcitabine,positive,validation
NR1I2,adalimumab,positive,train
NR1I2,voriconazole,positive,train
NR1I2,atazanavir,ambiguous,train
NR1I2,memantine,positive,train
NR1I2,imatinib,positive,train
NR1I2,corticosteroids,positive,train
NR1I2,fluorouracil,negative,train
NR1I2,rosuvastatin,ambiguous,validation
NR1I2,taxanes,positive,train
NR1I2,sunitinib,positive,test
NR1I2,temsirolimus,ambiguous,train
NR1I2,etonogestrel,positive,validation
NR1I2,flucloxacillin,positive,validation
NR1I2,varenicline,negative,test
NR1I2,ethambutol,ambiguous,validation
NR1I2,pazopanib,positive,validation
NR1I2,afatinib,positive,test
NR1I2,dolutegravir,positive,train
NR1I2,isoniazid / pyrazinamide / rifampin,negative,test
NR1I2,carbamazepine,ambiguous,train
NR1I2,carboplatin,positive,train
NR1I2,cyclophosphamide,negative,train
NR1I2,cyclosporine,positive,train
NR1I2,dexmedetomidine,positive,train
NR1I2,docetaxel,positive,train
NR1I2,donepezil,negative,train
NR1I2,doxorubicin,positive,test
NR1I2,efavirenz,ambiguous,test
NR1I2,irinotecan,ambiguous,train
NR1I2,isoniazid,positive,train
NR1I2,lamotrigine,negative,train
NR1I2,leucovorin,negative,test
NR1I2,metformin,positive,train
NR1I2,methotrexate,positive,train
NR1I2,midazolam,ambiguous,train
NR1I2,nevirapine,ambiguous,test
NR1I2,paclitaxel,positive,validation
NR1I2,repaglinide,positive,train
NR1I2,rifampin,positive,train
NR1I2,risperidone,ambiguous,train
NR1I2,ritonavir,ambiguous,train
NR1I2,sirolimus,positive,train
NR1I2,tacrolimus,ambiguous,test
NR1I2,warfarin,negative,train
NR1I2,sorafenib,positive,train
PTGER2,aspirin,positive,test
TREML4,duloxetine,positive,validation
CENPM,n-desmethyltamoxifen,positive,validation
SETD4,daunorubicin,positive,train
SETD4,doxorubicin,positive,train
CLCN6,tenofovir,negative,train
CLCN6,beta blocking agents,negative,train
CLCN6,"thiazides, plain",negative,train
CLCN6,cisplatin,positive,train
CLCN6,diltiazem,negative,test
CLCN6,doxorubicin,positive,validation
CLCN6,methotrexate,ambiguous,train
CLCN6,antipsychotics,positive,train
CLCN6,antineoplastic agents,positive,train
TUBB2A,cyclophosphamide,positive,train
TUBB2A,epirubicin,positive,test
TUBB2A,paclitaxel,positive,train
RORA,citalopram,positive,train
RORA,interferon beta-1a,positive,train
MUC5B,acetylcysteine,negative,train
TANK,adalimumab,positive,train
ATP8B3,desflurane,positive,test
ATP8B3,propofol,positive,train
PRF1,rivaroxaban,positive,validation
PRF1,emapalumab,positive,train
JMJD8,aspirin,positive,train
JMJD8,clopidogrel,positive,train
XIAP,emapalumab,positive,train
BRD3,rivaroxaban,positive,train
PHC1,capecitabine,positive,test
USP5,diuretics,positive,train
USP5,beta blocking agents,negative,validation
USP5,hydrochlorothiazide,positive,validation
CCHCR1,pegaspargase,positive,train
CCHCR1,allopurinol,positive,train
CCHCR1,asparaginase,positive,validation
CCHCR1,nevirapine,positive,train
CCHCR1,prednisone,positive,train
BIRC5,methotrexate,positive,train
REV1,cisplatin,ambiguous,train
SLC25A13,irinotecan,negative,validation
APOC3,bezafibrate,negative,train
APOC3,"antivirals for treatment of hiv infections, combinations",positive,train
APOC3,pegaspargase,positive,train
APOC3,atorvastatin,negative,train
APOC3,fenofibrate,negative,train
APOC3,olanzapine,ambiguous,train
APOC3,protease inhibitors,positive,test
APOC3,ritonavir,positive,train
NKX6-1,haloperidol,positive,train
TGFB2,opioids,negative,test
SCGB3A1,pazopanib,positive,train
CCL5,imatinib,positive,train
MME,"ace inhibitors, plain",positive,train
PPARGC1A,varenicline,negative,validation
PPARGC1A,metformin,ambiguous,train
PPARGC1A,rosiglitazone,negative,train
MMP2,zoledronate,positive,train
MMP2,ulinastatin,positive,train
MMP2,pamidronate,positive,train
CAMK4,gemcitabine,positive,test
IL36RN,spesolimab,positive,train
CACNG2,lithium,positive,train
NPY5R,methadone,positive,train
SLC16A1,valproic acid,positive,train
ANGPT1,bevacizumab,negative,train
PRCP,benazepril,positive,train
KCNQ2,celecoxib,positive,test
ZNF432,corticosteroids,positive,train
ZNF432,fluticasone / salmeterol,positive,validation
ZNF432,budesonide,positive,train
ZNF432,fluticasone propionate,positive,train
XPO5,asparaginase,negative,train
XPO5,cyclophosphamide,negative,train
XPO5,cytarabine,negative,train
XPO5,daunorubicin,negative,train
XPO5,mercaptopurine,negative,train
XPO5,methotrexate,negative,validation
XPO5,prednisone,negative,train
XPO5,vincristine,negative,train
CYP3A43,aripiprazole,positive,train
CYP3A43,ticagrelor,positive,train
CYP3A43,clozapine,positive,train
CYP3A43,haloperidol,positive,train
CYP3A43,olanzapine,ambiguous,train
CYP3A43,quetiapine,positive,test
CYP3A43,risperidone,positive,validation
CYP3A43,ziprasidone,negative,train
CYP3A43,antipsychotics,positive,train
CSNK2A3,cisplatin,positive,test
UGT1A10,tenofovir,negative,train
UGT1A10,anthracyclines and related substances,positive,train
UGT1A10,mycophenolic acid,ambiguous,validation
UGT1A10,axitinib,positive,train
UGT1A10,sn-38,positive,train
UGT1A10,fesoterodine,positive,train
UGT1A10,febuxostat,positive,train
UGT1A10,acetaminophen glucuronide,positive,validation
UGT1A10,n-desmethylclozapine,positive,train
UGT1A10,folfiri,positive,train
UGT1A10,acetaminophen,positive,validation
UGT1A10,allopurinol,positive,test
UGT1A10,atorvastatin,positive,train
UGT1A10,irinotecan,positive,test
UGT1A10,ketamine,positive,validation
UGT1A10,methotrexate,ambiguous,train
UGT1A10,morphine,positive,train
UGT1A10,ondansetron,positive,train
UGT1A10,oxcarbazepine,positive,train
UGT1A10,risperidone,positive,train
UGT1A10,topiramate,positive,train
UGT1A10,valproic acid,ambiguous,validation
THRB,salbutamol,positive,train
ABCA3,imatinib,positive,train
HELB,gemcitabine,negative,train
SLC28A3,valganciclovir,negative,validation
SLC28A3,anthracyclines and related substances,positive,train
SLC28A3,gemcitabine triphosphate,positive,train
SLC28A3,ara-ctp,positive,train
SLC28A3,cyclophosphamide,negative,validation
SLC28A3,cytarabine,positive,train
SLC28A3,daunorubicin,ambiguous,train
SLC28A3,doxorubicin,ambiguous,train
SLC28A3,epirubicin,positive,validation
SLC28A3,gemcitabine,ambiguous,test
SLC28A3,mercaptopurine,positive,train
SLC28A3,methotrexate,positive,train
SLC28A3,paclitaxel,negative,train
SLC28A3,prednisolone,negative,validation
SLC28A3,thioguanine,positive,train
SLC28A3,trastuzumab,negative,train
SLC28A3,vincristine,negative,train
SLC28A3,zidovudine,positive,train
SLC28A3,antineoplastic agents,positive,train
KIT,imatinib,positive,train
KIT,sunitinib,positive,train
KIT,midostaurin,positive,validation
KIT,avapritinib,positive,validation
KIT,sorafenib,positive,train
MIR7-2,selective serotonin reuptake inhibitors,negative,train
ILF3,apremilast,positive,train
ADH7,anthracyclines and related substances,positive,test
ADH7,ethanol,positive,train
ADH7,daunorubicin,negative,train
ADH7,doxorubicin,negative,train
COL26A1,aspirin,positive,test
COL26A1,citalopram,positive,validation
BAG6,carbamazepine,positive,test
DSP,nintedanib,positive,train
MOCS1,fosdenopterin,positive,train
LGR5,fluorouracil,positive,test
SLC19A1,tenofovir,negative,test
SLC19A1,imatinib,positive,validation
SLC19A1,pemetrexed,positive,test
SLC19A1,fluorouracil,positive,validation
SLC19A1,bevacizumab,positive,train
SLC19A1,platinum compounds,positive,train
SLC19A1,hydroxychloroquine,positive,train
SLC19A1,mirabegron,positive,train
SLC19A1,capecitabine,positive,train
SLC19A1,carboplatin,positive,train
SLC19A1,cisplatin,positive,train
SLC19A1,cyclosporine,positive,validation
SLC19A1,folic acid,positive,validation
SLC19A1,irinotecan,positive,test
SLC19A1,leucovorin,positive,validation
SLC19A1,mercaptopurine,ambiguous,test
SLC19A1,methotrexate,ambiguous,train
SLC19A1,prednisone,positive,test
SLC19A1,sulfasalazine,positive,train
SNORA59B,metformin,negative,train
CDCA3,diuretics,positive,validation
CDCA3,hydrochlorothiazide,positive,train
CYP2C9,aripiprazole,ambiguous,train
CYP2C9,bosentan,ambiguous,validation
CYP2C9,duloxetine,ambiguous,test
CYP2C9,escitalopram,ambiguous,train
CYP2C9,voriconazole,ambiguous,train
CYP2C9,"sulfonamides, urea derivatives",ambiguous,train
CYP2C9,sulfamethoxazole / trimethoprim,negative,validation
CYP2C9,gliclazide,ambiguous,train
CYP2C9,gefitinib,positive,train
CYP2C9,tenoxicam,positive,train
CYP2C9,hmg-coa reductase inhibitors,positive,train
CYP2C9,rosuvastatin,negative,test
CYP2C9,benzbromarone,positive,train
CYP2C9,pitavastatin,positive,train
CYP2C9,antiepileptics,positive,test
CYP2C9,prasugrel,ambiguous,validation
CYP2C9,"antiinflammatory agents, non-steroids",ambiguous,train
CYP2C9,vitamin k and analogues,negative,test
CYP2C9,vitamin k antagonists,negative,train
CYP2C9,gliquidone,positive,train
CYP2C9,fosphenytoin,positive,train
CYP2C9,fulvestrant,positive,train
CYP2C9,sitagliptin,positive,train
CYP2C9,praziquantel,positive,train
CYP2C9,lumiracoxib,positive,train
CYP2C9,divalproex sodium,ambiguous,validation
CYP2C9,ethambutol,ambiguous,train
CYP2C9,dabigatran,negative,train
CYP2C9,noscapine,positive,test
CYP2C9,ticagrelor,negative,train
CYP2C9,hydroxyphenytoin,positive,validation
CYP2C9,lornoxicam,positive,train
CYP2C9,fluindione,ambiguous,validation
CYP2C9,aceclofenac,positive,train
CYP2C9,endoxifen,ambiguous,train
CYP2C9,n-desmethyltamoxifen,negative,train
CYP2C9,4-hydroxytamoxifen,ambiguous,test
CYP2C9,dipyrone,positive,validation
CYP2C9,losartan e-3174,ambiguous,validation
CYP2C9,7-hydroxy r-warfarin,positive,train
CYP2C9,7-hydroxy s-warfarin,positive,train
CYP2C9,carboxycelecoxib,positive,validation
CYP2C9,osimertinib,positive,validation
CYP2C9,flibanserin,positive,train
CYP2C9,brivaracetam,positive,train
CYP2C9,lesinurad,positive,train
CYP2C9,ar-c124910xx,negative,train
CYP2C9,uric acid,negative,train
CYP2C9,avatrombopag,ambiguous,train
CYP2C9,erdafitinib,positive,train
CYP2C9,siponimod,positive,train
CYP2C9,ospemifene,positive,train
CYP2C9,rimegepant,positive,train
CYP2C9,macitentan,positive,train
CYP2C9,abrocitinib,positive,validation
CYP2C9,selexipag,positive,test
CYP2C9,apatinib,positive,train
CYP2C9,apatinib metabolite m1-1,positive,test
CYP2C9,apatinib metabolite m1-2,positive,train
CYP2C9,etrasimod,positive,train
CYP2C9,deuruxolitinib,positive,train
CYP2C9,seladelpar,positive,train
CYP2C9,dimolegin,positive,train
CYP2C9,aficamten,positive,validation
CYP2C9,7-desmethyl agomelatine,positive,train
CYP2C9,3-hydroxy agomelatine,positive,validation
CYP2C9,amitriptyline,ambiguous,train
CYP2C9,anastrozole,positive,train
CYP2C9,aspirin,ambiguous,validation
CYP2C9,atenolol,negative,train
CYP2C9,atorvastatin,negative,train
CYP2C9,buprenorphine,negative,train
CYP2C9,bupropion,ambiguous,train
CYP2C9,buspirone,ambiguous,validation
CYP2C9,busulfan,positive,train
CYP2C9,carbamazepine,ambiguous,train
CYP2C9,carvedilol,negative,train
CYP2C9,celecoxib,ambiguous,train
CYP2C9,citalopram,ambiguous,train
CYP2C9,clopidogrel,ambiguous,train
CYP2C9,cyclophosphamide,ambiguous,validation
CYP2C9,dapsone,negative,train
CYP2C9,diazepam,ambiguous,validation
CYP2C9,diclofenac,positive,train
CYP2C9,doxepin,positive,train
CYP2C9,dronabinol,positive,train
CYP2C9,fluconazole,positive,train
CYP2C9,fluoxetine,ambiguous,train
CYP2C9,flurbiprofen,positive,validation
CYP2C9,fluvastatin,ambiguous,train
CYP2C9,glimepiride,ambiguous,train
CYP2C9,glipizide,ambiguous,train
CYP2C9,glyburide,ambiguous,train
CYP2C9,ibuprofen,ambiguous,train
CYP2C9,indomethacin,ambiguous,validation
CYP2C9,irbesartan,ambiguous,test
CYP2C9,isoniazid,ambiguous,train
CYP2C9,ketoprofen,ambiguous,test
CYP2C9,ketorolac,positive,train
CYP2C9,lamotrigine,ambiguous,validation
CYP2C9,losartan,ambiguous,validation
CYP2C9,meloxicam,positive,train
CYP2C9,methadone,ambiguous,train
CYP2C9,mirtazapine,ambiguous,train
CYP2C9,modafinil,ambiguous,train
CYP2C9,nabumetone,positive,train
CYP2C9,naproxen,ambiguous,test
CYP2C9,nateglinide,positive,train
CYP2C9,nevirapine,positive,train
CYP2C9,nortriptyline,ambiguous,validation
CYP2C9,olanzapine,ambiguous,train
CYP2C9,oxcarbazepine,ambiguous,train
CYP2C9,paroxetine,ambiguous,validation
CYP2C9,phenprocoumon,ambiguous,train
CYP2C9,phenytoin,ambiguous,validation
CYP2C9,pioglitazone,positive,train
CYP2C9,piroxicam,ambiguous,train
CYP2C9,primidone,positive,train
CYP2C9,progesterone,negative,test
CYP2C9,propofol,positive,train
CYP2C9,pyrazinamide,ambiguous,train
CYP2C9,quetiapine,ambiguous,train
CYP2C9,rifampin,ambiguous,test
CYP2C9,risperidone,ambiguous,test
CYP2C9,rosiglitazone,positive,train
CYP2C9,sertraline,ambiguous,test
CYP2C9,sildenafil,negative,train
CYP2C9,simvastatin,ambiguous,train
CYP2C9,sulfamethoxazole,ambiguous,train
CYP2C9,tamoxifen,ambiguous,train
CYP2C9,tolbutamide,ambiguous,train
CYP2C9,trazodone,ambiguous,train
CYP2C9,trimipramine,positive,validation
CYP2C9,valproic acid,ambiguous,train
CYP2C9,venlafaxine,ambiguous,train
CYP2C9,warfarin,ambiguous,train
CYP2C9,zafirlukast,positive,train
CYP2C9,zidovudine,positive,train
CYP2C9,ziprasidone,ambiguous,test
CYP2C9,acenocoumarol,ambiguous,train
CYP2C9,hormonal contraceptives for systemic use,positive,train
CYP2C9,sorafenib,positive,train
EXOC4,opioids,positive,validation
CNR1,aripiprazole,negative,validation
CNR1,liraglutide,positive,train
CNR1,glp-1 receptor agonists,positive,train
CNR1,clozapine,ambiguous,train
CNR1,cocaine,ambiguous,validation
CNR1,haloperidol,negative,train
CNR1,methadone,ambiguous,train
CNR1,nicotine,negative,validation
CNR1,olanzapine,ambiguous,train
CNR1,quetiapine,negative,train
CNR1,risperidone,ambiguous,train
CNR1,antipsychotics,positive,train
CNR1,opioids,ambiguous,train
MT1A,oxaliplatin,positive,train
MT1A,arsenic trioxide,positive,train
GRIN2A,haloperidol,positive,validation
GRIN2A,methylphenidate,negative,train
ACOT1,valproic acid,positive,train
HDC,desloratadine,negative,train
ARVCF,morphine,positive,train
GABRB2,carbamazepine,negative,train
GABRB2,phenobarbital,negative,train
GABRB2,phenytoin,negative,train
GABRB2,valproic acid,negative,validation
HDAC1,corticosteroids,positive,train
HDAC1,corticosteroids for systemic use,positive,validation
HDAC1,valproic acid,positive,train
NME4,cytarabine,positive,train
CD74,platinum,positive,validation
HPR,anthracyclines and related substances,positive,validation
SULT1A4,acetaminophen,positive,train
SULT1A4,morphine,positive,train
SNU13,vincristine,positive,train
HNF4A,fluorouracil,negative,train
HNF4A,rosuvastatin,positive,train
HNF4A,tenofovir disoproxil fumarate,negative,train
HNF4A,carbamazepine,ambiguous,validation
HNF4A,docetaxel,positive,train
HNF4A,efavirenz,positive,train
HNF4A,irinotecan,negative,train
HNF4A,lamotrigine,ambiguous,train
HNF4A,leucovorin,negative,test
HNF4A,metformin,ambiguous,train
HNF4A,oxcarbazepine,negative,train
HNF4A,warfarin,positive,train
FGD4,paclitaxel,positive,train
FGD4,vincristine,positive,validation
HCN1,o-desmethyltramadol,positive,test
HCN1,tramadol,positive,train
COL1A1,zoledronate,positive,train
COL1A1,etidronic acid,positive,validation
COL1A1,pamidronate,positive,train
COL1A1,somatropin recombinant,positive,train
COL1A1,valproic acid,positive,train
BPHL,vincristine,negative,validation
KCNE1,escitalopram,positive,train
KCNE1,sulfamethoxazole / trimethoprim,positive,test
KCNE1,qt-prolonging drugs,positive,train
KCNE1,oxaliplatin,positive,test
KCNE1,diuretics,positive,train
KCNE1,dronedarone,positive,test
KCNE1,antibiotics,positive,test
KCNE1,papaverine,positive,validation
KCNE1,cilostazol,positive,train
KCNE1,hydroxychloroquine,positive,train
KCNE1,amiodarone,positive,train
KCNE1,azithromycin,positive,test
KCNE1,chlorpromazine,positive,train
KCNE1,ciprofloxacin,positive,train
KCNE1,citalopram,positive,train
KCNE1,clarithromycin,positive,train
KCNE1,dofetilide,positive,validation
KCNE1,donepezil,positive,train
KCNE1,erythromycin,positive,train
KCNE1,flecainide,positive,validation
KCNE1,fluconazole,positive,validation
KCNE1,haloperidol,positive,train
KCNE1,hydroxyzine,positive,train
KCNE1,levofloxacin,positive,train
KCNE1,methadone,positive,train
KCNE1,metoclopramide,positive,train
KCNE1,moxifloxacin,positive,train
KCNE1,nortriptyline,positive,train
KCNE1,ondansetron,positive,train
KCNE1,pentamidine,positive,train
KCNE1,procainamide,positive,train
KCNE1,prochlorperazine,positive,train
KCNE1,promethazine,positive,train
KCNE1,propofol,positive,train
KCNE1,quinidine,positive,train
KCNE1,sevoflurane,positive,train
KCNE1,sotalol,positive,train
KCNE1,tizanidine,positive,test
KCNE1,trifluoperazine,positive,train
KCNE1,venlafaxine,positive,test
KCNE1,antipsychotics,positive,train
KCNE1,"antiarrhythmics, class i and iii",positive,test
EPHA5,paclitaxel,positive,train
SULT1A2,abt-751,negative,validation
SULT1A2,endoxifen,positive,train
SULT1A2,4-hydroxytamoxifen,positive,validation
ARHGEF4,cetuximab,negative,validation
ARHGEF4,bevacizumab,negative,train
ARHGEF4,oxaliplatin,negative,validation
ARHGEF4,capecitabine,negative,train
ZDHHC3,aspirin,positive,train
ZDHHC3,clopidogrel,positive,train
RND1,selective serotonin reuptake inhibitors,negative,train
OGDH,valproic acid,positive,train
NUCB2,hydrochlorothiazide,positive,test
SLC39A10,buprenorphine,positive,test
ABCG2,tenofovir,positive,train
ABCG2,valganciclovir,negative,test
ABCG2,voriconazole,positive,train
ABCG2,palonosetron,negative,train
ABCG2,imatinib,ambiguous,train
ABCG2,fluorouracil,ambiguous,train
ABCG2,oxaliplatin,ambiguous,validation
ABCG2,gefitinib,ambiguous,test
ABCG2,hmg-coa reductase inhibitors,ambiguous,train
ABCG2,rosuvastatin,ambiguous,train
ABCG2,diflomotecan,positive,train
ABCG2,erlotinib,positive,validation
ABCG2,pitavastatin,ambiguous,train
ABCG2,antiepileptics,negative,test
ABCG2,talinolol,negative,test
ABCG2,sunitinib,ambiguous,train
ABCG2,dasatinib,positive,train
ABCG2,opioid anesthetics,positive,train
ABCG2,other general anesthetics,positive,train
ABCG2,platinum compounds,positive,train
ABCG2,deferasirox,ambiguous,test
ABCG2,axitinib,positive,train
ABCG2,sn-38,positive,train
ABCG2,pazopanib,ambiguous,test
ABCG2,nilotinib,positive,test
ABCG2,rivaroxaban,ambiguous,validation
ABCG2,eltrombopag,positive,test
ABCG2,dolutegravir,ambiguous,train
ABCG2,ibrutinib,positive,test
ABCG2,n-desmethyltamoxifen,positive,validation
ABCG2,selumetinib,negative,train
ABCG2,osimertinib,positive,train
ABCG2,volatile anesthetics,positive,train
ABCG2,palbociclib,positive,train
ABCG2,lenvatinib,positive,train
ABCG2,venetoclax,positive,train
ABCG2,n-desethyl sunitinib,positive,test
ABCG2,apixaban,ambiguous,train
ABCG2,norclobazam,positive,train
ABCG2,iguratimod,positive,train
ABCG2,folfiri,positive,validation
ABCG2,chop,positive,train
ABCG2,letermovir,negative,train
ABCG2,ezetimibe / rosuvastatin,positive,train
ABCG2,folfirinox,positive,validation
ABCG2,resmetirom,positive,train
ABCG2,sepiapterin,positive,train
ABCG2,acetaminophen,negative,validation
ABCG2,allopurinol,ambiguous,train
ABCG2,atorvastatin,ambiguous,train
ABCG2,capecitabine,positive,train
ABCG2,carboplatin,positive,train
ABCG2,ceftriaxone,ambiguous,train
ABCG2,clozapine,positive,train
ABCG2,cyclophosphamide,positive,train
ABCG2,dexmedetomidine,positive,train
ABCG2,diazepam,positive,train
ABCG2,docetaxel,positive,validation
ABCG2,doxorubicin,positive,train
ABCG2,efavirenz,positive,train
ABCG2,epirubicin,positive,validation
ABCG2,etoposide,positive,train
ABCG2,felodipine,positive,train
ABCG2,fluvastatin,ambiguous,train
ABCG2,gemcitabine,ambiguous,train
ABCG2,granisetron,negative,train
ABCG2,ifosfamide,positive,train
ABCG2,irinotecan,ambiguous,train
ABCG2,lamivudine,positive,validation
ABCG2,lamotrigine,ambiguous,train
ABCG2,leflunomide,negative,validation
ABCG2,leucovorin,positive,train
ABCG2,levofloxacin,positive,train
ABCG2,lovastatin,positive,train
ABCG2,methotrexate,ambiguous,train
ABCG2,paclitaxel,positive,train
ABCG2,pravastatin,ambiguous,train
ABCG2,ramipril,positive,validation
ABCG2,risperidone,positive,train
ABCG2,rituximab,positive,validation
ABCG2,simvastatin,ambiguous,train
ABCG2,sulfasalazine,ambiguous,train
ABCG2,tacrolimus,negative,train
ABCG2,telmisartan,positive,train
ABCG2,topotecan,positive,train
ABCG2,zidovudine,positive,validation
ABCG2,antineoplastic agents,ambiguous,validation
ABCG2,sorafenib,positive,train
GRIN1,clozapine,negative,train
GRIN1,haloperidol,positive,train
GRIN1,methamphetamine,ambiguous,train
ARNT,clopidogrel,negative,train
NAV2,antidepressants,negative,test
KCNAB1,bevacizumab,positive,train
GPX3,daunorubicin,positive,validation
GPX3,doxorubicin,positive,train
GSTA1,brostallicin,negative,test
GSTA1,busulfan,positive,train
GSTA1,cisplatin,ambiguous,train
GSTA1,cyclophosphamide,ambiguous,train
GSTA1,doxorubicin,ambiguous,validation
GSTA1,prednisone,positive,train
GSTA1,rituximab,positive,test
GSTA1,vincristine,positive,train
PTPN2,adalimumab,negative,validation
PTPN2,azathioprine,positive,train
PTPN2,etanercept,negative,train
PTPN2,mercaptopurine,positive,validation
RNFT2,pravastatin,negative,train
NDUFA6,endoxifen,positive,train
SLC26A8,adefovir dipivoxil,positive,train
SLC26A8,tenofovir,positive,train
ACHE,donepezil,negative,train
ACHE,galantamine,negative,train
ACHE,rivastigmine,ambiguous,validation
TCF7L2,"sulfonamides, urea derivatives",positive,train
TCF7L2,dipeptidyl peptidase 4 (dpp-4) inhibitors,positive,test
TCF7L2,sitagliptin,negative,train
TCF7L2,exenatide,ambiguous,train
TCF7L2,vildagliptin,negative,validation
TCF7L2,liraglutide,negative,train
TCF7L2,semaglutide,negative,train
TCF7L2,glp-1 receptor agonists,positive,train
TCF7L2,linagliptin,positive,train
TCF7L2,cyclosporine,positive,validation
TCF7L2,glimepiride,negative,train
TCF7L2,glipizide,ambiguous,validation
TCF7L2,glyburide,negative,train
TCF7L2,hydrochlorothiazide,positive,train
TCF7L2,metformin,positive,test
TCF7L2,repaglinide,positive,train
TCF7L2,sirolimus,positive,train
TCF7L2,tacrolimus,ambiguous,train
MUSK,rozanolixizumab,positive,validation
MUSK,nipocalimab,positive,test
MIR1264,clozapine,positive,validation
MIR1264,olanzapine,positive,train
MIR1264,quetiapine,positive,train
MIR1264,risperidone,positive,train
NT5C,gemcitabine,positive,train
NT5C,lamivudine,positive,train
NT5C1A,fluorouracil,positive,test
NT5C1A,cladribine,positive,train
NT5C1A,gemcitabine,positive,train
TLN1,clopidogrel,negative,test
RUNDC3B,imatinib,positive,test
PKNOX1,bortezomib,positive,validation
SIN3A,hydroxyurea,positive,train
SPATS2L,salbutamol,ambiguous,validation
PSMB3P,fluorouracil,positive,train
IL22RA2,"antiinflammatory agents, non-steroids",positive,test
CHRM3,dexamethasone,positive,train
AIFM2,vitamin k and analogues,positive,train
ITIH3,clozapine,positive,validation
SLC22A1,fenoterol,ambiguous,train
SLC22A1,valganciclovir,negative,train
SLC22A1,"sulfonamides, urea derivatives",ambiguous,validation
SLC22A1,imatinib,ambiguous,validation
SLC22A1,tropisetron,negative,train
SLC22A1,anticholinergics,positive,train
SLC22A1,antiemetics and antinauseants,positive,test
SLC22A1,dopamine agonists,positive,train
SLC22A1,olmesartan,positive,train
SLC22A1,rasagiline,positive,validation
SLC22A1,cycloguanil,ambiguous,train
SLC22A1,dabigatran,negative,train
SLC22A1,berberine,negative,train
SLC22A1,nilotinib,negative,train
SLC22A1,o-desmethyltramadol,positive,test
SLC22A1,n-desmethyltramadol,positive,train
SLC22A1,apixaban,positive,train
SLC22A1,amantadine,positive,train
SLC22A1,cisplatin,positive,train
SLC22A1,codeine,ambiguous,train
SLC22A1,efavirenz,negative,train
SLC22A1,hydrochlorothiazide,positive,train
SLC22A1,lamivudine,ambiguous,train
SLC22A1,lamotrigine,ambiguous,train
SLC22A1,levodopa,positive,train
SLC22A1,lopinavir,negative,train
SLC22A1,mercaptopurine,positive,train
SLC22A1,metformin,ambiguous,train
SLC22A1,methadone,negative,train
SLC22A1,morphine,ambiguous,test
SLC22A1,naratriptan,positive,train
SLC22A1,nevirapine,negative,train
SLC22A1,olanzapine,positive,train
SLC22A1,proguanil,ambiguous,train
SLC22A1,ranitidine,positive,train
SLC22A1,ritonavir,negative,train
SLC22A1,rizatriptan,positive,train
SLC22A1,selegiline,positive,train
SLC22A1,sumatriptan,ambiguous,validation
SLC22A1,tramadol,ambiguous,train
SLC22A1,zidovudine,negative,validation
SLC22A1,zolmitriptan,positive,train
SLC22A1,sorafenib,positive,train
PALB2,talazoparib,positive,train
CLOCK,salbutamol,positive,train
CLOCK,lithium,ambiguous,validation
PRSS53,tenofovir,negative,validation
PRSS53,warfarin,positive,validation
PFDN4,methotrexate,positive,train
ZNF804A,lithium,ambiguous,train
ZNF804A,antipsychotics,positive,validation
ZNF804A,opioids,positive,train
C5ORF56,hydrochlorothiazide,positive,train
RAB27A,fluorouracil,negative,train
RAB27A,emapalumab,positive,train
RAB27A,cyclophosphamide,negative,train
RAB27A,docetaxel,negative,validation
RAB27A,epirubicin,negative,train
KLRD1,adalimumab,positive,train
KLRD1,certolizumab pegol,positive,train
KLRD1,etanercept,positive,train
KLRD1,methotrexate,positive,validation
KLRD1,glucocorticoids,positive,train
KLRD1,infliximab,positive,train
TEX10,duloxetine,positive,train
SLC22A11,tenofovir,negative,train
SLC22A11,allopurinol,negative,train
SLC22A11,furosemide,negative,train
SLC22A11,methotrexate,positive,train
SLC22A11,zidovudine,positive,train
CHPT1,lamivudine,positive,train
ATP5F1E,adalimumab,positive,validation
ATP5F1E,certolizumab pegol,positive,validation
ATP5F1E,etanercept,positive,train
ATP5F1E,methotrexate,positive,validation
ATP5F1E,vincristine,negative,validation
ATP5F1E,glucocorticoids,positive,train
ATP5F1E,infliximab,positive,train
INS-IGF2,platinum compounds,positive,validation
KCNJ11,"sulfonamides, urea derivatives",ambiguous,train
KCNJ11,gliclazide,ambiguous,train
KCNJ11,dipeptidyl peptidase 4 (dpp-4) inhibitors,positive,train
KCNJ11,gliquidone,negative,train
KCNJ11,sitagliptin,positive,train
KCNJ11,vildagliptin,positive,train
KCNJ11,linagliptin,positive,test
KCNJ11,glimepiride,negative,test
KCNJ11,glipizide,negative,test
KCNJ11,glyburide,ambiguous,train
KCNJ11,metformin,positive,validation
KCNJ11,repaglinide,positive,train
KCNJ11,tacrolimus,positive,train
KCNJ11,tolbutamide,negative,train
KAT2B,cannabinoids,ambiguous,test
KAT2B,amphetamine,ambiguous,train
KAT2B,cocaine,ambiguous,train
KAT2B,opioids,ambiguous,test
PTEN,fluorouracil,positive,train
PTEN,capivasertib,positive,validation
PTEN,capecitabine,positive,train
PTEN,carboplatin,positive,test
PTEN,cisplatin,positive,test
DAO,methadone,ambiguous,train
FDPS,zoledronate,positive,train
FDPS,bisphosphonates,positive,test
FDPS,atorvastatin,ambiguous,train
TDP1,irinotecan,positive,train
EPHA8,paclitaxel,ambiguous,test
DRD2,aripiprazole,ambiguous,train
DRD2,duloxetine,ambiguous,train
DRD2,escitalopram,ambiguous,train
DRD2,nemonapride,positive,train
DRD2,amisulpride,ambiguous,train
DRD2,analgesics,positive,train
DRD2,"antiinflammatory agents, non-steroids",positive,train
DRD2,ergot alkaloids,positive,train
DRD2,selective serotonin reuptake inhibitors,ambiguous,validation
DRD2,botulinum toxin type a,negative,train
DRD2,rasagiline,positive,train
DRD2,divalproex sodium,ambiguous,train
DRD2,bromperidol,positive,train
DRD2,ethanol,ambiguous,train
DRD2,amitriptyline,ambiguous,train
DRD2,amphetamine,positive,train
DRD2,buprenorphine,negative,train
DRD2,bupropion,ambiguous,train
DRD2,buspirone,ambiguous,validation
DRD2,caffeine,positive,train
DRD2,carbamazepine,ambiguous,train
DRD2,chlorpromazine,positive,validation
DRD2,citalopram,ambiguous,train
DRD2,clozapine,ambiguous,train
DRD2,cocaine,ambiguous,train
DRD2,diazepam,ambiguous,train
DRD2,disulfiram,positive,train
DRD2,fluoxetine,ambiguous,train
DRD2,haloperidol,ambiguous,validation
DRD2,lamotrigine,ambiguous,train
DRD2,levodopa,ambiguous,test
DRD2,lithium,ambiguous,validation
DRD2,methadone,ambiguous,validation
DRD2,methamphetamine,negative,train
DRD2,methylphenidate,ambiguous,test
DRD2,mirtazapine,ambiguous,train
DRD2,modafinil,ambiguous,train
DRD2,morphine,negative,train
DRD2,naltrexone,positive,test
DRD2,nicotine,ambiguous,train
DRD2,nortriptyline,ambiguous,test
DRD2,olanzapine,ambiguous,train
DRD2,oxcarbazepine,ambiguous,train
DRD2,oxycodone,negative,test
DRD2,paroxetine,ambiguous,train
DRD2,perphenazine,positive,train
DRD2,phenytoin,ambiguous,test
DRD2,prochlorperazine,ambiguous,train
DRD2,propofol,positive,train
DRD2,quetiapine,ambiguous,train
DRD2,risperidone,ambiguous,validation
DRD2,rizatriptan,ambiguous,train
DRD2,sertraline,ambiguous,validation
DRD2,sumatriptan,positive,train
DRD2,trazodone,ambiguous,train
DRD2,valproic acid,ambiguous,validation
DRD2,venlafaxine,ambiguous,train
DRD2,ziprasidone,ambiguous,train
DRD2,antipsychotics,ambiguous,train
DRD2,opioids,ambiguous,validation
DRD2,heroin,ambiguous,train
PHACTR1,selective serotonin (5ht1) agonists,negative,train
PHACTR1,selective serotonin reuptake inhibitors,negative,train
RRM2B,fluorouracil,negative,validation
RRM2B,telbivudine,positive,test
RRM2B,cladribine,positive,train
RRM2B,cyclophosphamide,negative,train
RRM2B,cytarabine,positive,train
RRM2B,docetaxel,negative,validation
RRM2B,epirubicin,negative,train
RRM2B,stavudine,negative,train
CLDN11,anastrozole,positive,train
DNAJB13,antipsychotics,negative,train
WWOX,fluorouracil,negative,test
WWOX,cisplatin,negative,train
WWOX,gemcitabine,positive,train
WWOX,mitoxantrone,negative,train
WWOX,antineoplastic agents,positive,train
WWOX,sorafenib,positive,validation
CFAP44,hmg-coa reductase inhibitors,positive,train
SCARB1,rosuvastatin,positive,train
SCARB1,ranibizumab,negative,train
SCARB1,peginterferon alfa-2a,ambiguous,train
SCARB1,atorvastatin,ambiguous,validation
SCARB1,fenofibrate,positive,train
SCARB1,ribavirin,ambiguous,train
CSK,beta blocking agents,negative,validation
CSK,"thiazides, plain",negative,train
CSK,diltiazem,negative,train
CSK,hydrochlorothiazide,positive,train
PAX4,repaglinide,ambiguous,validation
PAX4,rosiglitazone,ambiguous,train
NEUROD1,repaglinide,positive,train
AKT1,gefitinib,positive,train
AKT1,erlotinib,positive,train
AKT1,afatinib,positive,train
AKT1,capivasertib,positive,train
AKT1,carboplatin,ambiguous,train
AKT1,cisplatin,ambiguous,train
AKT1,methamphetamine,negative,train
AKT1,risperidone,ambiguous,test
FUT2,ethanol,positive,train
MTTP,atorvastatin,ambiguous,train
MTTP,pravastatin,positive,test
NUP153,ticagrelor,positive,train
METTL8,vincristine,positive,test
HBB,crizanlizumab-tmca,positive,train
HBB,voxelotor,positive,train
HBB,luspatercept,positive,train
MED19,ethanol,positive,train
HMBS,givosiran,positive,validation
SCN2A,antiepileptics,positive,train
SCN2A,carbamazepine,ambiguous,validation
SCN2A,lamotrigine,positive,train
SCN2A,oxcarbazepine,ambiguous,train
SCN2A,phenobarbital,positive,train
SCN2A,phenytoin,positive,train
SCN2A,topiramate,positive,train
SCN2A,valproic acid,ambiguous,train
CHRNA4,eculizumab,positive,train
CHRNA4,varenicline,ambiguous,train
CHRNA4,efgartigimod alfa,positive,train
CHRNA4,ravulizumab,positive,train
CHRNA4,rozanolixizumab,positive,test
CHRNA4,zilucoplan,positive,train
CHRNA4,nipocalimab,positive,train
CHRNA4,ethanol,positive,train
CHRNA4,bupropion,negative,train
CHRNA4,methylphenidate,negative,train
CHRNA4,nicotine,ambiguous,train
COL18A1,methotrexate,positive,train
HLA-DRA,clavulanate,positive,train
HLA-DRA,flucloxacillin,positive,train
HLA-DRA,amoxicillin,positive,validation
ABCG1,fluorouracil,positive,train
ABCG1,citalopram,negative,train
ABCG1,fluoxetine,negative,train
ABCG1,irinotecan,positive,validation
ABCG1,leucovorin,positive,validation
ABCG1,paclitaxel,ambiguous,train
ABCG1,paroxetine,negative,train
ABCG1,sertraline,negative,train
MUCL3,carboplatin,positive,test
MUCL3,gemcitabine,positive,train
CRHR2,selective beta-2-adrenoreceptor agonists,ambiguous,train
CRHR2,salbutamol,ambiguous,train
CRHR2,citalopram,positive,train
PRKG1,salbutamol,positive,train
PRKG1,anastrozole,negative,validation
PRKG1,exemestane,negative,test
CAPG,vincristine,positive,train
MT-ND1,isepamicin,positive,test
MT-ND1,micronomicin,positive,train
MT-ND1,aminoglycoside antibacterials,positive,train
FEN1,fluorouracil,negative,train
FEN1,platinum compounds,negative,train
FEN1,radiotherapy,negative,train
EYA1,aspirin,positive,train
LSM2,abacavir,negative,train
MAPK11,sorafenib,positive,test
RAPGEF5,prednisone,negative,validation
RAPGEF5,antidepressants,positive,test
SPDYA,vincristine,positive,test
IL6,adalimumab,positive,train
IL6,duloxetine,positive,train
IL6,almotriptan,negative,train
IL6,fluorouracil,ambiguous,train
IL6,eletriptan,negative,train
IL6,dipeptidyl peptidase 4 (dpp-4) inhibitors,positive,train
IL6,tumor necrosis factor alpha (tnf-alpha) inhibitors,positive,train
IL6,sitagliptin,positive,train
IL6,peginterferon alfa-2a,positive,train
IL6,frovatriptan,negative,train
IL6,ethambutol,negative,train
IL6,peginterferon alfa-2b,positive,test
IL6,tocilizumab,positive,test
IL6,vildagliptin,positive,train
IL6,osimertinib,positive,train
IL6,teneligliptin,positive,train
IL6,linagliptin,positive,validation
IL6,alogliptin,positive,validation
IL6,aspirin,negative,train
IL6,cisplatin,positive,train
IL6,cyclosporine,negative,train
IL6,diclofenac,negative,train
IL6,docetaxel,positive,test
IL6,etanercept,positive,train
IL6,fenofibrate,positive,train
IL6,fentanyl,negative,train
IL6,ibuprofen,negative,test
IL6,indomethacin,negative,train
IL6,irinotecan,negative,train
IL6,isoniazid,negative,validation
IL6,ketorolac,negative,train
IL6,leucovorin,negative,train
IL6,morphine,positive,validation
IL6,naproxen,negative,train
IL6,pyrazinamide,negative,train
IL6,ribavirin,positive,train
IL6,rifampin,negative,train
IL6,rituximab,positive,validation
IL6,rizatriptan,negative,train
IL6,streptomycin,negative,test
IL6,sumatriptan,negative,test
IL6,tacrolimus,ambiguous,train
IL6,zolmitriptan,negative,test
IL6,opioids,ambiguous,train
IL6,infliximab,positive,train
ODC1,aspirin,negative,train
CYCSP5,allopurinol,positive,train
CYCSP5,carbamazepine,positive,test
CYCSP5,nevirapine,ambiguous,train
CYCSP5,phenytoin,positive,test
CYB5R3,rasburicase,positive,train
CYB5R3,sulfamethoxazole / trimethoprim,negative,train
CYB5R3,bupivacaine,positive,train
CYB5R3,sodium nitrite,positive,train
CYB5R3,lidocaine / prilocaine,positive,train
CYB5R3,lidocaine and tetracaine,positive,validation
CYB5R3,articaine / epinephrine,positive,validation
CYB5R3,oxymetazoline and tetracaine,positive,train
CYB5R3,ceftriaxone,positive,train
CYB5R3,chloroprocaine,positive,test
CYB5R3,dapsone,positive,train
CYB5R3,isosorbide dinitrate,positive,validation
CYB5R3,isosorbide mononitrate,positive,test
CYB5R3,meloxicam,positive,test
CYB5R3,metoclopramide,positive,train
CYB5R3,primaquine,positive,train
CYB5R3,ropivacaine,positive,train
IL3,tacrolimus,ambiguous,train
SAMHD1,stavudine,ambiguous,train
PRB2,gemcitabine,positive,train
AKR7A2,daunorubicin,positive,train
AKR7A2,doxorubicin,positive,validation
AKR7A2,exemestane,negative,train
DAOA,aripiprazole,positive,train
DAOA,methamphetamine,positive,train
CTPS1,ara-ctp,positive,train
CTPS1,cytarabine,positive,test
CTPS1,antineoplastic agents,positive,train
CCND1,cetuximab,ambiguous,validation
CCND1,pemetrexed,positive,test
CCND1,fluorouracil,positive,train
CCND1,lapatinib,positive,train
CCND1,panitumumab,negative,validation
CCND1,platinum compounds,positive,train
CCND1,cisplatin,positive,train
CCND1,doxorubicin,positive,train
CCND1,methotrexate,ambiguous,train
BAD,bevacizumab,negative,train
BAD,ranibizumab,negative,test
TP53,fluorouracil,positive,train
TP53,oxaliplatin,positive,train
TP53,platinum compounds,positive,train
TP53,radiotherapy,positive,train
TP53,venetoclax,positive,train
TP53,acalabrutinib,positive,train
TP53,zanubrutinib,positive,train
TP53,pirtobrutinib,positive,train
TP53,capecitabine,positive,train
TP53,carboplatin,negative,train
TP53,cisplatin,ambiguous,train
TP53,cyclophosphamide,ambiguous,train
TP53,docetaxel,negative,train
TP53,doxorubicin,positive,train
TP53,epirubicin,positive,train
TP53,levonorgestrel,positive,validation
TP53,paclitaxel,ambiguous,train
TP53,antineoplastic agents,positive,train
GATA4,drugs used in alcohol dependence,positive,train
GATA4,ethanol,negative,train
GATA4,phenprocoumon,negative,train
GATA4,warfarin,ambiguous,train
GATA4,acenocoumarol,positive,train
SI,sacrosidase,positive,train
LYN,ziprasidone,positive,train
CALCRL,fremanezumab,negative,train
CALCRL,galcanezumab,negative,train
CALCRL,erenumab,ambiguous,train
AMPD1,regadenoson,positive,validation
AMPD1,folic acid,positive,train
AMPD1,methotrexate,ambiguous,train
SERPINA6,daunorubicin,positive,test
SERPINA6,doxorubicin,positive,train
CD96,capecitabine,positive,train
SULT1A1,conjugated estrogens,positive,validation
SULT1A1,abt-751,negative,test
SULT1A1,desmethylnaproxen,positive,train
SULT1A1,tapentadol,ambiguous,validation
SULT1A1,acetaminophen,ambiguous,train
SULT1A1,tamoxifen,ambiguous,train
IL18,tumor necrosis factor alpha (tnf-alpha) inhibitors,positive,train
IL18,peginterferon alfa-2a,positive,validation
IL18,"interferon alfa-2a, recombinant",positive,train
IL18,"interferon alfa-2b, recombinant",positive,train
IL18,peginterferon alfa-2b,positive,train
IL18,ribavirin,positive,validation
IL18,tacrolimus,ambiguous,train
IL18,interferons,positive,train
GCG,clozapine,positive,train
GCG,metformin,positive,train
GCG,olanzapine,positive,train
GCG,antipsychotics,negative,train
HTR3D,palonosetron,negative,train
HTR3D,granisetron,negative,train
HTR3D,opioids,negative,train
RBX1,fluorouracil,positive,train
RBX1,cyclophosphamide,positive,train
RBX1,epirubicin,positive,train
ADRB1,catecholamines,positive,train
ADRB1,diuretics,ambiguous,train
ADRB1,nebivolol,positive,validation
ADRB1,muraglitazar,positive,train
ADRB1,"ace inhibitors, plain",ambiguous,test
ADRB1,angiotensin ii antagonists,ambiguous,test
ADRB1,antihypertensives,positive,train
ADRB1,beta blocking agents,ambiguous,train
ADRB1,"beta blocking agents, non-selective",ambiguous,train
ADRB1,"beta blocking agents, selective",positive,train
ADRB1,labetalol,positive,test
ADRB1,bucindolol,positive,validation
ADRB1,acebutolol,positive,train
ADRB1,atenolol,ambiguous,train
ADRB1,betaxolol,positive,test
ADRB1,bisoprolol,ambiguous,test
ADRB1,carvedilol,ambiguous,train
ADRB1,citalopram,negative,train
ADRB1,digoxin,ambiguous,train
ADRB1,diltiazem,ambiguous,validation
ADRB1,dobutamine,ambiguous,train
ADRB1,esmolol,positive,validation
ADRB1,flecainide,positive,train
ADRB1,hydrochlorothiazide,negative,train
ADRB1,isoproterenol,positive,validation
ADRB1,metoprolol,ambiguous,validation
ADRB1,nadolol,positive,validation
ADRB1,pindolol,positive,train
ADRB1,propranolol,positive,train
ADRB1,sotalol,positive,validation
ADRB1,spironolactone,ambiguous,train
ADRB1,sufentanil,positive,train
ADRB1,timolol,positive,train
ADRB1,verapamil,ambiguous,validation
HOTTIP,platinum compounds,negative,train
FABP2,valproic acid,negative,train
CMTM8,methylphenidate,positive,train
TBXAS1,aspirin,positive,train
TGFA,cetuximab,positive,train
TGFA,panitumumab,positive,train
GOT2,rivaroxaban,positive,test
IL13,adalimumab,positive,test
IL13,sunitinib,ambiguous,train
IL13,hepatitis vaccines,positive,train
IL13,ustekinumab,positive,train
MMP9,bevacizumab,negative,train
MMP9,antihypertensives,positive,train
MMP9,methyldopa,positive,train
MMP9,ulinastatin,positive,train
MMP9,celecoxib,positive,train
MMP9,hydralazine,positive,validation
MMP9,lithium,negative,train
MMP9,nifedipine,positive,test
THSD7A,clopidogrel,positive,train
HLA-DQA1,adalimumab,ambiguous,validation
HLA-DQA1,fluorouracil,positive,train
HLA-DQA1,lapatinib,positive,test
HLA-DQA1,antithyroid preparations,positive,validation
HLA-DQA1,dipeptidyl peptidase 4 (dpp-4) inhibitors,positive,train
HLA-DQA1,drugs for treatment of tuberculosis,positive,train
HLA-DQA1,measles vaccines,positive,test
HLA-DQA1,tumor necrosis factor alpha (tnf-alpha) inhibitors,positive,test
HLA-DQA1,pegaspargase,positive,validation
HLA-DQA1,lumiracoxib,positive,train
HLA-DQA1,flucloxacillin,positive,train
HLA-DQA1,ustekinumab,negative,validation
HLA-DQA1,radiotherapy,positive,test
HLA-DQA1,mepolizumab,negative,train
HLA-DQA1,aspirin,negative,test
HLA-DQA1,azathioprine,positive,train
HLA-DQA1,carbamazepine,positive,train
HLA-DQA1,cyclophosphamide,positive,train
HLA-DQA1,docetaxel,positive,train
HLA-DQA1,epirubicin,positive,validation
HLA-DQA1,interferon beta-1a,positive,train
HLA-DQA1,interferon beta-1b,positive,train
HLA-DQA1,isoniazid,negative,train
HLA-DQA1,letrozole,negative,validation
HLA-DQA1,mercaptopurine,positive,train
HLA-DQA1,pyrazinamide,negative,train
HLA-DQA1,rifampin,negative,train
HLA-DQA1,tamoxifen,positive,validation
HLA-DQA1,trastuzumab,positive,train
HLA-DQA1,infliximab,ambiguous,validation
TSPYL1,abiraterone,positive,train
TSPYL1,cyclosporine,positive,train
TSPYL1,prednisolone,positive,validation
ERCC5,fluorouracil,negative,train
ERCC5,platinum,positive,train
ERCC5,platinum compounds,negative,train
ERCC5,radiotherapy,negative,train
ERCC5,cisplatin,negative,test
ERCC5,cyclophosphamide,negative,train
ATL2,asparaginase,positive,train
GIMAP6,tenofovir,negative,train
LRRC15,atenolol,positive,test
LRRC15,hydrochlorothiazide,positive,train
LRRC15,metoprolol,positive,validation
CRH,antidepressants,positive,train
ZNF423,raloxifene,positive,train
ZNF423,tamoxifen,positive,train
SUGCT,hmg-coa reductase inhibitors,positive,train
SUGCT,hormonal contraceptives for systemic use,positive,train
RPL13,docetaxel,positive,train
RPL13,thalidomide,positive,train
KDR,imatinib,negative,train
KDR,fluorouracil,ambiguous,train
KDR,bevacizumab,positive,train
KDR,oxaliplatin,negative,train
KDR,lenalidomide,positive,train
KDR,sunitinib,ambiguous,train
KDR,ranibizumab,ambiguous,train
KDR,brivanib,positive,test
KDR,axitinib,positive,test
KDR,pazopanib,positive,train
KDR,regorafenib,ambiguous,test
KDR,motesanib,positive,validation
KDR,vandetanib,positive,test
KDR,radiotherapy,positive,validation
KDR,carfilzomib,positive,train
KDR,anlotinib,positive,train
KDR,apatinib,positive,train
KDR,cisplatin,negative,train
KDR,clopidogrel,ambiguous,train
KDR,dexamethasone,positive,train
KDR,sorafenib,positive,train
IL2RB,adalimumab,negative,train
IL2RB,tumor necrosis factor alpha (tnf-alpha) inhibitors,negative,validation
IL2RB,etanercept,negative,train
IL2RB,infliximab,negative,train
AGT,aripiprazole,negative,train
AGT,"ace inhibitors, plain",ambiguous,train
AGT,antihypertensives,negative,train
AGT,"antiinflammatory agents, non-steroids",positive,validation
AGT,amlodipine,positive,train
AGT,aspirin,positive,train
AGT,atenolol,ambiguous,train
AGT,atorvastatin,negative,train
AGT,benazepril,positive,test
AGT,captopril,negative,test
AGT,chlorthalidone,positive,train
AGT,clozapine,negative,train
AGT,hydrochlorothiazide,positive,train
AGT,irbesartan,ambiguous,test
AGT,lisinopril,positive,test
AGT,losartan,negative,test
AGT,olanzapine,negative,train
AGT,quetiapine,negative,train
AGT,quinapril,positive,validation
AGT,risperidone,negative,train
AGT,valsartan,positive,test
AGT,ziprasidone,negative,train
AGT,imidapril,positive,train
TNIK,risperidone,positive,train
RGS19,opioids,positive,train
CYSLTR1,pranlukast,positive,train
CYSLTR1,montelukast,positive,train
CYSLTR1,zafirlukast,positive,validation
DIO1,levothyroxine,negative,train
SYN3,ranibizumab,negative,train
SMARCAD1,capecitabine,negative,train
SMARCAD1,irinotecan,negative,train
FCGR2B,adalimumab,positive,train
FCGR2B,tumor necrosis factor alpha (tnf-alpha) inhibitors,positive,test
FCGR2B,margetuximab,positive,validation
FCGR2B,etanercept,positive,train
FCGR2B,trastuzumab,negative,train
FCGR2B,infliximab,positive,train
LAMB3,fentanyl,positive,test
NBEA,metformin,positive,train
NBEA,antidepressants,positive,train
GALNT17,montelukast,positive,train
TAP1,tumor necrosis factor alpha (tnf-alpha) inhibitors,positive,validation
CLDN18,zolbetuximab,positive,test
LPP,atorvastatin lactone,positive,validation
LPP,2-hydroxyatorvastatin,positive,train
LPP,4-hydroxyatorvastatin,positive,train
LPP,atorvastatin,positive,train
LPP,tamoxifen,positive,train
FSTL5,methotrexate polyglutamate,positive,train
FSTL5,purine analogues,positive,test
CXCR2,bevacizumab,positive,train
CXCR2,cyclophosphamide,positive,train
CACNA1G,celecoxib,positive,train
SLC6A12,aspirin,positive,train
MDGA2,milnacipran,positive,train
MDGA2,fluvoxamine,positive,train
MDGA2,paroxetine,positive,train
CACNA1F,celecoxib,positive,train
CACNA1F,valproic acid,positive,train
STX1B,warfarin,positive,train
IGH,pirtobrutinib,positive,validation
NKAIN3,vincristine,positive,train
TRAF1,adalimumab,ambiguous,train
TRAF1,tumor necrosis factor alpha (tnf-alpha) inhibitors,ambiguous,test
TRAF1,etanercept,ambiguous,train
TRAF1,rituximab,negative,test
TRAF1,infliximab,ambiguous,train
TNFRSF10A,adalimumab,ambiguous,train
TNFRSF10A,tumor necrosis factor alpha (tnf-alpha) inhibitors,positive,train
TNFRSF10A,etanercept,ambiguous,train
TNFRSF10A,rituximab,negative,validation
TNFRSF10A,infliximab,ambiguous,train
SLC30A9,aspirin,positive,train
STAT4,adalimumab,negative,train
STAT4,hmg-coa reductase inhibitors,positive,train
STAT4,tumor necrosis factor alpha (tnf-alpha) inhibitors,negative,test
STAT4,ustekinumab,positive,train
STAT4,etanercept,ambiguous,train
STAT4,rituximab,negative,validation
STAT4,infliximab,negative,train
ANKK1,aripiprazole,positive,test
ANKK1,nemonapride,positive,train
ANKK1,amisulpride,negative,test
ANKK1,drugs used in nicotine dependence,negative,train
ANKK1,ethanol,ambiguous,train
ANKK1,bupropion,ambiguous,train
ANKK1,clozapine,ambiguous,train
ANKK1,cocaine,negative,train
ANKK1,disulfiram,positive,test
ANKK1,haloperidol,positive,train
ANKK1,lithium,negative,train
ANKK1,methadone,ambiguous,train
ANKK1,methamphetamine,negative,validation
ANKK1,naltrexone,positive,train
ANKK1,nicotine,ambiguous,train
ANKK1,olanzapine,ambiguous,test
ANKK1,prochlorperazine,ambiguous,train
ANKK1,quetiapine,positive,validation
ANKK1,risperidone,ambiguous,test
ANKK1,valproic acid,positive,train
ANKK1,antipsychotics,ambiguous,train
ANKK1,opioids,ambiguous,train
ANKK1,heroin,ambiguous,train
KLF4,hydroxyurea,positive,train
FABP1,fenofibrate,ambiguous,train
TMEM205,platinum,negative,train
NUP107,platinum compounds,positive,test
CFTR,curcumin,positive,train
CFTR,drugs for treatment of tuberculosis,negative,train
CFTR,genistein,positive,test
CFTR,roflumilast,positive,validation
CFTR,ivacaftor,ambiguous,train
CFTR,lumacaftor,ambiguous,train
CFTR,ataluren,ambiguous,train
CFTR,ivacaftor / lumacaftor,ambiguous,train
CFTR,latonduine a,positive,train
CFTR,corr-4a,positive,train
CFTR,nppb,positive,test
CFTR,cavosonstat,ambiguous,validation
CFTR,tezacaftor,positive,train
CFTR,ivacaftor / tezacaftor,positive,train
CFTR,elexacaftor,positive,validation
CFTR,elexacaftor / tezacaftor / ivacaftor,ambiguous,train
CFTR,vanzacaftor / tezacaftor / deutivacaftor,positive,train
CFTR,cysteamine,positive,train
FBXL19,tumor necrosis factor alpha (tnf-alpha) inhibitors,positive,train
MIR146A,asparaginase,negative,train
MIR146A,cyclophosphamide,negative,train
MIR146A,cytarabine,negative,test
MIR146A,daunorubicin,negative,test
MIR146A,mercaptopurine,negative,train
MIR146A,methotrexate,negative,train
MIR146A,prednisone,negative,validation
MIR146A,vincristine,negative,test
E2F7,tamoxifen,positive,train
PPP3R1,cyclosporine,positive,train
CNOT4,methotrexate,negative,train
DTNBP1,aripiprazole,negative,test
DTNBP1,corticosteroids,positive,test
DTNBP1,citalopram,positive,train
DTNBP1,clozapine,positive,train
DTNBP1,haloperidol,positive,train
DTNBP1,methamphetamine,positive,train
ABCB1,aripiprazole,ambiguous,test
ABCB1,escitalopram,ambiguous,test
ABCB1,esomeprazole,positive,train
ABCB1,tenofovir,ambiguous,validation
ABCB1,valganciclovir,ambiguous,validation
ABCB1,vindesine,positive,train
ABCB1,voriconazole,ambiguous,train
ABCB1,atazanavir,ambiguous,train
ABCB1,palonosetron,negative,train
ABCB1,imatinib,ambiguous,train
ABCB1,ezetimibe,positive,train
ABCB1,fluorouracil,ambiguous,train
ABCB1,anthracyclines and related substances,positive,train
ABCB1,oxaliplatin,ambiguous,validation
ABCB1,gefitinib,ambiguous,train
ABCB1,cannabinoids,positive,train
ABCB1,calcein,negative,validation
ABCB1,hmg-coa reductase inhibitors,positive,train
ABCB1,erlotinib,positive,train
ABCB1,desmethylcitalopram,negative,train
ABCB1,antiepileptics,ambiguous,train
ABCB1,aliskiren,positive,train
ABCB1,bisantrene,negative,train
ABCB1,forskolin,negative,train
ABCB1,talinolol,ambiguous,train
ABCB1,taxanes,positive,validation
ABCB1,platinum,positive,validation
ABCB1,dactinomycin,negative,train
ABCB1,posaconazole,positive,train
ABCB1,lenalidomide,ambiguous,train
ABCB1,sunitinib,ambiguous,train
ABCB1,amisulpride,positive,train
ABCB1,paliperidone,positive,train
ABCB1,antibiotics,positive,train
ABCB1,"antivirals for treatment of hiv infections, combinations",positive,train
ABCB1,dipeptidyl peptidase 4 (dpp-4) inhibitors,positive,validation
ABCB1,drugs for treatment of tuberculosis,positive,train
ABCB1,melatonin receptor agonists,positive,train
ABCB1,platinum compounds,ambiguous,train
ABCB1,proton pump inhibitors,positive,train
ABCB1,selective serotonin reuptake inhibitors,ambiguous,train
ABCB1,labetalol,negative,train
ABCB1,ranolazine,positive,train
ABCB1,mitotane,negative,train
ABCB1,everolimus,ambiguous,test
ABCB1,temsirolimus,ambiguous,train
ABCB1,peginterferon alfa-2a,positive,train
ABCB1,dicloxacillin,ambiguous,train
ABCB1,rocuronium,positive,validation
ABCB1,rasagiline,positive,train
ABCB1,daptomycin,positive,validation
ABCB1,l-asparagine,positive,test
ABCB1,liothyronine,positive,test
ABCB1,rifapentine,positive,train
ABCB1,raltegravir,negative,train
ABCB1,axitinib,ambiguous,train
ABCB1,celiprolol,positive,test
ABCB1,dabigatran,ambiguous,train
ABCB1,rhodamine 123,ambiguous,train
ABCB1,sn-38,ambiguous,train
ABCB1,tipifarnib,ambiguous,validation
ABCB1,lumefantrine,negative,train
ABCB1,ticagrelor,positive,train
ABCB1,crizotinib,positive,test
ABCB1,vemurafenib,positive,validation
ABCB1,boceprevir,positive,train
ABCB1,nilotinib,negative,test
ABCB1,trabectedin,positive,test
ABCB1,rivaroxaban,ambiguous,validation
ABCB1,agomelatine,ambiguous,train
ABCB1,cabazitaxel,positive,train
ABCB1,dexlansoprazole,negative,train
ABCB1,dolutegravir,negative,train
ABCB1,bilirubin,negative,train
ABCB1,edoxaban,ambiguous,train
ABCB1,silibinin,positive,train
ABCB1,clopidogrel thiol metabolite h4,negative,test
ABCB1,o-desmethyltramadol,negative,train
ABCB1,osimertinib,positive,train
ABCB1,palbociclib,positive,train
ABCB1,ribociclib,positive,test
ABCB1,abemaciclib,positive,train
ABCB1,venetoclax,positive,train
ABCB1,romidepsin,positive,train
ABCB1,n-desmethylclozapine,positive,train
ABCB1,apixaban,ambiguous,train
ABCB1,dehydroaripiprazole,ambiguous,train
ABCB1,dihydrocodeine,ambiguous,train
ABCB1,highly active antiretroviral therapy (haart),positive,validation
ABCB1,s-eddp,positive,test
ABCB1,iguratimod,positive,train
ABCB1,avatrombopag,positive,train
ABCB1,clopidogrel carboxylic acid,positive,test
ABCB1,folfox,positive,validation
ABCB1,folfiri,positive,train
ABCB1,xelox,positive,train
ABCB1,tenofovir disoproxil fumarate,negative,train
ABCB1,piritramide,ambiguous,test
ABCB1,tilidine,ambiguous,train
ABCB1,levomethadone,positive,train
ABCB1,tenofovir alafenamide,positive,train
ABCB1,dimolegin,positive,validation
ABCB1,amitriptyline,ambiguous,train
ABCB1,amlodipine,positive,train
ABCB1,anastrozole,ambiguous,train
ABCB1,aspirin,ambiguous,train
ABCB1,atenolol,positive,test
ABCB1,atorvastatin,ambiguous,test
ABCB1,azathioprine,positive,test
ABCB1,azithromycin,positive,train
ABCB1,bleomycin,ambiguous,train
ABCB1,buprenorphine,ambiguous,test
ABCB1,capecitabine,ambiguous,train
ABCB1,carbamazepine,ambiguous,train
ABCB1,carboplatin,ambiguous,train
ABCB1,ceftriaxone,negative,train
ABCB1,cisplatin,ambiguous,test
ABCB1,citalopram,ambiguous,train
ABCB1,clomipramine,positive,train
ABCB1,clopidogrel,ambiguous,test
ABCB1,clozapine,ambiguous,test
ABCB1,codeine,ambiguous,train
ABCB1,colchicine,positive,test
ABCB1,cyclophosphamide,ambiguous,train
ABCB1,cyclosporine,ambiguous,train
ABCB1,cytarabine,ambiguous,train
ABCB1,daunorubicin,ambiguous,train
ABCB1,dexamethasone,ambiguous,train
ABCB1,dexrazoxane,ambiguous,train
ABCB1,diazepam,positive,train
ABCB1,digoxin,ambiguous,validation
ABCB1,diphenhydramine,ambiguous,train
ABCB1,docetaxel,ambiguous,train
ABCB1,donepezil,negative,train
ABCB1,doxorubicin,ambiguous,train
ABCB1,efavirenz,ambiguous,train
ABCB1,epirubicin,ambiguous,test
ABCB1,erythromycin,positive,train
ABCB1,etoposide,ambiguous,train
ABCB1,fentanyl,ambiguous,validation
ABCB1,fexofenadine,ambiguous,test
ABCB1,fluoxetine,ambiguous,validation
ABCB1,fluvastatin,positive,test
ABCB1,fluvoxamine,positive,train
ABCB1,folic acid,positive,train
ABCB1,galantamine,negative,train
ABCB1,gemcitabine,negative,train
ABCB1,granisetron,ambiguous,test
ABCB1,haloperidol,negative,train
ABCB1,hydrochlorothiazide,positive,train
ABCB1,hydromorphone,ambiguous,validation
ABCB1,idarubicin,positive,train
ABCB1,ifosfamide,positive,train
ABCB1,irinotecan,ambiguous,train
ABCB1,isoniazid,ambiguous,train
ABCB1,ivermectin,positive,train
ABCB1,lamivudine,ambiguous,train
ABCB1,lamotrigine,ambiguous,train
ABCB1,lansoprazole,positive,train
ABCB1,leucovorin,ambiguous,train
ABCB1,levofloxacin,positive,train
ABCB1,lithium,positive,train
ABCB1,loperamide,ambiguous,validation
ABCB1,lopinavir,negative,train
ABCB1,losartan,ambiguous,train
ABCB1,methadone,ambiguous,test
ABCB1,methotrexate,ambiguous,train
ABCB1,methylphenidate,positive,train
ABCB1,methylprednisolone,positive,train
ABCB1,midazolam,negative,train
ABCB1,mitoxantrone,positive,train
ABCB1,modafinil,positive,train
ABCB1,morphine,ambiguous,train
ABCB1,moxifloxacin,negative,test
ABCB1,mycophenolate mofetil,ambiguous,test
ABCB1,naproxen,positive,test
ABCB1,nefazodone,positive,validation
ABCB1,nelfinavir,ambiguous,train
ABCB1,nevirapine,ambiguous,train
ABCB1,nimodipine,negative,train
ABCB1,nortriptyline,ambiguous,train
ABCB1,olanzapine,ambiguous,test
ABCB1,omeprazole,positive,train
ABCB1,ondansetron,positive,test
ABCB1,oseltamivir,ambiguous,train
ABCB1,oxcarbazepine,positive,train
ABCB1,oxycodone,ambiguous,validation
ABCB1,paclitaxel,ambiguous,train
ABCB1,pantoprazole,ambiguous,train
ABCB1,paroxetine,ambiguous,train
ABCB1,phenobarbital,ambiguous,train
ABCB1,phenytoin,ambiguous,train
ABCB1,pravastatin,ambiguous,train
ABCB1,prazosin,negative,train
ABCB1,prednisolone,ambiguous,validation
ABCB1,prednisone,positive,train
ABCB1,probenecid,positive,train
ABCB1,propofol,ambiguous,train
ABCB1,propranolol,negative,train
ABCB1,pyrazinamide,positive,test
ABCB1,quetiapine,negative,train
ABCB1,ranitidine,ambiguous,train
ABCB1,remifentanil,ambiguous,train
ABCB1,rifampin,positive,train
ABCB1,risperidone,ambiguous,test
ABCB1,ritonavir,ambiguous,train
ABCB1,rituximab,positive,train
ABCB1,sertraline,ambiguous,train
ABCB1,sevoflurane,ambiguous,train
ABCB1,simvastatin,ambiguous,test
ABCB1,sirolimus,ambiguous,train
ABCB1,sufentanil,ambiguous,train
ABCB1,tacrolimus,ambiguous,train
ABCB1,tamoxifen,ambiguous,train
ABCB1,temozolomide,ambiguous,train
ABCB1,topiramate,positive,train
ABCB1,tramadol,ambiguous,train
ABCB1,trastuzumab,positive,test
ABCB1,trazodone,ambiguous,train
ABCB1,trimipramine,negative,train
ABCB1,valproic acid,ambiguous,test
ABCB1,venlafaxine,ambiguous,train
ABCB1,verapamil,ambiguous,test
ABCB1,vinblastine,negative,validation
ABCB1,vincristine,ambiguous,train
ABCB1,warfarin,ambiguous,train
ABCB1,zidovudine,ambiguous,test
ABCB1,antidepressants,ambiguous,train
ABCB1,antipsychotics,ambiguous,validation
ABCB1,glucocorticoids,positive,validation
ABCB1,opioids,ambiguous,train
ABCB1,antineoplastic agents,ambiguous,train
ABCB1,acenocoumarol,ambiguous,train
ABCB1,sorafenib,positive,validation
GH1,mecasermin,positive,train
NLRP3,anakinra,positive,validation
NLRP3,tumor necrosis factor alpha (tnf-alpha) inhibitors,positive,train
NLRP3,etanercept,positive,train
NLRP3,infliximab,positive,train
ADD1,diuretics,ambiguous,train
ADD1,antihypertensives,negative,train
ADD1,"thiazides, plain",ambiguous,train
ADD1,atenolol,negative,validation
ADD1,benazepril,negative,validation
ADD1,bumetanide,positive,train
ADD1,furosemide,positive,train
ADD1,hydrochlorothiazide,ambiguous,train
ADD1,spironolactone,positive,train
ADD1,torasemide,positive,train
ADD1,verapamil,negative,train
DNMT3A,warfarin,positive,train
CDH15,aspirin,positive,train
CDH15,clopidogrel,positive,train
IRS1,"sulfonamides, urea derivatives",positive,validation
IRS1,fluorouracil,positive,train
IRS1,drugs used in diabetes,ambiguous,validation
IRS1,aspirin,ambiguous,train
IRS1,clopidogrel,ambiguous,test
IRS1,cyclophosphamide,positive,validation
IRS1,epirubicin,positive,train
IRS1,glimepiride,negative,test
IRS1,glipizide,negative,validation
IRS1,glyburide,negative,train
IRS1,tamoxifen,negative,train
REV3L,adalimumab,negative,validation
REV3L,fluorouracil,positive,train
REV3L,ustekinumab,negative,train
REV3L,capecitabine,positive,validation
REV3L,cisplatin,ambiguous,train
REV3L,etanercept,negative,train
SERPINA3,antineoplastic agents,positive,train
CYP4B1,docetaxel,positive,train
CYP4B1,thalidomide,positive,train
AFAP1L1,selective serotonin reuptake inhibitors,negative,train
NFKB1,flupenthixol,positive,validation
NFKB1,fluorouracil,negative,train
NFKB1,gefitinib,negative,train
NFKB1,iodine (131i) compounds,positive,train
NFKB1,radiotherapy,positive,train
NFKB1,etanercept,positive,validation
NFKB1,irinotecan,negative,test
NFKB1,leucovorin,negative,train
NFKB1,sufentanil,negative,train
NPPA,amlodipine,positive,test
NPPA,chlorthalidone,positive,train
HTR1A,escitalopram,negative,validation
HTR1A,amisulpride,positive,train
HTR1A,selective serotonin reuptake inhibitors,positive,train
HTR1A,milnacipran,positive,validation
HTR1A,lurasidone,ambiguous,train
HTR1A,citalopram,ambiguous,train
HTR1A,clozapine,positive,train
HTR1A,fluoxetine,ambiguous,train
HTR1A,fluvoxamine,positive,test
HTR1A,methamphetamine,positive,train
HTR1A,olanzapine,positive,test
HTR1A,paroxetine,ambiguous,train
HTR1A,quetiapine,positive,train
HTR1A,risperidone,ambiguous,train
HTR1A,sertraline,positive,test
HTR1A,venlafaxine,negative,train
HTR1A,antidepressants,ambiguous,validation
HTR1A,antipsychotics,positive,train
HTR1A,opioids,negative,train
AOX1,febuxostat,positive,train
AOX1,xk469,ambiguous,train
AOX1,allopurinol,positive,validation
AOX1,azathioprine,positive,test
AOX1,mercaptopurine,positive,train
AOX1,pyrazinamide,negative,train
GCH1,opioids,negative,train
MYO5B,maralixibat,positive,train
MYO5B,odevixibat,positive,train
SLC12A1,"sulfonamides, plain",positive,train
TP53AIP1,fluorouracil,positive,train
TP53AIP1,cyclophosphamide,positive,train
TP53AIP1,epirubicin,positive,test
PGLYRP4,tumor necrosis factor alpha (tnf-alpha) inhibitors,positive,train
FOLR1,mirvetuximab soravtansine,positive,train
FOLR1,methotrexate,positive,validation
UGT1A3,tenofovir,negative,train
UGT1A3,atazanavir,positive,train
UGT1A3,hmg-coa reductase inhibitors,positive,validation
UGT1A3,deferasirox,positive,test
UGT1A3,ethambutol,negative,train
UGT1A3,sn-38,positive,train
UGT1A3,fesoterodine,positive,test
UGT1A3,febuxostat,positive,train
UGT1A3,acetaminophen glucuronide,positive,train
UGT1A3,fiboflapon,negative,train
UGT1A3,mirabegron,positive,train
UGT1A3,2-hydroxyatorvastatin,positive,train
UGT1A3,4-hydroxyatorvastatin,positive,validation
UGT1A3,acetaminophen,positive,test
UGT1A3,allopurinol,positive,test
UGT1A3,atorvastatin,positive,validation
UGT1A3,ibuprofen,positive,train
UGT1A3,isoniazid,negative,train
UGT1A3,ketamine,positive,train
UGT1A3,methotrexate,ambiguous,train
UGT1A3,montelukast,positive,train
UGT1A3,morphine,positive,train
UGT1A3,ondansetron,positive,train
UGT1A3,pyrazinamide,negative,train
UGT1A3,rifampin,negative,train
UGT1A3,risperidone,positive,train
UGT1A3,ritonavir,positive,train
UGT1A3,telmisartan,positive,train
UGT1A3,topiramate,positive,validation
UGT1A3,valproic acid,positive,test
UGT1A3,vitamin d and analogues,positive,train
BDKRB1,perindopril,positive,train
PRKAG1,metformin,positive,test
GDNF,paroxetine,positive,train
REL,adalimumab,negative,train
REL,gefitinib,negative,train
REL,tumor necrosis factor alpha (tnf-alpha) inhibitors,negative,train
REL,etanercept,negative,validation
REL,sufentanil,negative,train
REL,infliximab,negative,train
SLC29A2,gemcitabine,positive,train
TACR1,palonosetron,negative,train
TACR1,clozapine,positive,validation
TACR1,granisetron,negative,train
TACR1,opioids,ambiguous,train
UMPS,fluorouracil,ambiguous,train
UMPS,capecitabine,ambiguous,train
UMPS,leucovorin,positive,test
UMPS,tegafur,positive,test
ZHX2,peginterferon alfa-2a,positive,train
PRPF31,metformin,positive,train
HMGB1,platinum compounds,ambiguous,train
PCSK9,hmg-coa reductase inhibitors,positive,validation
PCSK9,pitavastatin,positive,train
PCSK9,lomitapide,positive,validation
PCSK9,inclisiran,positive,train
PCSK9,atorvastatin,ambiguous,train
VPS13D,capecitabine,positive,train
GGH,pemetrexed,positive,train
GGH,corticosteroids,negative,validation
GGH,bevacizumab,positive,train
GGH,methotrexate,ambiguous,train
GGH,methylphenidate,positive,train
GGH,antineoplastic agents,negative,test
SULT1C3,candesartan,positive,train
GSTM1,sulfamethoxazole / trimethoprim,positive,test
GSTM1,imatinib,negative,train
GSTM1,corticosteroids,negative,train
GSTM1,fluorouracil,ambiguous,train
GSTM1,bevacizumab,negative,test
GSTM1,anthracyclines and related substances,positive,train
GSTM1,oxaliplatin,ambiguous,train
GSTM1,taxanes,positive,train
GSTM1,"antivirals for treatment of hiv infections, combinations",negative,test
GSTM1,drugs for treatment of tuberculosis,ambiguous,train
GSTM1,platinum compounds,positive,train
GSTM1,ethambutol,ambiguous,train
GSTM1,radiotherapy,positive,train
GSTM1,lazertinib,positive,train
GSTM1,azathioprine,positive,train
GSTM1,bleomycin,positive,test
GSTM1,busulfan,positive,train
GSTM1,capecitabine,ambiguous,train
GSTM1,carboplatin,negative,validation
GSTM1,cisplatin,ambiguous,test
GSTM1,clozapine,positive,train
GSTM1,cyclophosphamide,positive,train
GSTM1,cytarabine,ambiguous,train
GSTM1,dacarbazine,positive,train
GSTM1,daunorubicin,negative,validation
GSTM1,docetaxel,negative,train
GSTM1,doxorubicin,ambiguous,train
GSTM1,epirubicin,negative,train
GSTM1,etoposide,positive,validation
GSTM1,gemcitabine,negative,train
GSTM1,irinotecan,negative,train
GSTM1,isoniazid,ambiguous,train
GSTM1,nevirapine,ambiguous,test
GSTM1,paclitaxel,positive,train
GSTM1,pyrazinamide,ambiguous,validation
GSTM1,rifampin,ambiguous,test
GSTM1,streptomycin,ambiguous,test
GSTM1,trastuzumab,negative,train
GSTM1,valproic acid,negative,validation
GSTM1,vinblastine,positive,train
GSTM1,aminoglycoside antibacterials,negative,train
GSTM1,antineoplastic agents,negative,train
WFS1,sitagliptin,ambiguous,train
WFS1,botulinum toxin type a,negative,train
WFS1,vildagliptin,ambiguous,test
WFS1,glp-1 receptor agonists,positive,test
WFS1,linagliptin,positive,test
WFS1,cisplatin,positive,test
DISP1,citalopram,negative,test
DISP1,clomipramine,negative,train
DISP1,fluoxetine,negative,validation
DISP1,fluvoxamine,negative,train
DISP1,paroxetine,negative,train
DISP1,sertraline,negative,train
GSTA5,busulfan,negative,validation
MCM3AP,vincristine,positive,validation
HRH3,pitolisant,positive,train
HRH3,risperidone,ambiguous,train
RIMS1,quetiapine,positive,train
FHIT,bevacizumab,negative,test
FHIT,ranibizumab,negative,train
FHIT,darapladib,negative,validation
FHIT,interferon beta-1a,positive,train
FHIT,interferon beta-1b,positive,train
FHIT,antidepressants,positive,train
PARP14,6-hydroxy s-warfarin,positive,train
SERPINF1,ranibizumab,negative,train
IGF1,mecasermin,positive,train
IGF1,tamoxifen,negative,train
GSTA2,daunorubicin,positive,train
GSTA2,doxorubicin,positive,train
MIR24-2,fluorouracil,positive,train
MIR24-2,capecitabine,positive,train
PHB2,bisphosphonates,positive,train
RYR1,hmg-coa reductase inhibitors,positive,validation
RYR1,calcium,positive,test
RYR1,anesthetics,positive,test
RYR1,desflurane,positive,test
RYR1,rocuronium,positive,validation
RYR1,chlorocresol,ambiguous,train
RYR1,volatile anesthetics,positive,train
RYR1,ryanodine,positive,train
RYR1,remimazolam,negative,train
RYR1,atorvastatin,positive,train
RYR1,caffeine,ambiguous,test
RYR1,enflurane,positive,train
RYR1,haloperidol,positive,train
RYR1,halothane,positive,train
RYR1,isoflurane,ambiguous,train
RYR1,methoxyflurane,positive,test
RYR1,propofol,positive,train
RYR1,sevoflurane,ambiguous,validation
RYR1,simvastatin,positive,train
RYR1,succinylcholine,positive,train
TSPAN5,escitalopram,ambiguous,train
TSPAN5,serotonin,positive,train
TSPAN5,citalopram,ambiguous,train
PLEKHJ1,candesartan,positive,train
KLC3,fluorouracil,positive,validation
KLC3,oxaliplatin,positive,validation
KLC3,platinum,positive,train
KLC3,platinum compounds,positive,train
KLC3,cisplatin,ambiguous,test
KLC3,cyclophosphamide,negative,train
KLC3,doxorubicin,positive,train
KLC3,gemcitabine,positive,train
KLC3,ifosfamide,positive,train
KLC3,methotrexate,positive,train
KCNS1,botulinum toxin type a,negative,train
PCGF3,enalapril,positive,test
HTR2C,aripiprazole,ambiguous,train
HTR2C,duloxetine,ambiguous,train
HTR2C,escitalopram,ambiguous,test
HTR2C,iloperidone,positive,train
HTR2C,amisulpride,ambiguous,train
HTR2C,paliperidone,negative,train
HTR2C,botulinum toxin type a,negative,train
HTR2C,divalproex sodium,ambiguous,train
HTR2C,ivacaftor,positive,validation
HTR2C,hydroxymethyl ivacaftor,positive,train
HTR2C,amitriptyline,ambiguous,train
HTR2C,atorvastatin,negative,train
HTR2C,bupropion,ambiguous,train
HTR2C,buspirone,ambiguous,train
HTR2C,carbamazepine,ambiguous,train
HTR2C,citalopram,ambiguous,train
HTR2C,clozapine,ambiguous,train
HTR2C,diazepam,ambiguous,train
HTR2C,fluoxetine,ambiguous,train
HTR2C,haloperidol,ambiguous,validation
HTR2C,lamotrigine,ambiguous,train
HTR2C,lithium,negative,train
HTR2C,mirtazapine,ambiguous,train
HTR2C,modafinil,ambiguous,train
HTR2C,nortriptyline,ambiguous,train
HTR2C,olanzapine,ambiguous,train
HTR2C,oxcarbazepine,ambiguous,train
HTR2C,paroxetine,ambiguous,train
HTR2C,phenytoin,ambiguous,train
HTR2C,pravastatin,negative,train
HTR2C,quetiapine,ambiguous,validation
HTR2C,risperidone,ambiguous,train
HTR2C,sertraline,ambiguous,train
HTR2C,simvastatin,negative,train
HTR2C,trazodone,ambiguous,train
HTR2C,valproic acid,ambiguous,train
HTR2C,venlafaxine,ambiguous,train
HTR2C,ziprasidone,ambiguous,validation
HTR2C,antipsychotics,ambiguous,train
AXIN2,platinum compounds,positive,train
FCER1G,aspirin,positive,validation
CRYBG2,opioids,positive,train
HMGB2,platinum compounds,negative,train
FARP2,methylphenidate,positive,test
LEP,amisulpride,negative,test
LEP,metreleptin,positive,train
LEP,clozapine,ambiguous,test
LEP,cyclosporine,positive,validation
LEP,olanzapine,ambiguous,validation
LEP,quetiapine,negative,validation
LEP,risperidone,ambiguous,train
LEP,tacrolimus,positive,train
LEP,antipsychotics,ambiguous,train
TPH1,escitalopram,positive,train
TPH1,selective serotonin reuptake inhibitors,positive,test
TPH1,citalopram,ambiguous,train
TPH1,fluoxetine,ambiguous,validation
TPH1,lithium,positive,train
TPH1,methadone,negative,train
TPH1,paroxetine,ambiguous,train
TPH1,venlafaxine,negative,test
TPH1,antidepressants,ambiguous,validation
IGF2BP2,fluorouracil,positive,validation
IGF2BP2,oxaliplatin,positive,train
IGF2BP2,epirubicin,positive,train
IGF2BP2,repaglinide,positive,train
SULT1E1,acetaminophen,positive,validation
SULT1E1,tacrolimus,positive,train
ABCB11,bosentan,negative,test
ABCB11,hmg-coa reductase inhibitors,positive,test
ABCB11,rosuvastatin,positive,train
ABCB11,lapatinib,positive,train
ABCB11,maralixibat,positive,train
ABCB11,odevixibat,positive,train
ABCB11,ceftriaxone,negative,train
ABCB11,daunorubicin,positive,train
ABCB11,doxorubicin,positive,train
ABCB11,glyburide,positive,train
RGS17,antidepressants,positive,train
ORM2,atrasentan,negative,train
ORM2,docetaxel,positive,train
ORM2,warfarin,negative,train
ENOSF1,fluorouracil,positive,train
ENOSF1,bevacizumab,negative,train
ENOSF1,oxaliplatin,negative,test
ENOSF1,capecitabine,ambiguous,train
ENOSF1,cisplatin,negative,train
ENOSF1,docetaxel,negative,train
ENOSF1,epirubicin,negative,test
ENOSF1,methotrexate,positive,train
ENOSF1,trastuzumab,negative,test
ABCC5,fluorouracil,positive,train
ABCC5,oxaliplatin,positive,train
ABCC5,antiepileptics,negative,test
ABCC5,antineoplastic and immunomodulating agents,positive,test
ABCC5,drugs for treatment of tuberculosis,negative,test
ABCC5,cannabidiol,positive,train
ABCC5,cisplatin,positive,train
ABCC5,daunorubicin,positive,train
ABCC5,doxorubicin,positive,train
ABCC5,glyburide,positive,validation
ABCC5,irinotecan,positive,train
ABCC5,leucovorin,positive,train
ABCC5,zidovudine,positive,validation
MTR,fluorouracil,negative,train
MTR,dactinomycin,positive,train
MTR,platinum compounds,positive,train
MTR,hydroxychloroquine,positive,train
MTR,benazepril,ambiguous,train
MTR,capecitabine,negative,train
MTR,carboplatin,ambiguous,train
MTR,cisplatin,ambiguous,train
MTR,cyclophosphamide,positive,test
MTR,docetaxel,negative,train
MTR,doxorubicin,positive,train
MTR,folic acid,positive,train
MTR,gemcitabine,negative,train
MTR,mercaptopurine,negative,train
MTR,methotrexate,ambiguous,train
MTR,paclitaxel,negative,train
MTR,sulfasalazine,positive,train
MTR,vincristine,positive,train
MTR,vinorelbine,negative,test
ATR,talazoparib,positive,train
PRKD1,dipeptidyl peptidase 4 (dpp-4) inhibitors,positive,train
PRKD1,sitagliptin,positive,train
PRKD1,vildagliptin,positive,train
PRKD1,saxagliptin,positive,train
PRKD1,linagliptin,positive,train
CARD16,peginterferon alfa-2b,positive,train
CARD16,ribavirin,positive,train
FANCA,talazoparib,positive,train
DLGAP1,anastrozole,negative,train
DLGAP1,exemestane,negative,validation
DLGAP1,pravastatin,negative,test
RGS4,olanzapine,positive,train
RGS4,perphenazine,positive,train
RGS4,quetiapine,positive,train
RGS4,risperidone,positive,train
RGS4,ziprasidone,positive,test
RGS4,antipsychotics,ambiguous,test
TNFSF11,anastrozole,ambiguous,test
TNFSF11,letrozole,ambiguous,train
ADAM12,pravastatin,negative,validation
ARG2,methyldopa,positive,train
ARG2,sildenafil,negative,test
SLCO3A1,darunavir,positive,train
SLCO3A1,efavirenz,negative,validation
SLCO3A1,lamivudine,negative,test
SLCO3A1,nevirapine,negative,train
SLCO3A1,zidovudine,negative,train
MAP4K4,anastrozole,positive,validation
MAP4K4,exemestane,positive,validation
APCDD1,dihydropyridine derivatives,positive,test
SMYD3,antipsychotics,positive,train
CTLA4,adalimumab,negative,train
CTLA4,bortezomib,ambiguous,train
CTLA4,corticosteroids,negative,train
CTLA4,"antiinflammatory agents, non-steroids",positive,train
CTLA4,tumor necrosis factor alpha (tnf-alpha) inhibitors,ambiguous,train
CTLA4,peginterferon alfa-2a,positive,train
CTLA4,peginterferon alfa-2b,positive,validation
CTLA4,eltrombopag,negative,train
CTLA4,avatrombopag,negative,train
CTLA4,cyclosporine,positive,train
CTLA4,dexamethasone,ambiguous,train
CTLA4,etanercept,negative,train
CTLA4,glatiramer acetate,negative,train
CTLA4,melphalan,positive,train
CTLA4,prednisone,positive,train
CTLA4,ribavirin,positive,test
CTLA4,rituximab,negative,validation
CTLA4,tacrolimus,ambiguous,validation
CTLA4,infliximab,negative,validation
NRXN1,duloxetine,positive,train
NRXN1,nicotine,positive,train
NRXN1,antipsychotics,positive,train
SLC2A2,metformin,positive,train
SLC2A2,tacrolimus,positive,train
SYNE3,cisplatin,positive,train
SYNE3,irinotecan,positive,test
HMGCS2,chlorothiazide,positive,train
HMGCS2,hydrochlorothiazide,positive,train
TMSB4X,timbetasin,positive,test
ZNF703,losartan e-3174,positive,validation
ZNF703,losartan,positive,train
CD80,clopidogrel,positive,validation
FAAH,aripiprazole,positive,test
FAAH,cannabinoids,positive,train
FAAH,clozapine,positive,train
FAAH,haloperidol,positive,train
FAAH,ibuprofen,positive,train
FAAH,methamphetamine,ambiguous,train
FAAH,morphine,ambiguous,train
FAAH,olanzapine,positive,train
FAAH,oxycodone,negative,test
FAAH,quetiapine,positive,train
FAAH,risperidone,ambiguous,train
FAAH,antipsychotics,positive,train
FAAH,opioids,positive,test
XDH,febuxostat,positive,train
XDH,methylmercaptopurine,positive,train
XDH,thioxanthine,positive,train
XDH,allopurinol,positive,test
XDH,azathioprine,ambiguous,train
XDH,daunorubicin,positive,train
XDH,didanosine,positive,train
XDH,doxorubicin,positive,train
XDH,mercaptopurine,positive,train
XDH,thioguanine,positive,train
RAD51,fluorouracil,negative,train
RAD51,platinum compounds,negative,train
RAD51,radiotherapy,negative,train
UHRF1,gefitinib,positive,train
UHRF1,erlotinib,positive,test
UHRF1,afatinib,positive,validation
COL22A1,salbutamol,positive,train
AHRR,methotrexate,positive,test
HES6,citalopram,negative,train
HES6,fluoxetine,negative,train
HES6,paroxetine,negative,train
GPR83,candesartan,positive,validation
GPR83,hydrochlorothiazide,positive,train
ZNF211,methylphenidate,positive,train
NUMA1,calcium channel blockers,positive,train
NUMA1,dihydropyridine derivatives,positive,test
HMMR,fluorouracil,positive,train
HMMR,cyclophosphamide,positive,train
HMMR,epirubicin,positive,train
POLA2,gemcitabine,negative,test
HPX,drugs for treatment of tuberculosis,positive,validation
NPC2,l-ornithine,positive,train
NPC2,arimoclomol,positive,train
NPC2,levacetylleucine,positive,train
NPC2,cysteine-s-sulfate,positive,train
CARTPT,ethanol,negative,train
CARTPT,nicotine,negative,train
TANC2,calcium channel blockers,positive,train
AHR,"1,7-dimethylxanthine",positive,test
AHR,caffeine,positive,train
AHR,olanzapine,positive,train
AHR,omeprazole,positive,validation
AHR,xenobiotics,ambiguous,train
CNNM2,mercaptopurine,positive,train
MYO1H,cisplatin,positive,train
MYO1H,lithium,positive,train
DHCR7,cholic acid,positive,test
P2RY11,apremilast,positive,train
SLC44A3,risperidone,negative,validation
CYP2A7P1,tenofovir,negative,train
CYP2A7P1,cyclophosphamide,positive,train
CYP2A7P1,efavirenz,positive,test
CYP2A7P1,ibuprofen,positive,train
CYP2A7P1,methadone,positive,train
CYP2A7P1,tacrolimus,negative,train
CYP2A7P1,tramadol,ambiguous,train
CYP2A7P1,opioids,positive,validation
DOCK6,apremilast,positive,train
NEDD4L,diuretics,positive,train
NEDD4L,aldosterone antagonists,positive,train
NEDD4L,antihypertensives,positive,test
NEDD4L,"beta blocking agents, selective",positive,test
NEDD4L,amiloride,positive,train
NEDD4L,atenolol,negative,train
NEDD4L,citalopram,positive,test
NEDD4L,diltiazem,negative,train
NEDD4L,hydrochlorothiazide,ambiguous,train
NR3C1,corticosteroids,ambiguous,test
NR3C1,antiepileptics,positive,validation
NR3C1,2-hydroxyatorvastatin,negative,train
NR3C1,dexamethasone,positive,train
NR3C1,irinotecan,positive,train
NR3C1,methadone,positive,train
NR3C1,prednisone,positive,test
NR3C1,antidepressants,positive,test
NR3C1,glucocorticoids,positive,train
NR3C1,antineoplastic agents,negative,validation
PPAN-P2RY11,apremilast,positive,train
MAML3,perphenazine,positive,train
STRBP,methylphenidate,positive,test
HS6ST3,tamoxifen,positive,train
FHL2,gemcitabine,positive,validation
CCL2,fluorouracil,positive,train
CCL2,cisplatin,positive,train
CCL2,docetaxel,positive,train
CCL2,risperidone,positive,validation
CCL2,antipsychotics,positive,train
RHOA,pravastatin,positive,validation
RHOA,simvastatin,positive,train
SLC14A1,hydroxyurea,positive,train
GRM3,risperidone,positive,validation
GRM3,antipsychotics,positive,train
GRM3,heroin,ambiguous,test
TAFA5,bisphosphonates,positive,validation
TLR9,adalimumab,positive,train
TLR9,tumor necrosis factor alpha (tnf-alpha) inhibitors,positive,train
TLR9,etanercept,positive,train
TLR9,infliximab,positive,test
LRIG3,tenofovir,negative,train
SKIC2,ranibizumab,negative,train
GNAZ,opioids,negative,train
APOC1,tenofovir,negative,train
APOC1,hmg-coa reductase inhibitors,positive,test
APOC1,"antivirals for treatment of hiv infections, combinations",positive,train
APOC1,acitretin,negative,train
APOC1,ritonavir,positive,validation
APOC1,warfarin,ambiguous,train
SERPINA1,elexacaftor / tezacaftor / ivacaftor,positive,train
MACROD2,hydrocodone,positive,train
MACROD2,oxycodone,positive,train
CYB5A,sulfamethoxazole / trimethoprim,negative,train
CYB5A,leflunomide,positive,test
PLCB1,selective serotonin reuptake inhibitors,positive,validation
PLCB1,irinotecan,positive,train
AQP2,platinum,ambiguous,validation
AQP2,thiazolidinediones,positive,train
NR3C2,enalapril,ambiguous,train
GSTM3,cisplatin,ambiguous,validation
GSTM3,cyclophosphamide,ambiguous,train
GSTM3,daunorubicin,positive,train
GSTM3,doxorubicin,positive,validation
GSTM3,olanzapine,positive,validation
GSTM3,tacrolimus,positive,train
HBEGF,cetuximab,positive,train
HBEGF,panitumumab,positive,train
CCDC22,tacrolimus,negative,validation
CACNA2D3,radiotherapy,positive,train
CACNA2D3,celecoxib,positive,train
CACNA2D3,antipsychotics,positive,train
GRIK3,botulinum toxin type a,negative,train
GRIK3,antipsychotics,positive,train
STX4,phenprocoumon,positive,train
STX4,warfarin,positive,validation
STX4,acenocoumarol,positive,train
ULK2,pegaspargase,negative,validation
SUSD3,rivaroxaban,positive,train
KCNA3,dexmedetomidine,positive,train
LHX2,corticosteroids,positive,train
GABPA,valproic acid,positive,train
AGAP3,aspirin,positive,train
AGAP3,clopidogrel,positive,test
ELAVL2,clozapine,positive,validation
SLC1A3,antipsychotics,positive,train
AIDA,vancomycin,negative,train
SH2B3,beta blocking agents,negative,validation
SH2B3,"thiazides, plain",negative,train
SH2B3,candesartan,positive,train
SH2B3,diltiazem,negative,train
SH2B3,hydrochlorothiazide,negative,validation
CYP19A1,fluorouracil,positive,test
CYP19A1,hmg-coa reductase inhibitors,positive,train
CYP19A1,antiandrogens,negative,train
CYP19A1,enzyme inhibitors,positive,train
CYP19A1,hdl cholesterol,positive,train
CYP19A1,anastrozole,ambiguous,train
CYP19A1,capecitabine,positive,train
CYP19A1,exemestane,ambiguous,train
CYP19A1,letrozole,positive,train
CYP19A1,tamoxifen,positive,test
CYP19A1,triglycerides,positive,train
NAGS,carglumic acid,positive,validation
NAGS,sodium benzoate / sodium phenylacetate,positive,train
NAGS,glycerol phenylbutyrate,positive,train
KCNQ5,celecoxib,positive,train
KCNQ5,irinotecan,positive,train
MECP2,fluorouracil,positive,train
MECP2,trofinetide,positive,validation
MECP2,cisplatin,positive,train
MECP2,mitoxantrone,positive,train
ZNF37A,corticosteroids,positive,train
NRG2,cetuximab,positive,train
NRG2,panitumumab,positive,train
ATF5,asparaginase,positive,train
ATF5,cyclophosphamide,positive,test
ATF5,cytarabine,positive,train
ATF5,daunorubicin,positive,train
ATF5,hydrocortisone,positive,train
ATF5,methotrexate,positive,train
ATF5,prednisone,positive,validation
ATF5,vincristine,positive,test
ARHGAP9,cytarabine,positive,test
NAMPT,antihypertensives,negative,test
NAMPT,nitric oxide,positive,validation
PLA2G4A,pyrazolones,positive,train
PLA2G4A,acetaminophen,positive,train
PLA2G4A,aspirin,positive,validation
PLA2G4A,atenolol,positive,train
PLA2G4A,diclofenac,positive,train
PLA2G4A,propionic acid derivatives,positive,test
POLR3G,nevirapine,positive,train
CD44,acetaminophen,positive,validation
IL23A,ustekinumab,positive,train
NFIB,paliperidone,positive,validation
NFIB,dextrorphan,negative,train
NFIB,solanidine,positive,test
NFIB,clozapine,positive,validation
NFIB,dextromethorphan,negative,train
NFIB,methylphenidate,positive,test
NFIB,risperidone,positive,train
NFIB,vincristine,positive,train
CYP2E1,drugs for treatment of tuberculosis,ambiguous,train
CYP2E1,gemtuzumab ozogamicin,positive,train
CYP2E1,pyridoxal phosphate,positive,train
CYP2E1,ethambutol,ambiguous,validation
CYP2E1,acetaminophen sulfate,positive,test
CYP2E1,isoniazid / pyrazinamide / rifampin,negative,train
CYP2E1,acetaminophen,positive,validation
CYP2E1,ethanol,ambiguous,train
CYP2E1,caffeine,ambiguous,test
CYP2E1,cisplatin,ambiguous,train
CYP2E1,cyclophosphamide,ambiguous,test
CYP2E1,cytarabine,positive,train
CYP2E1,fludarabine,positive,train
CYP2E1,idarubicin,positive,train
CYP2E1,isoflurane,positive,validation
CYP2E1,isoniazid,ambiguous,train
CYP2E1,paclitaxel,positive,train
CYP2E1,pyrazinamide,ambiguous,train
CYP2E1,rifampin,ambiguous,train
CYP2E1,risperidone,positive,train
CYP2E1,sevoflurane,positive,train
CYP2E1,streptomycin,ambiguous,train
CYP2E1,tacrolimus,negative,test
CYP2E1,theophylline,positive,train
CYP2E1,zidovudine,positive,test
ACSS2,ethanol,ambiguous,train
ACSS2,carboplatin,positive,train
ACSS2,cisplatin,positive,validation
ACSS2,docetaxel,positive,train
ACSS2,gemcitabine,positive,train
ACSS2,paclitaxel,positive,train
ZNF816,adalimumab,positive,train
ZNF816,tumor necrosis factor alpha (tnf-alpha) inhibitors,positive,test
ZNF816,ustekinumab,positive,validation
ZNF816,etanercept,positive,train
ZNF816,infliximab,positive,train
CD69,tocilizumab,positive,train
CYBA,cisplatin,positive,train
CYBA,cyclophosphamide,positive,train
CYBA,doxorubicin,positive,validation
CYBA,idarubicin,positive,validation
CYBA,prednisolone,positive,test
CYBA,prednisone,positive,validation
CYBA,rituximab,positive,train
CYBA,simvastatin,positive,train
CYBA,vincristine,positive,train
POU2F2,platinum,negative,train
SNAP25,amisulpride,positive,train
SNAP25,methylphenidate,ambiguous,train
SNAP25,antipsychotics,positive,train
KHDRBS3,fluorouracil,positive,train
KHDRBS3,capecitabine,positive,train
FNTB,lonafarnib,positive,train
FNTB,carboplatin,positive,test
FNTB,paclitaxel,positive,train
STK39,hydrochlorothiazide,negative,train
STK39,losartan,positive,test
HTR6,atorvastatin,negative,train
HTR6,citalopram,negative,train
HTR6,fluoxetine,negative,train
HTR6,paroxetine,negative,train
HTR6,pravastatin,negative,validation
HTR6,risperidone,ambiguous,train
HTR6,simvastatin,negative,test
HTR6,antidepressants,negative,train
IL17RC,tildrakizumab,positive,train
LST1,tenofovir,negative,test
LST1,abacavir,positive,train
LST1,diclofenac,positive,validation
LST1,ibuprofen,positive,validation
LST1,indomethacin,positive,validation
LST1,ketorolac,positive,train
LST1,naproxen,positive,train
TNFRSF11B,zoledronate,positive,train
TNFRSF11B,anastrozole,ambiguous,train
TNFRSF11B,letrozole,ambiguous,train
TNFRSF11B,pamidronate,positive,train
SVEP1,ticagrelor,positive,test
XBP1,platinum compounds,ambiguous,train
XBP1,valproic acid,positive,train
CSRNP3,bisphosphonates,positive,train
FPGS,methotrexate,ambiguous,train
FPGS,warfarin,ambiguous,train
FPGS,antineoplastic agents,positive,test
IGF1R,tamoxifen,positive,test
TMCO6,fluticasone propionate,positive,train
GATA3,pegaspargase,positive,train
GATA3,glucarpidase,positive,validation
GATA3,asparaginase,positive,test
GATA3,cyclophosphamide,positive,train
GATA3,cytarabine,positive,train
GATA3,daunorubicin,positive,validation
GATA3,dexamethasone,positive,train
GATA3,doxorubicin,positive,train
GATA3,leucovorin,positive,test
GATA3,mercaptopurine,positive,train
GATA3,methotrexate,positive,train
GATA3,prednisolone,positive,validation
GATA3,prednisone,positive,train
GATA3,thioguanine,positive,test
GATA3,vincristine,positive,train
ACTR3B,"1,7-dimethylxanthine",positive,train
ACTR3B,caffeine,positive,train
ABCC11,fluorouracil,ambiguous,train
ABCC11,capecitabine,ambiguous,train
CYSLTR2,leukotriene receptor antagonists,positive,train
ASS1,sodium phenylbutyrate,positive,train
ASS1,sodium benzoate / sodium phenylacetate,positive,train
ASS1,glycerol phenylbutyrate,positive,validation
ASS1,hydroxyurea,positive,train
DIO2,levothyroxine,negative,train
CBARP,metformin,positive,train
MYLIP,atorvastatin,positive,test
KLC1,fluorouracil,positive,train
KLC1,irinotecan,positive,train
KLC1,leucovorin,positive,test
SULT2A1,palbociclib,positive,train
SULT2A1,acetaminophen,positive,validation
NLRP8,pravastatin,negative,train
NDRG1,vincristine,positive,train
SPINK1,pegaspargase,positive,train
SPINK1,asparaginase,positive,train
DDX12P,antiepileptics,positive,validation
VDR,adalimumab,positive,train
VDR,zoledronate,negative,test
VDR,clodronate,positive,validation
VDR,fluorouracil,negative,train
VDR,selective beta-2-adrenoreceptor agonists,positive,train
VDR,calcium,positive,train
VDR,peginterferon alfa-2a,positive,test
VDR,conjugated estrogens,positive,validation
VDR,deferasirox,positive,train
VDR,peginterferon alfa-2b,positive,test
VDR,certolizumab pegol,positive,train
VDR,boceprevir,positive,train
VDR,daclatasvir,positive,test
VDR,tenofovir disoproxil fumarate,negative,train
VDR,golimumab,positive,train
VDR,alendronate,positive,train
VDR,amoxicillin,positive,train
VDR,calcitriol,positive,train
VDR,clarithromycin,positive,test
VDR,dexamethasone,negative,train
VDR,etanercept,positive,test
VDR,etidronic acid,positive,test
VDR,irinotecan,ambiguous,train
VDR,leucovorin,negative,train
VDR,medroxyprogesterone,positive,train
VDR,midazolam,positive,train
VDR,omeprazole,positive,validation
VDR,raloxifene,positive,train
VDR,ribavirin,positive,train
VDR,rifampin,positive,validation
VDR,tacrolimus,negative,train
VDR,warfarin,ambiguous,train
VDR,interferons,positive,validation
VDR,infliximab,positive,validation
ADA,methotrexate,ambiguous,test
TOP2A,fluorouracil,positive,train
TOP2A,cyclophosphamide,ambiguous,train
TOP2A,doxorubicin,negative,train
TOP2A,epirubicin,positive,train
OR4D6,carboplatin,positive,test
OR4D6,gemcitabine,positive,train
OR10P1,atenolol,positive,train
OR10P1,metoprolol,positive,validation
ZNF652,beta blocking agents,negative,train
ZNF652,"thiazides, plain",negative,test
ZNF652,diltiazem,negative,train
SH2B1,aripiprazole,positive,test
SH2B1,amisulpride,positive,validation
SH2B1,paliperidone,positive,validation
SH2B1,"ace inhibitors, plain",positive,train
SH2B1,clozapine,positive,train
SH2B1,lithium,positive,train
SH2B1,mirtazapine,positive,train
SH2B1,olanzapine,positive,validation
SH2B1,quetiapine,positive,test
SH2B1,risperidone,positive,train
SH2B1,valproic acid,positive,train
CYP3A4,aripiprazole,ambiguous,test
CYP3A4,duloxetine,ambiguous,train
CYP3A4,escitalopram,ambiguous,train
CYP3A4,fosamprenavir,positive,train
CYP3A4,telithromycin,positive,train
CYP3A4,voriconazole,ambiguous,train
CYP3A4,atazanavir,positive,validation
CYP3A4,imatinib,ambiguous,train
CYP3A4,fluorouracil,ambiguous,train
CYP3A4,bevacizumab,negative,train
CYP3A4,oxaliplatin,negative,train
CYP3A4,gefitinib,ambiguous,train
CYP3A4,hmg-coa reductase inhibitors,ambiguous,train
CYP3A4,rosuvastatin,positive,train
CYP3A4,erlotinib,positive,train
CYP3A4,pitavastatin,positive,validation
CYP3A4,posaconazole,positive,train
CYP3A4,dronedarone,positive,validation
CYP3A4,prasugrel,ambiguous,train
CYP3A4,sunitinib,positive,train
CYP3A4,darunavir,positive,validation
CYP3A4,tipranavir,positive,test
CYP3A4,everolimus,ambiguous,train
CYP3A4,tolterodine,positive,train
CYP3A4,mycophenolic acid,positive,train
CYP3A4,rocuronium,negative,train
CYP3A4,praziquantel,positive,train
CYP3A4,hydroxychloroquine,positive,train
CYP3A4,flunitrazepam,positive,train
CYP3A4,divalproex sodium,ambiguous,train
CYP3A4,ethambutol,positive,validation
CYP3A4,dabigatran,negative,train
CYP3A4,tipifarnib,negative,train
CYP3A4,artemisinin,positive,train
CYP3A4,artemether,positive,test
CYP3A4,lumefantrine,positive,train
CYP3A4,arteether,positive,train
CYP3A4,pazopanib,positive,test
CYP3A4,silodosin,positive,test
CYP3A4,ticagrelor,ambiguous,test
CYP3A4,ambrisentan,negative,train
CYP3A4,cabozantinib,ambiguous,train
CYP3A4,vemurafenib,positive,train
CYP3A4,nilotinib,positive,train
CYP3A4,rivaroxaban,positive,train
CYP3A4,saxagliptin,ambiguous,train
CYP3A4,vilazodone,positive,train
CYP3A4,fesoterodine,positive,train
CYP3A4,cabazitaxel,positive,train
CYP3A4,regorafenib,ambiguous,train
CYP3A4,dolutegravir,ambiguous,validation
CYP3A4,lurbinectedin,positive,test
CYP3A4,vandetanib,positive,train
CYP3A4,ibrutinib,ambiguous,train
CYP3A4,ruxolitinib,positive,train
CYP3A4,ivabradine,positive,train
CYP3A4,endoxifen,ambiguous,train
CYP3A4,n-desmethyltamoxifen,ambiguous,validation
CYP3A4,4-hydroxytamoxifen,ambiguous,train
CYP3A4,lonafarnib,positive,train
CYP3A4,lurasidone,ambiguous,test
CYP3A4,clopidogrel thiol metabolite h4,negative,train
CYP3A4,1-hydroxymidazolam,positive,train
CYP3A4,n-desmethyltramadol,positive,train
CYP3A4,palbociclib,positive,train
CYP3A4,ribociclib,positive,train
CYP3A4,abemaciclib,positive,train
CYP3A4,lenvatinib,positive,train
CYP3A4,venetoclax,positive,train
CYP3A4,alectinib,positive,train
CYP3A4,brexpiprazole,positive,train
CYP3A4,rilpivirine,negative,validation
CYP3A4,ar-c124910xx,negative,train
CYP3A4,clozapine n-oxide,positive,validation
CYP3A4,n-desmethylclozapine,positive,validation
CYP3A4,apixaban,ambiguous,train
CYP3A4,4-beta-hydroxycholesterol,ambiguous,validation
CYP3A4,isoniazid / pyrazinamide / rifampin,positive,train
CYP3A4,mirabegron,negative,train
CYP3A4,s-methadone,positive,validation
CYP3A4,norfentanyl,positive,validation
CYP3A4,umifenovir,positive,train
CYP3A4,acalabrutinib,positive,train
CYP3A4,apremilast,positive,validation
CYP3A4,perampanel,positive,train
CYP3A4,atorvastatin lactone,positive,train
CYP3A4,2-hydroxyatorvastatin,positive,train
CYP3A4,teneligliptin,positive,train
CYP3A4,tenofovir alafenamide,positive,validation
CYP3A4,macitentan,ambiguous,train
CYP3A4,ripretinib,positive,train
CYP3A4,apatinib metabolite m1-1,positive,test
CYP3A4,apatinib metabolite m1-2,positive,train
CYP3A4,apatinib-25-n-oxide,positive,train
CYP3A4,blonanserin,positive,validation
CYP3A4,pexidartinib,positive,train
CYP3A4,omaveloxolone,positive,test
CYP3A4,acetaminophen,ambiguous,validation
CYP3A4,alprazolam,positive,train
CYP3A4,amiodarone,positive,train
CYP3A4,amitriptyline,ambiguous,test
CYP3A4,amlodipine,ambiguous,train
CYP3A4,anastrozole,positive,validation
CYP3A4,atorvastatin,ambiguous,train
CYP3A4,bleomycin,ambiguous,train
CYP3A4,buprenorphine,ambiguous,train
CYP3A4,bupropion,ambiguous,train
CYP3A4,buspirone,ambiguous,train
CYP3A4,busulfan,positive,test
CYP3A4,caffeine,positive,test
CYP3A4,capecitabine,negative,train
CYP3A4,carbamazepine,ambiguous,train
CYP3A4,celecoxib,positive,train
CYP3A4,cisplatin,ambiguous,train
CYP3A4,citalopram,ambiguous,validation
CYP3A4,clarithromycin,positive,validation
CYP3A4,clindamycin,positive,train
CYP3A4,clomipramine,positive,train
CYP3A4,clopidogrel,ambiguous,train
CYP3A4,clozapine,ambiguous,validation
CYP3A4,cyclophosphamide,ambiguous,train
CYP3A4,cyclosporine,ambiguous,train
CYP3A4,desipramine,positive,train
CYP3A4,dexamethasone,positive,validation
CYP3A4,dextromethorphan,positive,train
CYP3A4,diazepam,ambiguous,train
CYP3A4,docetaxel,ambiguous,train
CYP3A4,donepezil,negative,validation
CYP3A4,doxepin,positive,validation
CYP3A4,doxorubicin,ambiguous,train
CYP3A4,efavirenz,ambiguous,train
CYP3A4,epirubicin,negative,train
CYP3A4,erythromycin,ambiguous,test
CYP3A4,etoposide,ambiguous,train
CYP3A4,exemestane,ambiguous,train
CYP3A4,fentanyl,ambiguous,validation
CYP3A4,fluoxetine,ambiguous,train
CYP3A4,fluticasone propionate,positive,train
CYP3A4,fluvastatin,positive,validation
CYP3A4,galantamine,negative,train
CYP3A4,gemcitabine,negative,train
CYP3A4,haloperidol,ambiguous,train
CYP3A4,ibuprofen,positive,train
CYP3A4,imipramine,positive,train
CYP3A4,indinavir,positive,train
CYP3A4,irinotecan,negative,train
CYP3A4,lamivudine,negative,train
CYP3A4,lamotrigine,ambiguous,train
CYP3A4,lidocaine,positive,test
CYP3A4,loperamide,positive,validation
CYP3A4,lopinavir,ambiguous,train
CYP3A4,losartan,positive,train
CYP3A4,lovastatin,positive,train
CYP3A4,methadone,ambiguous,validation
CYP3A4,methotrexate,ambiguous,test
CYP3A4,midazolam,ambiguous,validation
CYP3A4,mirtazapine,ambiguous,train
CYP3A4,modafinil,ambiguous,train
CYP3A4,mycophenolate mofetil,negative,validation
CYP3A4,nateglinide,positive,validation
CYP3A4,nelfinavir,ambiguous,validation
CYP3A4,nevirapine,ambiguous,train
CYP3A4,nifedipine,ambiguous,train
CYP3A4,nortriptyline,ambiguous,train
CYP3A4,olanzapine,ambiguous,train
CYP3A4,ondansetron,positive,test
CYP3A4,oxazepam,positive,validation
CYP3A4,oxcarbazepine,ambiguous,validation
CYP3A4,oxycodone,ambiguous,test
CYP3A4,paclitaxel,ambiguous,train
CYP3A4,pantoprazole,negative,train
CYP3A4,paroxetine,ambiguous,train
CYP3A4,phenprocoumon,ambiguous,train
CYP3A4,phenytoin,ambiguous,train
CYP3A4,pimozide,ambiguous,train
CYP3A4,pravastatin,positive,train
CYP3A4,primidone,positive,train
CYP3A4,quetiapine,ambiguous,train
CYP3A4,quinidine,positive,train
CYP3A4,repaglinide,positive,test
CYP3A4,rifampin,positive,test
CYP3A4,risperidone,ambiguous,test
CYP3A4,ritonavir,positive,train
CYP3A4,sertraline,ambiguous,train
CYP3A4,sildenafil,positive,validation
CYP3A4,simvastatin,ambiguous,train
CYP3A4,sirolimus,ambiguous,train
CYP3A4,sufentanil,ambiguous,validation
CYP3A4,tacrolimus,ambiguous,train
CYP3A4,tamoxifen,ambiguous,train
CYP3A4,tamsulosin,positive,train
CYP3A4,temazepam,positive,train
CYP3A4,teniposide,negative,train
CYP3A4,testosterone,positive,train
CYP3A4,tramadol,ambiguous,train
CYP3A4,trastuzumab,negative,train
CYP3A4,trazodone,ambiguous,test
CYP3A4,triazolam,positive,train
CYP3A4,valproic acid,ambiguous,train
CYP3A4,venlafaxine,ambiguous,test
CYP3A4,verapamil,negative,test
CYP3A4,vincristine,ambiguous,validation
CYP3A4,warfarin,ambiguous,train
CYP3A4,zidovudine,ambiguous,validation
CYP3A4,ziprasidone,ambiguous,validation
CYP3A4,zonisamide,positive,test
CYP3A4,antipsychotics,negative,train
CYP3A4,opioids,ambiguous,train
CYP3A4,antineoplastic agents,negative,train
CYP3A4,acenocoumarol,negative,train
CYP3A4,sorafenib,positive,train
NRAS,cetuximab,positive,train
NRAS,panitumumab,positive,train
NRAS,vemurafenib,positive,train
NRAS,dabrafenib,positive,train
NRAS,trametinib,positive,train
NRAS,encorafenib,positive,train
NRAS,tucatinib,positive,train
NRAS,carboplatin,positive,train
NRAS,cisplatin,positive,train
NRAS,gemcitabine,positive,train
NRAS,azacitidine,positive,train
C18ORF56,pemetrexed,negative,train
C18ORF56,fluorouracil,positive,train
C18ORF56,platinum,positive,test
C18ORF56,dactinomycin,negative,test
C18ORF56,hydroxychloroquine,positive,train
C18ORF56,asparaginase,positive,train
C18ORF56,azathioprine,positive,validation
C18ORF56,capecitabine,positive,train
C18ORF56,carboplatin,negative,train
C18ORF56,cisplatin,ambiguous,train
C18ORF56,cyclophosphamide,negative,test
C18ORF56,cytarabine,positive,train
C18ORF56,daunorubicin,positive,train
C18ORF56,doxorubicin,negative,validation
C18ORF56,epirubicin,positive,train
C18ORF56,etoposide,positive,train
C18ORF56,folic acid,positive,train
C18ORF56,gemcitabine,negative,train
C18ORF56,irinotecan,positive,train
C18ORF56,leucovorin,negative,train
C18ORF56,mercaptopurine,positive,train
C18ORF56,methotrexate,ambiguous,test
C18ORF56,prednisone,positive,train
C18ORF56,sulfasalazine,positive,train
C18ORF56,vincristine,ambiguous,train
C18ORF56,tegafur,negative,validation
ALOX5,leukotriene receptor antagonists,positive,train
ALOX5,irinotecan,positive,validation
ALOX5,montelukast,positive,train
ALOX5,zileuton,positive,train
ACKR1,clozapine,positive,validation
GJA1,vancomycin,negative,train
HLA-DOB,platinum compounds,positive,train
DDX53,carboplatin,positive,train
DDX53,gemcitabine,positive,train
HRAS,vemurafenib,positive,train
HRAS,dabrafenib,positive,validation
HRAS,trametinib,positive,train
HRAS,encorafenib,positive,validation
HRAS,tucatinib,positive,train
LMNB2,metreleptin,positive,validation
LRP1,platinum,negative,train
LRP1,selective serotonin (5ht1) agonists,negative,train
LRP1,botulinum toxin type a,negative,test
LRP1,warfarin,positive,train
DKK1,alendronate,positive,train
CDKN2B,apremilast,positive,train
DRD4,ethanol,positive,test
DRD4,clozapine,positive,train
DRD4,methamphetamine,positive,test
DRD4,methylphenidate,ambiguous,train
DRD4,nicotine,positive,train
UGT1A,acetaminophen glucuronide,positive,train
UGT1A,bilirubin,positive,train
UGT1A,acetaminophen,ambiguous,test
UGT1A,irinotecan,positive,train
UGT1A,levothyroxine,negative,train
UGT1A,methotrexate,negative,train
UGT1A,antineoplastic agents,positive,train
GNB3,escitalopram,ambiguous,train
GNB3,hmg-coa reductase inhibitors,positive,train
GNB3,diuretics,positive,train
GNB3,beta blocking agents,ambiguous,train
GNB3,"thiazides, plain",positive,train
GNB3,hydralazine / isosorbide dinitrate,positive,train
GNB3,amlodipine,negative,train
GNB3,aspirin,negative,train
GNB3,atenolol,ambiguous,train
GNB3,bumetanide,positive,train
GNB3,clonidine,ambiguous,test
GNB3,furosemide,positive,train
GNB3,hydrochlorothiazide,positive,train
GNB3,methadone,ambiguous,test
GNB3,metoprolol,negative,validation
GNB3,nortriptyline,positive,train
GNB3,olanzapine,positive,validation
GNB3,risperidone,negative,train
GNB3,sertraline,ambiguous,train
GNB3,sibutramine,positive,train
GNB3,sildenafil,positive,train
GNB3,sumatriptan,positive,train
GNB3,telmisartan,positive,test
GNB3,torasemide,positive,train
GNB3,antidepressants,ambiguous,train
GNB3,antipsychotics,positive,train
GNB3,opioids,positive,train
TNFSF10,rituximab,negative,train
LRP5,ranibizumab,negative,train
LRP5,dexamethasone,negative,test
LRP5,risedronate,negative,validation
IL9,tumor necrosis factor alpha (tnf-alpha) inhibitors,positive,test
BRAF,cetuximab,positive,validation
BRAF,vemurafenib,positive,validation
BRAF,dabrafenib,positive,train
BRAF,trametinib,positive,train
BRAF,pembrolizumab,positive,train
BRAF,nivolumab,positive,validation
BRAF,atezolizumab,positive,train
BRAF,selumetinib,positive,train
BRAF,cobimetinib,positive,train
BRAF,binimetinib,positive,train
BRAF,encorafenib,positive,train
BRAF,folfox,positive,train
BRAF,folfiri,positive,train
BRAF,xelox,positive,train
BRAF,nivolumab / relatlimab,positive,train
BRAF,tovorafenib,positive,train
BRAF,sorafenib,positive,train
CALU,phenprocoumon,negative,validation
CALU,warfarin,ambiguous,train
CALU,acenocoumarol,positive,train
KIR2DS2,peginterferon alfa-2b,positive,validation
NUP50,teniposide,positive,train
KCNE2,escitalopram,positive,train
KCNE2,oxaliplatin,positive,test
KCNE2,dronedarone,positive,test
KCNE2,papaverine,positive,validation
KCNE2,cilostazol,positive,train
KCNE2,hydroxychloroquine,positive,train
KCNE2,amiodarone,positive,train
KCNE2,azithromycin,positive,train
KCNE2,chlorpromazine,positive,train
KCNE2,ciprofloxacin,positive,validation
KCNE2,citalopram,positive,train
KCNE2,clarithromycin,positive,train
KCNE2,dofetilide,positive,validation
KCNE2,donepezil,positive,validation
KCNE2,erythromycin,positive,train
KCNE2,flecainide,positive,validation
KCNE2,fluconazole,positive,test
KCNE2,haloperidol,positive,train
KCNE2,levofloxacin,positive,validation
KCNE2,methadone,positive,train
KCNE2,moxifloxacin,positive,validation
KCNE2,ondansetron,positive,train
KCNE2,pentamidine,positive,train
KCNE2,procainamide,positive,train
KCNE2,propofol,positive,train
KCNE2,quinidine,positive,train
KCNE2,sotalol,positive,train
F13A1,photodynamic therapy,positive,test
F13A1,aspirin,positive,train
F13A1,clopidogrel,positive,train
F13A1,warfarin,negative,train
RXRG,fluorouracil,negative,test
RXRG,irinotecan,negative,train
RXRG,leucovorin,negative,train
NKX2-6,warfarin,positive,train
DLG2,anastrozole,positive,validation
NGF,methadone,ambiguous,train
PMCH,olanzapine,ambiguous,train
CCKBR,clozapine,positive,train
CCKBR,olanzapine,positive,train
PTCHD1,selective serotonin reuptake inhibitors,negative,train
OR52E2,lithium,positive,train
GLA,migalastat,positive,validation
PPARA,fluorouracil,negative,test
PPARA,hmg-coa reductase inhibitors,negative,test
PPARA,beta blocking agents,positive,train
PPARA,alectinib,positive,train
PPARA,lovastatin acid,negative,train
PPARA,2-hydroxyatorvastatin,positive,validation
PPARA,chiglitazar,positive,train
PPARA,atenolol,positive,validation
PPARA,atorvastatin,negative,train
PPARA,carvedilol,positive,train
PPARA,clopidogrel,negative,test
PPARA,clozapine,negative,train
PPARA,cyclosporine,negative,train
PPARA,fenofibrate,ambiguous,train
PPARA,irinotecan,negative,train
PPARA,leucovorin,negative,train
PPARA,lovastatin,positive,train
PPARA,metformin,positive,validation
PPARA,metoprolol,positive,validation
PPARA,phenprocoumon,positive,train
PPARA,risperidone,negative,train
PPARA,simvastatin,ambiguous,train
PPARA,sirolimus,negative,train
PPARA,tacrolimus,ambiguous,train
PPARA,valproic acid,positive,validation
PDZK1,allopurinol,positive,train
XPC,fluorouracil,negative,train
XPC,platinum compounds,ambiguous,train
XPC,radiotherapy,ambiguous,train
XPC,cisplatin,ambiguous,train
XPC,doxorubicin,positive,train
XPC,heroin,negative,validation
SDK1,antiemetics and antinauseants,positive,train
MIR6076,clopidogrel,positive,train
MIR6076,vincristine,positive,train
FRAS1,warfarin,positive,train
STX11,emapalumab,positive,validation
HTR1B,escitalopram,positive,train
HTR1B,ketanserin,positive,train
HTR1B,dihydroergotamine,positive,test
HTR1B,methysergide,positive,train
HTR1B,liothyronine,positive,test
HTR1B,citalopram,positive,validation
HTR1B,clomipramine,positive,train
HTR1B,fluoxetine,positive,test
HTR1B,fluvoxamine,positive,validation
HTR1B,lithium,positive,test
HTR1B,methylphenidate,negative,train
HTR1B,nefazodone,positive,train
HTR1B,paroxetine,positive,train
HTR1B,propranolol,negative,test
HTR1B,rizatriptan,negative,train
HTR1B,sertraline,positive,test
HTR1B,sumatriptan,ambiguous,train
HTR1B,venlafaxine,ambiguous,validation
MALAT1,platinum compounds,positive,train
ACTG1,vincristine,positive,test
EHF,ziprasidone,positive,test
EGFR,cetuximab,ambiguous,train
EGFR,imatinib,positive,test
EGFR,pemetrexed,positive,test
EGFR,fluorouracil,positive,train
EGFR,gefitinib,ambiguous,train
EGFR,erlotinib,positive,train
EGFR,topoisomerase i inhibitors,positive,validation
EGFR,geldanamycin,positive,train
EGFR,lapatinib,positive,train
EGFR,egfr inhibitors,positive,test
EGFR,panitumumab,ambiguous,train
EGFR,alkylating agents,positive,validation
EGFR,peginterferon alfa-2a,positive,train
EGFR,peginterferon alfa-2b,positive,train
EGFR,afatinib,ambiguous,test
EGFR,pembrolizumab,positive,train
EGFR,nivolumab,positive,test
EGFR,atezolizumab,positive,test
EGFR,osimertinib,positive,train
EGFR,durvalumab,positive,train
EGFR,dacomitinib,positive,train
EGFR,ipilimumab,positive,train
EGFR,ramucirumab,positive,validation
EGFR,tepotinib,positive,test
EGFR,cemiplimab-rwlc,positive,test
EGFR,mobocertinib,positive,train
EGFR,tremelimumab,positive,train
EGFR,lazertinib,positive,train
EGFR,amivantamab,positive,train
EGFR,sunvozertinib,positive,train
EGFR,telisotuzumab vedotin,positive,train
EGFR,sevabertinib,positive,train
EGFR,carboplatin,positive,train
EGFR,irinotecan,ambiguous,train
EGFR,leucovorin,positive,train
EGFR,paclitaxel,positive,train
EGFR,ribavirin,positive,train
EGFR,tegafur,positive,train
EGFR,sorafenib,ambiguous,train
DHFR,pemetrexed,positive,train
DHFR,"multivitamins, plain",positive,train
DHFR,hydroxychloroquine,negative,train
DHFR,azathioprine,positive,validation
DHFR,cyclosporine,positive,test
DHFR,folic acid,negative,train
DHFR,mercaptopurine,positive,train
DHFR,methotrexate,ambiguous,train
DHFR,sulfasalazine,negative,validation
SH3BP2,adalimumab,negative,train
SH3BP2,tumor necrosis factor alpha (tnf-alpha) inhibitors,ambiguous,validation
SH3BP2,etanercept,negative,train
SH3BP2,infliximab,negative,test
MAP3K5,hydroxyurea,positive,test
PRKAB2,clozapine,positive,test
PRKAB2,metformin,positive,train
PRKAB2,olanzapine,positive,train
PRKAB2,antipsychotics,positive,train
CR1,adalimumab,negative,train
CR1,eculizumab,ambiguous,train
CR1,etanercept,negative,train
CR1,infliximab,negative,train
SPRY2,capecitabine,positive,train
SLCO1A2,imatinib,positive,test
SLCO1A2,hmg-coa reductase inhibitors,positive,train
SLCO1A2,rocuronium,ambiguous,train
SLCO1A2,raltegravir,negative,train
SLCO1A2,celiprolol,positive,train
SLCO1A2,ceftriaxone,negative,validation
SLCO1A2,methotrexate,ambiguous,train
SLCO1A2,nadolol,positive,train
SLCO1A2,tamoxifen,positive,train
SLCO1A2,opioids,negative,train
GCLC,sulfamethoxazole,positive,train
PSORS1C3,allopurinol,positive,train
PSORS1C3,carbamazepine,positive,test
PSORS1C3,phenytoin,positive,train
CTRB2,dipeptidyl peptidase 4 (dpp-4) inhibitors,positive,train
CTRB2,sitagliptin,ambiguous,train
CTRB2,vildagliptin,ambiguous,train
SPTA1,benazepril,positive,validation
CALM1,cyclosporine,positive,validation
CLASP1,"ace inhibitors, plain",positive,train
CLASP1,enalapril,negative,train
TMSB10,carfilzomib,positive,train
PLCD3,beta blocking agents,negative,train
PLCD3,"thiazides, plain",negative,test
PLCD3,diltiazem,positive,train
CHRFAM7A,varenicline,positive,test
CHRNB3,varenicline,negative,train
CHRNB3,ethanol,negative,train
CHRNB3,bupropion,negative,validation
CHRNB3,nicotine,ambiguous,test
TK2,telbivudine,positive,train
MAFB,tumor necrosis factor alpha (tnf-alpha) inhibitors,positive,validation
CHIC2,atenolol,negative,train
SULF2,vincristine,positive,train
TOMM40,hmg-coa reductase inhibitors,positive,train
TOMM40,"antivirals for treatment of hiv infections, combinations",positive,train
TOMM40,ritonavir,positive,validation
HS3ST4,diuretics,negative,train
HS3ST4,"thiazides, plain",negative,validation
HS3ST4,hydrochlorothiazide,negative,train
FGF14,methotrexate,positive,train
ENG,methotrexate,positive,train
AOC1,cannabidiol,positive,train
AOC1,clozapine,positive,train
TH,selective serotonin reuptake inhibitors,negative,validation
TH,methadone,negative,test
TH,methylphenidate,positive,train
TH,metyrosine,positive,validation
TH,nicotine,negative,validation
TH,opioids,ambiguous,train
TH,heroin,negative,test
EBF1,hydrochlorothiazide,negative,validation
HLA-B,aripiprazole,ambiguous,validation
HLA-B,duloxetine,ambiguous,train
HLA-B,escitalopram,ambiguous,train
HLA-B,sulfamethoxazole / trimethoprim,positive,train
HLA-B,antiepileptics,ambiguous,validation
HLA-B,lapatinib,positive,train
HLA-B,"antiinflammatory agents, non-steroids",positive,test
HLA-B,antithyroid preparations,positive,test
HLA-B,first-generation cephalosporins,positive,train
HLA-B,fourth-generation cephalosporins,positive,train
HLA-B,measles vaccines,positive,train
HLA-B,other cephalosporins,positive,validation
HLA-B,rubella vaccines,positive,train
HLA-B,sulfonamides and trimethoprim,positive,validation
HLA-B,third-generation cephalosporins,positive,train
HLA-B,carbimazole,positive,validation
HLA-B,clavulanate,positive,train
HLA-B,penicillin v,positive,train
HLA-B,fosphenytoin,positive,train
HLA-B,peginterferon alfa-2a,positive,test
HLA-B,hydroxychloroquine,positive,validation
HLA-B,"interferon alfa-2a, recombinant",positive,train
HLA-B,flucloxacillin,positive,train
HLA-B,divalproex sodium,ambiguous,test
HLA-B,peginterferon alfa-2b,positive,test
HLA-B,raltegravir,positive,test
HLA-B,pazopanib,positive,train
HLA-B,regorafenib,positive,train
HLA-B,trichloroethylene,positive,train
HLA-B,osimertinib,positive,train
HLA-B,lamivudine / abacavir,positive,train
HLA-B,zidovudine / lamivudine / abacavir,positive,train
HLA-B,dolutegravir / abacavir / lamivudine,positive,train
HLA-B,cabotegravir / rilpivirine,positive,train
HLA-B,bcr-abl tyrosine kinase inhibitors,positive,train
HLA-B,abacavir,positive,train
HLA-B,acetaminophen,ambiguous,train
HLA-B,acetazolamide,positive,train
HLA-B,allopurinol,ambiguous,train
HLA-B,amitriptyline,ambiguous,train
HLA-B,amoxicillin,positive,train
HLA-B,bupropion,ambiguous,validation
HLA-B,buspirone,ambiguous,test
HLA-B,carbamazepine,ambiguous,train
HLA-B,ceftazidime,positive,train
HLA-B,ciprofloxacin,positive,validation
HLA-B,citalopram,ambiguous,train
HLA-B,clindamycin,positive,train
HLA-B,clozapine,positive,validation
HLA-B,dapsone,positive,test
HLA-B,diazepam,ambiguous,train
HLA-B,etanercept,positive,train
HLA-B,fluoxetine,ambiguous,test
HLA-B,interferon beta-1a,positive,train
HLA-B,irinotecan,positive,train
HLA-B,isoniazid,positive,train
HLA-B,lamivudine,positive,validation
HLA-B,lamotrigine,ambiguous,train
HLA-B,levofloxacin,positive,train
HLA-B,methazolamide,positive,train
HLA-B,methimazole,positive,train
HLA-B,minocycline,positive,train
HLA-B,mirtazapine,ambiguous,train
HLA-B,modafinil,ambiguous,train
HLA-B,moxifloxacin,positive,train
HLA-B,nevirapine,ambiguous,train
HLA-B,nortriptyline,ambiguous,train
HLA-B,olanzapine,ambiguous,train
HLA-B,oxcarbazepine,ambiguous,test
HLA-B,paroxetine,ambiguous,train
HLA-B,penicillin g,positive,train
HLA-B,phenobarbital,ambiguous,train
HLA-B,phenytoin,ambiguous,train
HLA-B,propylthiouracil,ambiguous,train
HLA-B,quetiapine,ambiguous,test
HLA-B,ribavirin,positive,validation
HLA-B,risperidone,ambiguous,train
HLA-B,rituximab,positive,train
HLA-B,sertraline,ambiguous,train
HLA-B,stavudine,positive,train
HLA-B,sulfamethoxazole,positive,test
HLA-B,sulfasalazine,positive,train
HLA-B,ticlopidine,positive,test
HLA-B,trazodone,ambiguous,train
HLA-B,valproic acid,ambiguous,validation
HLA-B,venlafaxine,ambiguous,validation
HLA-B,ziprasidone,ambiguous,train
HLA-B,zonisamide,negative,train
HLA-B,infliximab,positive,test
TLR4,adalimumab,negative,train
TLR4,pertussis vaccines,positive,train
TLR4,tumor necrosis factor alpha (tnf-alpha) inhibitors,positive,train
TLR4,acetaminophen,positive,train
TLR4,cisplatin,positive,validation
TLR4,folic acid,positive,train
TLR4,methotrexate,positive,train
TLR4,pravastatin,ambiguous,validation
TLR4,prednisolone,positive,train
TLR4,tacrolimus,ambiguous,train
TLR4,infliximab,negative,train
PPARGC1B,metformin,positive,train
LARP1B,cisplatin,negative,train
SENP3,methylphenidate,positive,train
GADL1,lithium,positive,test
OXT,clozapine,positive,train
INVS,duloxetine,positive,train
ZNF565,methylphenidate,positive,train
CCNH,oxaliplatin,negative,train
LEPROT,apremilast,positive,validation
LEPROT,clozapine,ambiguous,train
LEPROT,olanzapine,negative,train
LEPROT,quetiapine,negative,train
LEPROT,risperidone,negative,train
RBFOX1,antineoplastic agents,positive,test
TLR5,tumor necrosis factor alpha (tnf-alpha) inhibitors,positive,train
TLR5,ustekinumab,positive,train
TLR5,opioids,negative,train
SCN1A,clobazam,positive,validation
SCN1A,fluorouracil,positive,train
SCN1A,antiepileptics,ambiguous,validation
SCN1A,carbamazepine,ambiguous,validation
SCN1A,ethosuximide,positive,train
SCN1A,lamotrigine,positive,test
SCN1A,levetiracetam,positive,test
SCN1A,oxcarbazepine,ambiguous,test
SCN1A,phenytoin,ambiguous,train
SCN1A,valproic acid,ambiguous,validation
GHSR,ethanol,positive,validation
DNAH12,anastrozole,negative,train
DNAH12,exemestane,negative,train
AREG,cetuximab,ambiguous,test
AREG,panitumumab,ambiguous,train
AREG,radiotherapy,positive,train
AREG,capecitabine,positive,train
AREG,irinotecan,positive,train
C1ORF167,methotrexate,ambiguous,train
HSD3B7,cholic acid,positive,validation
LY96,tumor necrosis factor alpha (tnf-alpha) inhibitors,positive,train
LY96,fentanyl,negative,train
STAT6,esomeprazole,positive,train
STAT6,protein kinase inhibitors,positive,train
STAT6,proton pump inhibitors,positive,train
STAT6,fentanyl,negative,train
STAT6,opioids,negative,test
P2RX7,botulinum toxin type a,negative,test
P2RX7,fentanyl,ambiguous,train
AGTR1,nitrendipine,positive,train
AGTR1,"ace inhibitors, plain",positive,test
AGTR1,"thiazides, plain",positive,train
AGTR1,angiotensin ii,positive,validation
AGTR1,atenolol,negative,train
AGTR1,atorvastatin,positive,train
AGTR1,benazepril,positive,validation
AGTR1,candesartan,ambiguous,train
AGTR1,captopril,positive,train
AGTR1,hydrochlorothiazide,positive,train
AGTR1,irbesartan,ambiguous,train
AGTR1,losartan,positive,train
AGTR1,perindopril,positive,train
AGTR1,quinapril,negative,train
PGM1,acetaldehyde,positive,train
PGM1,ethanol,positive,train
AKR7A3,bupropion,negative,train
EIF3G,apremilast,positive,train
CYP2B6,aripiprazole,ambiguous,train
CYP2B6,duloxetine,ambiguous,test
CYP2B6,escitalopram,ambiguous,train
CYP2B6,tenofovir,ambiguous,validation
CYP2B6,imatinib,positive,train
CYP2B6,"3,4-methylenedioxymethamphetamine",positive,test
CYP2B6,non-nucleoside reverse transcriptase inhibitors,ambiguous,train
CYP2B6,dactinomycin,ambiguous,train
CYP2B6,prasugrel,ambiguous,train
CYP2B6,"antivirals for treatment of hiv infections, combinations",positive,validation
CYP2B6,drugs for treatment of tuberculosis,positive,train
CYP2B6,mitotane,positive,train
CYP2B6,varenicline,ambiguous,train
CYP2B6,divalproex sodium,ambiguous,train
CYP2B6,ethambutol,positive,train
CYP2B6,dabigatran,negative,train
CYP2B6,artemisinin,positive,test
CYP2B6,artemether,positive,train
CYP2B6,lumefantrine,ambiguous,validation
CYP2B6,arteether,positive,train
CYP2B6,ticagrelor,negative,train
CYP2B6,cotinine,positive,train
CYP2B6,dihydroartemisinin,positive,train
CYP2B6,ar-c124910xx,negative,train
CYP2B6,efavirenz / emtricitabine / tenofovir disoproxil,positive,train
CYP2B6,s-eddp,ambiguous,train
CYP2B6,s-methadone,positive,train
CYP2B6,ospemifene,positive,train
CYP2B6,hydroxybupropion,positive,train
CYP2B6,levomethadone,ambiguous,train
CYP2B6,r-eddp,ambiguous,train
CYP2B6,desbutyl lumefantrine,negative,train
CYP2B6,amitriptyline,ambiguous,train
CYP2B6,buprenorphine,negative,train
CYP2B6,bupropion,ambiguous,train
CYP2B6,buspirone,ambiguous,train
CYP2B6,busulfan,positive,train
CYP2B6,carbamazepine,ambiguous,train
CYP2B6,chlorambucil,negative,train
CYP2B6,citalopram,ambiguous,train
CYP2B6,clopidogrel,ambiguous,train
CYP2B6,cyclophosphamide,ambiguous,train
CYP2B6,diazepam,ambiguous,train
CYP2B6,doxorubicin,ambiguous,train
CYP2B6,efavirenz,ambiguous,test
CYP2B6,fludarabine,ambiguous,train
CYP2B6,fluoxetine,ambiguous,train
CYP2B6,ibuprofen,positive,train
CYP2B6,isoniazid,positive,train
CYP2B6,ketamine,ambiguous,train
CYP2B6,lamivudine,ambiguous,validation
CYP2B6,lamotrigine,ambiguous,train
CYP2B6,levonorgestrel,ambiguous,train
CYP2B6,lopinavir,negative,train
CYP2B6,medroxyprogesterone,negative,train
CYP2B6,methadone,ambiguous,train
CYP2B6,methotrexate,positive,train
CYP2B6,mirtazapine,ambiguous,train
CYP2B6,modafinil,ambiguous,train
CYP2B6,nevirapine,ambiguous,validation
CYP2B6,nicotine,ambiguous,train
CYP2B6,nortriptyline,ambiguous,train
CYP2B6,olanzapine,ambiguous,train
CYP2B6,oxcarbazepine,ambiguous,validation
CYP2B6,paroxetine,ambiguous,validation
CYP2B6,phenytoin,ambiguous,train
CYP2B6,propofol,ambiguous,validation
CYP2B6,pyrazinamide,positive,train
CYP2B6,quetiapine,ambiguous,train
CYP2B6,rifampin,positive,train
CYP2B6,risperidone,ambiguous,train
CYP2B6,ritonavir,negative,train
CYP2B6,sertraline,ambiguous,train
CYP2B6,sibutramine,negative,train
CYP2B6,stavudine,ambiguous,validation
CYP2B6,tacrolimus,ambiguous,validation
CYP2B6,tamoxifen,ambiguous,train
CYP2B6,tramadol,ambiguous,train
CYP2B6,trazodone,ambiguous,train
CYP2B6,valproic acid,ambiguous,train
CYP2B6,venlafaxine,ambiguous,train
CYP2B6,vincristine,ambiguous,test
CYP2B6,zidovudine,ambiguous,train
CYP2B6,ziprasidone,ambiguous,train
CYP2B6,opioids,ambiguous,train
CYP2B6,antineoplastic agents,negative,train
CYP2B6,sorafenib,positive,train
RFXAP,pegaspargase,positive,train
RFXAP,asparaginase,positive,train
RFXAP,prednisone,positive,test
ATP1A1,eplerenone,positive,train
MET,erlotinib,positive,train
MET,sunitinib,negative,train
MET,crizotinib,positive,train
MET,tepotinib,positive,train
MET,capmatinib,positive,train
MET,telisotuzumab vedotin,positive,train
DCAF4,corticosteroids,ambiguous,train
ADRA1A,alpha-adrenoreceptor antagonists,positive,validation
ADRA1A,dihydropyridine derivatives,positive,train
ADRA1A,disulfiram,positive,train
ADRA1A,dopamine,positive,validation
ADRA1A,epinephrine,positive,validation
ADRA1A,isoproterenol,positive,train
ADRA1A,methoxamine,positive,train
ADRA1A,nifedipine,positive,train
ADRA1A,norepinephrine,positive,test
ADRA1A,phenylephrine,positive,validation
CEP72,methotrexate polyglutamate,positive,train
CEP72,vincristine,ambiguous,train
PHETA2,dextromethorphan,positive,train
ZNF100,antineoplastic agents,positive,train
PGR,lapatinib,positive,train
PGR,fulvestrant,positive,validation
PGR,goserelin,positive,train
PGR,etonogestrel,positive,validation
PGR,olaparib,positive,train
PGR,ixabepilone,positive,train
PGR,pertuzumab,positive,train
PGR,neratinib,positive,train
PGR,palbociclib,positive,train
PGR,ribociclib,positive,validation
PGR,abemaciclib,positive,train
PGR,eribulin,positive,validation
PGR,anastrozole,ambiguous,train
PGR,docetaxel,positive,train
PGR,exemestane,positive,test
PGR,letrozole,ambiguous,validation
PGR,tamoxifen,positive,train
PGR,trastuzumab,positive,validation
MYBBP1A,pegaspargase,negative,train
MYBBP1A,asparaginase,positive,train
RGS5,fluorouracil,positive,train
RGS5,bevacizumab,ambiguous,train
RGS5,ranibizumab,negative,train
RGS5,irinotecan,positive,train
RGS5,leucovorin,positive,test
ALOX5AP,gemcitabine,positive,validation
DMD,eteplirsen,positive,train
DMD,golodirsen,positive,train
DMD,viltolarsen,positive,train
DMD,casimersen,positive,train
CLEC16A,glatiramer acetate,positive,test
PIP5K1C,ethanol,ambiguous,train
ADRB2,fenoterol,positive,train
ADRB2,tenofovir,negative,train
ADRB2,corticosteroids,ambiguous,test
ADRB2,selective beta-2-adrenoreceptor agonists,ambiguous,train
ADRB2,formoterol,ambiguous,train
ADRB2,diuretics,ambiguous,validation
ADRB2,"ace inhibitors, plain",ambiguous,validation
ADRB2,angiotensin ii antagonists,ambiguous,test
ADRB2,beta blocking agents,ambiguous,train
ADRB2,"beta blocking agents, non-selective",positive,train
ADRB2,drugs for obstructive airway diseases,ambiguous,train
ADRB2,leukotriene receptor antagonists,negative,train
ADRB2,labetalol,positive,train
ADRB2,tiotropium,positive,validation
ADRB2,indacaterol,negative,validation
ADRB2,methacholine,positive,train
ADRB2,mepolizumab,positive,train
ADRB2,salbutamol,ambiguous,test
ADRB2,atenolol,ambiguous,test
ADRB2,benazepril,ambiguous,train
ADRB2,budesonide,negative,validation
ADRB2,carvedilol,ambiguous,validation
ADRB2,dexmedetomidine,positive,train
ADRB2,digoxin,ambiguous,train
ADRB2,enalapril,positive,train
ADRB2,ephedrine,ambiguous,train
ADRB2,epinephrine,positive,validation
ADRB2,fentanyl,ambiguous,train
ADRB2,fluticasone propionate,negative,validation
ADRB2,hydrochlorothiazide,ambiguous,train
ADRB2,isoproterenol,positive,train
ADRB2,orciprenaline,positive,train
ADRB2,metoprolol,ambiguous,test
ADRB2,montelukast,negative,train
ADRB2,nadolol,positive,train
ADRB2,nifedipine,negative,train
ADRB2,phenylephrine,ambiguous,train
ADRB2,pindolol,positive,train
ADRB2,propofol,ambiguous,train
ADRB2,propranolol,positive,validation
ADRB2,ramipril,positive,train
ADRB2,remifentanil,ambiguous,train
ADRB2,risperidone,positive,train
ADRB2,ritodrine,positive,train
ADRB2,salmeterol,ambiguous,test
ADRB2,sevoflurane,ambiguous,train
ADRB2,sotalol,positive,test
ADRB2,spironolactone,ambiguous,train
ADRB2,terbutaline,ambiguous,test
ADCY2,anthracyclines and related substances,positive,train
ADCY2,capecitabine,ambiguous,train
ADCY2,irinotecan,negative,validation
ADCY2,lithium,positive,train
ADCY2,antipsychotics,positive,test
FGFR1OP2,brivanib,positive,validation
CYP2D6,aripiprazole,ambiguous,test
CYP2D6,bromazepam,positive,train
CYP2D6,duloxetine,ambiguous,train
CYP2D6,escitalopram,ambiguous,train
CYP2D6,flupenthixol,positive,train
CYP2D6,oxprenolol,negative,validation
CYP2D6,palonosetron,positive,train
CYP2D6,anthracyclines and related substances,ambiguous,train
CYP2D6,gefitinib,ambiguous,test
CYP2D6,"3,4-methylenedioxymethamphetamine",positive,test
CYP2D6,hmg-coa reductase inhibitors,positive,test
CYP2D6,rosuvastatin,ambiguous,train
CYP2D6,formoterol,positive,train
CYP2D6,erlotinib,negative,train
CYP2D6,mianserin,positive,train
CYP2D6,levomepromazine,positive,validation
CYP2D6,eletriptan,positive,train
CYP2D6,atomoxetine,ambiguous,validation
CYP2D6,tetrabenazine,ambiguous,train
CYP2D6,opipramol,ambiguous,train
CYP2D6,nebivolol,ambiguous,train
CYP2D6,dronedarone,positive,train
CYP2D6,iloperidone,ambiguous,train
CYP2D6,tropisetron,positive,validation
CYP2D6,amisulpride,positive,test
CYP2D6,paliperidone,ambiguous,train
CYP2D6,angiotensin ii antagonists,positive,train
CYP2D6,anticholinergic agents,positive,train
CYP2D6,beta blocking agents,ambiguous,train
CYP2D6,enzyme inhibitors,negative,validation
CYP2D6,opium derivatives and expectorants,positive,train
CYP2D6,selective serotonin reuptake inhibitors,ambiguous,train
CYP2D6,labetalol,negative,train
CYP2D6,bevantolol,negative,test
CYP2D6,arformoterol,positive,train
CYP2D6,lofexidine,positive,train
CYP2D6,ranolazine,positive,train
CYP2D6,tolterodine,ambiguous,train
CYP2D6,lisdexamfetamine,positive,train
CYP2D6,penbutolol,negative,validation
CYP2D6,cevimeline,positive,train
CYP2D6,bepridil,positive,validation
CYP2D6,pregabalin,positive,train
CYP2D6,rocuronium,negative,test
CYP2D6,deferasirox,negative,train
CYP2D6,praziquantel,negative,train
CYP2D6,tiotropium,positive,train
CYP2D6,darifenacin,positive,test
CYP2D6,hydroxychloroquine,ambiguous,train
CYP2D6,divalproex sodium,ambiguous,train
CYP2D6,sertindole,positive,train
CYP2D6,ethambutol,negative,train
CYP2D6,celiprolol,negative,test
CYP2D6,dabigatran,positive,train
CYP2D6,berberine,ambiguous,test
CYP2D6,hydroxyamitriptyline,positive,train
CYP2D6,desvenlafaxine,ambiguous,train
CYP2D6,fesoterodine,ambiguous,train
CYP2D6,bufuralol,ambiguous,train
CYP2D6,pridopidine,positive,train
CYP2D6,tafenoquine,negative,validation
CYP2D6,ibrutinib,positive,train
CYP2D6,vortioxetine,positive,train
CYP2D6,eliglustat,positive,train
CYP2D6,endoxifen,ambiguous,train
CYP2D6,n-desmethyltamoxifen,ambiguous,train
CYP2D6,4-hydroxytamoxifen,ambiguous,train
CYP2D6,casopitant,negative,train
CYP2D6,s-norfluoxetine,negative,train
CYP2D6,noroxycodone,positive,train
CYP2D6,r-norfluoxetine,negative,train
CYP2D6,o-desmethyltramadol,ambiguous,train
CYP2D6,"n,n-didesmethyltramadol",positive,test
CYP2D6,n-desmethyltramadol,positive,test
CYP2D6,"n,o-didesmethyltramadol",positive,train
CYP2D6,desmethyl clomipramine,positive,train
CYP2D6,noroxymorphone,ambiguous,train
CYP2D6,dapoxetine,ambiguous,train
CYP2D6,tolperisone,positive,validation
CYP2D6,coptisine,ambiguous,train
CYP2D6,flibanserin,positive,train
CYP2D6,brexpiprazole,positive,train
CYP2D6,aripiprazole lauroxil,positive,validation
CYP2D6,paramethoxymethamphetamine,positive,validation
CYP2D6,rucaparib,positive,train
CYP2D6,n-desmethylclozapine,negative,test
CYP2D6,2-hydroxymethyl olanzapine,positive,train
CYP2D6,deutetrabenazine,positive,train
CYP2D6,valbenazine,positive,train
CYP2D6,ritalinic acid,negative,train
CYP2D6,dehydroaripiprazole,positive,train
CYP2D6,dextromethorphan / quinidine,positive,train
CYP2D6,fluoxetine / olanzapine,positive,train
CYP2D6,dihydrocodeine,ambiguous,train
CYP2D6,cariprazine,ambiguous,train
CYP2D6,mirabegron,positive,train
CYP2D6,umeclidinium,positive,test
CYP2D6,s-eddp,positive,train
CYP2D6,alpha-hydroxymetoprolol,ambiguous,train
CYP2D6,s-methadone,ambiguous,train
CYP2D6,dextropropoxyphene,negative,train
CYP2D6,nordextropropoxyphene,negative,validation
CYP2D6,acetaminophen / codeine,positive,validation
CYP2D6,vernakalant,positive,validation
CYP2D6,umeclidinium / vilanterol,positive,test
CYP2D6,acetaminophen / tramadol,positive,train
CYP2D6,"paracetamol, combinations excl. psycholeptics (vicks medinait sirup)",positive,train
CYP2D6,mephedrone,positive,train
CYP2D6,pitolisant,positive,train
CYP2D6,upadacitinib,positive,train
CYP2D6,desethyl hydroxychloroquine,positive,train
CYP2D6,desethylchloroquine,positive,test
CYP2D6,dihydromorphine,positive,validation
CYP2D6,ethylmorphine,positive,train
CYP2D6,ketobemidone,negative,train
CYP2D6,oliceridine,positive,validation
CYP2D6,levomethadone,ambiguous,train
CYP2D6,acetaminophen / caffeine / dihydrocodeine,positive,train
CYP2D6,r-eddp,positive,validation
CYP2D6,beta-dihydrodeutetrabenazine,positive,train
CYP2D6,alpha-dihydrodeutetrabenazine,positive,train
CYP2D6,vonoprazan,positive,test
CYP2D6,viloxazine,positive,train
CYP2D6,norquetiapine,positive,train
CYP2D6,dextromethorphan hydrobromide / bupropion hydrochloride,positive,test
CYP2D6,solanidine,positive,train
CYP2D6,apatinib metabolite m1-1,positive,train
CYP2D6,apatinib-25-n-oxide,positive,train
CYP2D6,pyrantel,positive,train
CYP2D6,ulotaront,positive,validation
CYP2D6,"primaquine 5,6-orthoquinone",positive,validation
CYP2D6,ibogaine,positive,train
CYP2D6,xanomeline / trospium,positive,train
CYP2D6,ramosetron,positive,train
CYP2D6,iloperidone metabolite p88,positive,train
CYP2D6,4-hydroxysolanidine,positive,test
CYP2D6,acebutolol,ambiguous,train
CYP2D6,acetaminophen,positive,train
CYP2D6,ethanol,positive,test
CYP2D6,amiodarone,positive,train
CYP2D6,amitriptyline,ambiguous,train
CYP2D6,amoxapine,positive,train
CYP2D6,amphetamine,ambiguous,train
CYP2D6,aspirin,positive,validation
CYP2D6,atenolol,ambiguous,train
CYP2D6,atorvastatin,ambiguous,train
CYP2D6,betaxolol,positive,validation
CYP2D6,bisoprolol,ambiguous,train
CYP2D6,buprenorphine,negative,train
CYP2D6,bupropion,ambiguous,validation
CYP2D6,buspirone,ambiguous,train
CYP2D6,carbamazepine,ambiguous,train
CYP2D6,carvedilol,ambiguous,train
CYP2D6,celecoxib,ambiguous,train
CYP2D6,cimetidine,positive,train
CYP2D6,ciprofloxacin,positive,train
CYP2D6,citalopram,ambiguous,train
CYP2D6,clomipramine,ambiguous,train
CYP2D6,clonidine,positive,train
CYP2D6,clopidogrel,negative,validation
CYP2D6,clozapine,ambiguous,test
CYP2D6,codeine,ambiguous,train
CYP2D6,colchicine,positive,train
CYP2D6,desipramine,positive,train
CYP2D6,dexmedetomidine,positive,validation
CYP2D6,dextromethorphan,ambiguous,validation
CYP2D6,diazepam,ambiguous,train
CYP2D6,disopyramide,positive,validation
CYP2D6,dolasetron,ambiguous,train
CYP2D6,donepezil,positive,train
CYP2D6,doxepin,ambiguous,test
CYP2D6,fentanyl,positive,test
CYP2D6,flecainide,ambiguous,train
CYP2D6,fluoxetine,ambiguous,test
CYP2D6,fluphenazine,positive,train
CYP2D6,fluvastatin,ambiguous,train
CYP2D6,fluvoxamine,ambiguous,train
CYP2D6,galantamine,ambiguous,train
CYP2D6,granisetron,positive,test
CYP2D6,haloperidol,ambiguous,test
CYP2D6,hydrocodone,ambiguous,train
CYP2D6,hydromorphone,positive,train
CYP2D6,hydroxyurea,positive,train
CYP2D6,ibuprofen,ambiguous,train
CYP2D6,imipramine,ambiguous,train
CYP2D6,isoniazid,negative,train
CYP2D6,ketoprofen,positive,validation
CYP2D6,ketorolac,positive,train
CYP2D6,lamotrigine,ambiguous,train
CYP2D6,leuprolide,negative,train
CYP2D6,loratadine,positive,train
CYP2D6,lovastatin,positive,test
CYP2D6,maprotiline,ambiguous,test
CYP2D6,meclizine,positive,train
CYP2D6,methadone,ambiguous,train
CYP2D6,methamphetamine,positive,train
CYP2D6,methylphenidate,ambiguous,train
CYP2D6,metoclopramide,ambiguous,train
CYP2D6,metoprolol,ambiguous,train
CYP2D6,mexiletine,positive,train
CYP2D6,mirtazapine,ambiguous,train
CYP2D6,modafinil,ambiguous,train
CYP2D6,morphine,positive,train
CYP2D6,nefazodone,positive,test
CYP2D6,nevirapine,ambiguous,train
CYP2D6,nicotine,positive,train
CYP2D6,nortriptyline,ambiguous,train
CYP2D6,olanzapine,ambiguous,test
CYP2D6,ondansetron,ambiguous,train
CYP2D6,oxcarbazepine,ambiguous,test
CYP2D6,oxycodone,ambiguous,train
CYP2D6,oxymorphone,ambiguous,train
CYP2D6,paclitaxel,positive,validation
CYP2D6,paroxetine,ambiguous,train
CYP2D6,perphenazine,positive,train
CYP2D6,phenytoin,ambiguous,validation
CYP2D6,pimozide,positive,train
CYP2D6,pindolol,negative,train
CYP2D6,pioglitazone,negative,train
CYP2D6,primaquine,ambiguous,test
CYP2D6,primidone,positive,train
CYP2D6,prochlorperazine,positive,train
CYP2D6,promethazine,positive,train
CYP2D6,propafenone,ambiguous,train
CYP2D6,propranolol,ambiguous,validation
CYP2D6,protriptyline,positive,train
CYP2D6,pyrazinamide,negative,validation
CYP2D6,quetiapine,ambiguous,train
CYP2D6,quinidine,positive,validation
CYP2D6,quinine,positive,test
CYP2D6,raloxifene,negative,train
CYP2D6,rifampin,negative,train
CYP2D6,risperidone,ambiguous,test
CYP2D6,ritonavir,positive,train
CYP2D6,sertraline,ambiguous,validation
CYP2D6,simvastatin,ambiguous,train
CYP2D6,sotalol,ambiguous,train
CYP2D6,sufentanil,negative,validation
CYP2D6,sulfasalazine,positive,train
CYP2D6,tamoxifen,ambiguous,train
CYP2D6,tamsulosin,positive,train
CYP2D6,terbinafine,positive,train
CYP2D6,thioridazine,positive,train
CYP2D6,timolol,ambiguous,test
CYP2D6,topiramate,negative,test
CYP2D6,toremifene,positive,train
CYP2D6,tramadol,ambiguous,train
CYP2D6,trazodone,ambiguous,validation
CYP2D6,trimipramine,positive,train
CYP2D6,valproic acid,ambiguous,train
CYP2D6,venlafaxine,ambiguous,test
CYP2D6,ziprasidone,ambiguous,train
CYP2D6,antidepressants,ambiguous,train
CYP2D6,antipsychotics,ambiguous,train
CYP2D6,sparteine,positive,train
CYP2D6,debrisoquine,ambiguous,train
CYP2D6,opioids,ambiguous,train
CYP2D6,antineoplastic agents,ambiguous,validation
CYP2D6,zuclopenthixol,ambiguous,test
MIR335,cisplatin,positive,train
XRCC3,fluorouracil,positive,train
XRCC3,oxaliplatin,positive,train
XRCC3,platinum compounds,ambiguous,train
XRCC3,radiotherapy,negative,train
XRCC3,cisplatin,positive,train
XRCC3,docetaxel,positive,test
XRCC3,irinotecan,positive,train
XRCC3,leucovorin,positive,train
DBH,analgesics,positive,test
DBH,"antiinflammatory agents, non-steroids",positive,train
DBH,ergot alkaloids,positive,train
DBH,ethanol,negative,train
DBH,bupropion,positive,train
DBH,disulfiram,ambiguous,train
DBH,levodopa,positive,train
DBH,methadone,negative,train
DBH,methylphenidate,negative,train
DBH,naltrexone,positive,train
DBH,nicotine,positive,train
DBH,sumatriptan,positive,validation
DBH,opioids,positive,train
DBH,heroin,ambiguous,train
SSTR4,lutetium (177lu) dotatate,positive,train
FGFR3P1,brivanib,positive,train
CLMN,atorvastatin,positive,train
CLMN,pravastatin,positive,train
CLMN,simvastatin,positive,train
ECHS1,aspirin,positive,train
ECHS1,clopidogrel,positive,test
SLC22A6,adefovir dipivoxil,ambiguous,train
SLC22A6,tenofovir,ambiguous,test
SLC22A6,atazanavir,negative,train
SLC22A6,hmg-coa reductase inhibitors,positive,train
SLC22A6,aminohippurate,negative,train
SLC22A6,antineoplastic and immunomodulating agents,positive,train
SLC22A6,raltegravir,negative,train
SLC22A6,tenofovir disoproxil fumarate,negative,train
SLC22A6,cidofovir,positive,train
SLC22A6,lansoprazole,positive,test
SLC22A6,lopinavir,negative,train
SLC22A6,methotrexate,ambiguous,train
SLC22A6,omeprazole,positive,train
SLC22A6,pantoprazole,positive,train
SLC22A6,ritonavir,negative,test
SLC22A6,zidovudine,positive,train
OCRL,tenofovir,positive,train
MOCOS,allopurinol,positive,train
MOCOS,azathioprine,positive,train
MCPH1,cyclophosphamide,negative,train
MCPH1,epirubicin,negative,train
MCPH1,perphenazine,positive,train
HRH1,"antiinflammatory agents, non-steroids",negative,train
HRH1,desloratadine,ambiguous,train
HRH1,clozapine,ambiguous,train
HRH1,olanzapine,negative,train
HRH1,opioids,negative,train
ADGRG7,capecitabine,positive,validation
HTR3E,haloperidol,positive,train
HTR3E,opioids,negative,train
CLEC2D,tocilizumab,positive,test
CDKN1B,celecoxib,positive,validation
NBN,talazoparib,positive,test
SLC16A7,methotrexate,positive,train
RRAS2,tamoxifen,positive,test
IKBKE,gefitinib,ambiguous,validation
MLH1,platinum compounds,negative,train
MLH1,talazoparib,positive,train
C1QTNF6,tamoxifen,positive,test
MIR1206,asparaginase,negative,train
MIR1206,cyclophosphamide,negative,test
MIR1206,cytarabine,negative,test
MIR1206,daunorubicin,negative,train
MIR1206,mercaptopurine,negative,train
MIR1206,methotrexate,ambiguous,train
MIR1206,prednisone,negative,train
MIR1206,vincristine,negative,train
PKD2,allopurinol,positive,train
CRY1,lithium,positive,train
CRY1,methadone,positive,train
LRMDA,tamoxifen,positive,test
CD58,interferon beta-1a,positive,train
CD58,interferon beta-1b,positive,validation
ADORA2A-AS1,regadenoson,negative,train
ADORA2A-AS1,methotrexate,ambiguous,train
TBC1D32,bisphosphonates,positive,train
FIP1L1,imatinib,positive,train
FIP1L1,mepolizumab,positive,train
FIP1L1,meperidine,positive,train
LPIN1,rosiglitazone,ambiguous,validation
RFC1,methotrexate,negative,train
MIR4481,vincristine,positive,train
FSHR,thyrotropin alfa,positive,train
FSHR,menotropins,positive,validation
FSHR,follitropin beta,positive,train
FSHR,chorionic gonadotropin,positive,train
FSHR,urofollitropin,positive,train
PRKCA,bevacizumab,positive,validation
PRKCA,diuretics,positive,train
PRKCA,"ace inhibitors, plain",negative,train
PRKCA,angiotensin ii antagonists,negative,train
PRKCA,beta blocking agents,negative,train
PRKCA,"thiazides, plain",positive,train
PRKCA,hydrochlorothiazide,positive,validation
ACADVL,triheptanoin,positive,train
GABRB3,opioids,positive,train
NEU2,oseltamivir,negative,train
ERCC4,fluorouracil,negative,test
ERCC4,platinum compounds,ambiguous,validation
ERCC4,radiotherapy,negative,train
MIR1307,asparaginase,negative,train
MIR1307,cyclophosphamide,negative,train
MIR1307,cytarabine,negative,train
MIR1307,daunorubicin,negative,train
MIR1307,mercaptopurine,negative,validation
MIR1307,methotrexate,negative,train
MIR1307,prednisone,negative,validation
MIR1307,vincristine,negative,train
ARF1,gefitinib,positive,train
ARF1,erlotinib,positive,train
ARF1,afatinib,positive,train
ADRA2A,selective serotonin reuptake inhibitors,positive,test
ADRA2A,milnacipran,positive,train
ADRA2A,atenolol,positive,train
ADRA2A,brimonidine,positive,train
ADRA2A,buprenorphine,negative,train
ADRA2A,clonidine,ambiguous,train
ADRA2A,dexmedetomidine,ambiguous,train
ADRA2A,dopamine,positive,train
ADRA2A,doxazosin,positive,validation
ADRA2A,epinephrine,positive,train
ADRA2A,isoproterenol,positive,train
ADRA2A,methadone,negative,test
ADRA2A,methylphenidate,ambiguous,train
ADRA2A,norepinephrine,positive,train
ADRA2A,nortriptyline,positive,validation
ADRA2A,phenoxybenzamine,positive,train
ADRA2A,remifentanil,positive,train
ADRA2A,yohimbine,positive,test
ADRA2A,antipsychotics,positive,test
ADRA2A,opioids,negative,train
AGBL4,ustekinumab,positive,train
AGBL4,rifampin,positive,test
MT-RNR1,amikacin,ambiguous,train
MT-RNR1,netilmicin,positive,train
MT-RNR1,paromomycin,positive,train
MT-RNR1,plazomicin,positive,validation
MT-RNR1,isepamicin,positive,train
MT-RNR1,micronomicin,positive,train
MT-RNR1,hygromycin b,positive,train
MT-RNR1,dihydrostreptomycin,positive,train
MT-RNR1,dibekacin,positive,train
MT-RNR1,ribostamycin,positive,train
MT-RNR1,gentamicin,ambiguous,train
MT-RNR1,kanamycin,ambiguous,validation
MT-RNR1,neomycin,positive,train
MT-RNR1,streptomycin,ambiguous,train
MT-RNR1,tobramycin,ambiguous,train
MT-RNR1,aminoglycoside antibacterials,ambiguous,validation
EOMES,glatiramer acetate,positive,validation
BDKRB2,"ace inhibitors, plain",ambiguous,train
BDKRB2,atorvastatin,positive,validation
BDKRB2,enalapril,ambiguous,test
BDKRB2,glyburide,positive,train
BDKRB2,lisinopril,positive,train
BDKRB2,perindopril,negative,train
BDKRB2,imidapril,positive,train
CACNG3,antipsychotics,positive,validation
EDNRA,prednisone,positive,validation
NAT1,cotinine,positive,validation
NAT1,mesalazine,positive,train
NAT1,thioguanine,positive,train
ATP7A,platinum compounds,positive,train
ATP7A,docetaxel,positive,train
ATP7A,thalidomide,positive,train
BCAR1,celecoxib,positive,train
CPT1A,pegaspargase,positive,train
CPT1A,4-ene valproic acid,positive,train
CPT1A,cyclophosphamide,positive,train
CPT1A,cytarabine,positive,train
CPT1A,daunorubicin,positive,validation
CPT1A,doxorubicin,positive,test
CPT1A,mercaptopurine,positive,train
CPT1A,methotrexate,positive,train
CPT1A,thioguanine,positive,train
CPT1A,vincristine,positive,train
ANKRD55,pravastatin,negative,validation
ITPA,corticosteroids,positive,train
ITPA,peginterferon alfa-2a,ambiguous,train
ITPA,"interferon alfa-2b, recombinant",positive,validation
ITPA,peginterferon alfa-2b,ambiguous,train
ITPA,boceprevir,negative,train
ITPA,telaprevir,ambiguous,train
ITPA,simeprevir,ambiguous,train
ITPA,sofosbuvir,positive,validation
ITPA,thioguanosine monophosphate,negative,validation
ITPA,thioguanosine diphosphate,negative,train
ITPA,thioguanosine triphosphate,negative,train
ITPA,azathioprine,ambiguous,train
ITPA,folic acid,positive,test
ITPA,mercaptopurine,ambiguous,train
ITPA,methotrexate,ambiguous,train
ITPA,protease inhibitors,positive,train
ITPA,ribavirin,ambiguous,train
ITPA,antineoplastic agents,positive,train
ITPA,purine analogues,ambiguous,validation
HCP5,abacavir,negative,test
HCP5,carboplatin,positive,train
HCP5,gemcitabine,positive,test
HCP5,nevirapine,positive,train
TBL1XR1,allopurinol,positive,train
ERCC3,platinum compounds,positive,train
CHRNB2,varenicline,ambiguous,train
CHRNB2,bupropion,negative,train
CHRNB2,nicotine,ambiguous,train
TGFB1,adalimumab,negative,train
TGFB1,iodine (131i) compounds,positive,validation
TGFB1,radiotherapy,positive,validation
TGFB1,aspirin,positive,train
TGFB1,cyclosporine,negative,train
TGFB1,etanercept,ambiguous,train
TGFB1,fentanyl,negative,train
TGFB1,glatiramer acetate,positive,train
TGFB1,irinotecan,positive,train
TGFB1,mycophenolate mofetil,negative,train
TGFB1,rituximab,positive,train
TGFB1,tacrolimus,negative,test
TGFB1,infliximab,negative,train
CHRM2,fluticasone / salmeterol,positive,train
CHRM2,nicotine,ambiguous,test
PNOC,buprenorphine,ambiguous,train
PNOC,methadone,ambiguous,train
MTHFR,tenofovir,negative,train
MTHFR,"vitamin b-complex, plain",positive,train
MTHFR,pemetrexed,positive,train
MTHFR,fluorouracil,ambiguous,train
MTHFR,bevacizumab,ambiguous,train
MTHFR,oxaliplatin,ambiguous,validation
MTHFR,dactinomycin,positive,train
MTHFR,beta blocking agents,negative,test
MTHFR,platinum compounds,ambiguous,train
MTHFR,pyrimidine analogues,ambiguous,train
MTHFR,"thiazides, plain",negative,train
MTHFR,"vitamin b-complex, incl. combinations",positive,train
MTHFR,aprepitant,positive,test
MTHFR,hydroxychloroquine,negative,train
MTHFR,ethinyl estradiol / norelgestromin,positive,train
MTHFR,levomefolic acid,negative,test
MTHFR,folfox,positive,train
MTHFR,folfiri,positive,train
MTHFR,xelox,positive,test
MTHFR,l-methylfolate,positive,train
MTHFR,asparaginase,positive,validation
MTHFR,atorvastatin,positive,test
MTHFR,azathioprine,negative,train
MTHFR,benazepril,ambiguous,train
MTHFR,betaine,positive,test
MTHFR,busulfan,positive,test
MTHFR,capecitabine,ambiguous,validation
MTHFR,carboplatin,positive,validation
MTHFR,chlorpromazine,positive,train
MTHFR,cisplatin,ambiguous,train
MTHFR,clozapine,positive,train
MTHFR,vitamin b12 and folic acid,positive,train
MTHFR,cyclophosphamide,ambiguous,test
MTHFR,cyclosporine,positive,train
MTHFR,daunorubicin,positive,train
MTHFR,dexamethasone,negative,test
MTHFR,diltiazem,negative,train
MTHFR,disulfiram,positive,train
MTHFR,docetaxel,ambiguous,train
MTHFR,doxorubicin,ambiguous,train
MTHFR,epirubicin,ambiguous,test
MTHFR,folic acid,ambiguous,train
MTHFR,gemcitabine,positive,train
MTHFR,haloperidol,positive,train
MTHFR,leucovorin,ambiguous,train
MTHFR,mercaptopurine,ambiguous,train
MTHFR,methotrexate,ambiguous,test
MTHFR,nitrous oxide,positive,validation
MTHFR,olanzapine,positive,test
MTHFR,paclitaxel,ambiguous,test
MTHFR,phenobarbital,positive,train
MTHFR,phenytoin,positive,train
MTHFR,pravastatin,ambiguous,validation
MTHFR,prednisolone,positive,train
MTHFR,quetiapine,positive,train
MTHFR,risperidone,ambiguous,train
MTHFR,stavudine,negative,test
MTHFR,sulfasalazine,negative,train
MTHFR,trastuzumab,ambiguous,train
MTHFR,vincristine,positive,train
MTHFR,vinorelbine,positive,train
MTHFR,cyanocobalamin,positive,train
MTHFR,azacitidine,positive,train
MTHFR,antipsychotics,positive,train
MTHFR,antineoplastic agents,ambiguous,validation
MTHFR,hormonal contraceptives for systemic use,negative,train
NCR3,adalimumab,positive,train
NCR3,tumor necrosis factor alpha (tnf-alpha) inhibitors,positive,test
NCR3,certolizumab pegol,positive,validation
NCR3,etanercept,positive,test
NCR3,infliximab,positive,train
MAPK3,sorafenib,positive,train
GCK,metformin,positive,validation
GBP6,tumor necrosis factor alpha (tnf-alpha) inhibitors,positive,train
GBP6,etanercept,positive,train
ERCC6L2,diuretics,negative,train
ERCC6L2,"thiazides, plain",negative,train
ERCC6L2,hydrochlorothiazide,negative,train
IL7,bevacizumab,positive,train
IL7,pembrolizumab,positive,train
IL7,nivolumab,positive,train
IL7,atezolizumab,positive,train
IL7,ipilimumab,positive,train
IL7,pd-1/pdl-1 (programmed cell death protein 1/death ligand 1) inhibitors,ambiguous,train
SPATA9,methotrexate,ambiguous,train
SRPRB,acetaldehyde,negative,test
SRPRB,ethanol,positive,train
CST5,tumor necrosis factor alpha (tnf-alpha) inhibitors,positive,train
HUS1,mycophenolate mofetil,positive,train
MED4,mercaptopurine,positive,validation
OPRD1,antiepileptics,positive,train
OPRD1,"antiinflammatory agents, non-steroids",positive,train
OPRD1,nalmefene,negative,train
OPRD1,buprenorphine / naloxone,positive,train
OPRD1,norbuprenorphine,positive,train
OPRD1,acetaminophen,positive,train
OPRD1,ethanol,negative,validation
OPRD1,buprenorphine,ambiguous,train
OPRD1,cocaine,ambiguous,train
OPRD1,disulfiram,positive,train
OPRD1,fentanyl,positive,train
OPRD1,methadone,ambiguous,train
OPRD1,morphine,negative,train
OPRD1,naltrexone,ambiguous,train
OPRD1,oxycodone,ambiguous,validation
OPRD1,tramadol,positive,train
OPRD1,opioids,ambiguous,train
OPRD1,heroin,ambiguous,train
ZNF542P,simvastatin,positive,validation
PCYT1A,lamivudine,positive,train
GRIK4,selective serotonin reuptake inhibitors,positive,train
GRIK4,citalopram,positive,train
GRIK4,haloperidol,positive,train
GRIK4,venlafaxine,positive,train
GRIK4,antidepressants,positive,train
ZIC4,haloperidol,positive,train
ARG1,selective beta-2-adrenoreceptor agonists,positive,train
ARG1,sodium benzoate / sodium phenylacetate,positive,train
ARG1,glycerol phenylbutyrate,positive,train
ARG1,sildenafil,positive,train
EGLN3,bevacizumab,negative,train
EGLN3,anthracyclines and related substances,negative,validation
EGLN3,taxanes,negative,validation
EGLN3,cyclophosphamide,negative,test
EGLN3,docetaxel,negative,validation
EGLN3,epirubicin,negative,validation
LRP2,cisplatin,ambiguous,train
GAPVD1,interferon beta-1a,positive,train
GAPVD1,interferon beta-1b,positive,test
POGK,corticosteroids,positive,train
HPRT1,mycophenolic acid,positive,train
CAMK2G,bosutinib,positive,validation
C2,ranibizumab,negative,train
DRD1,drotrecogin alfa,positive,train
DRD1,ethanol,negative,train
DRD1,bupropion,positive,train
DRD1,clozapine,ambiguous,test
DRD1,dextroamphetamine,positive,train
DRD1,fentanyl,positive,train
DRD1,haloperidol,positive,test
DRD1,levodopa,negative,train
DRD1,lithium,ambiguous,train
DRD1,methadone,ambiguous,train
DRD1,methylphenidate,positive,train
DRD1,nicotine,positive,test
DRD1,risperidone,negative,train
DRD1,antipsychotics,negative,train
PPFIA1,pravastatin,negative,train
SORCS2,atazanavir,positive,train
NLGN1,fluorouracil,positive,train
ANO3,belimumab,negative,train
CDSN,carboplatin,positive,train
CDSN,gemcitabine,positive,validation
AMHR2,metformin,ambiguous,train
AQP9,platinum,negative,train
N6AMT1,clopidogrel,positive,train
CSMD1,oxaliplatin,positive,train
CSMD1,anastrozole,positive,train
CSMD1,hydrochlorothiazide,positive,test
CSMD1,metformin,positive,train
CSMD1,olanzapine,positive,train
PDYN,ethanol,negative,train
PDYN,methadone,negative,test
PDYN,opioids,ambiguous,validation
OR10AE3P,fluorouracil,positive,train
MICA,tumor necrosis factor alpha (tnf-alpha) inhibitors,positive,test
MICA,carbamazepine,positive,test
LILRB5,hmg-coa reductase inhibitors,positive,test
ITGA2,aspirin,ambiguous,train
ITGA2,clopidogrel,ambiguous,test
ACAD11,2-aminoheptanoate,positive,train
ACAD11,2-hydroxylaurate,positive,test
ACAD11,2-aminooctanoic acid,positive,train
CACNB2,celecoxib,positive,train
CACNB2,dexmedetomidine,positive,train
CACNB2,verapamil,ambiguous,test
CACNB2,antipsychotics,positive,train
C8ORF34,irinotecan,positive,train
TENT4A,gemcitabine,positive,train
CDX2,folfox,positive,train
CDX2,capecitabine,positive,train
CDX2,tegafur,positive,train
SOCS3,peginterferon alfa-2a,positive,train
SOCS3,peginterferon alfa-2b,positive,train
SOCS3,ribavirin,positive,train
RTKN2,haloperidol,positive,test
DMPK,hmg-coa reductase inhibitors,positive,validation
CYP2B7P1,nevirapine,negative,train
SCNN1A,amiloride,positive,validation
SCNN1A,triamterene,positive,train
NOS2,ibuprofen,positive,train
NOS2,isoniazid,ambiguous,test
NOS2,rifampin,positive,train
IGFBP7,bisphosphonates,positive,validation
TRIB2,allopurinol,positive,train
CYP24A1,deferasirox,positive,train
CYP24A1,telaprevir,positive,test
CYP24A1,daclatasvir,positive,train
CYP24A1,tenofovir disoproxil fumarate,positive,train
CYP24A1,aspirin,positive,train
CYP24A1,calcitriol,ambiguous,train
CYP24A1,cisplatin,ambiguous,validation
CYP24A1,docetaxel,ambiguous,train
HLA-DRB1,adalimumab,positive,train
HLA-DRB1,anakinra,positive,train
HLA-DRB1,fluorouracil,positive,validation
HLA-DRB1,bevacizumab,positive,train
HLA-DRB1,oxaliplatin,positive,train
HLA-DRB1,gefitinib,positive,train
HLA-DRB1,hmg-coa reductase inhibitors,positive,test
HLA-DRB1,rosuvastatin,positive,validation
HLA-DRB1,erlotinib,positive,train
HLA-DRB1,pitavastatin,positive,train
HLA-DRB1,lapatinib,ambiguous,validation
HLA-DRB1,"antiinflammatory agents, non-steroids",positive,train
HLA-DRB1,antithyroid preparations,positive,train
HLA-DRB1,hepatitis vaccines,positive,train
HLA-DRB1,influenza vaccines,positive,train
HLA-DRB1,measles vaccines,positive,train
HLA-DRB1,carbimazole,positive,validation
HLA-DRB1,clavulanate,positive,train
HLA-DRB1,bicalutamide,positive,validation
HLA-DRB1,everolimus,positive,train
HLA-DRB1,abatacept,positive,train
HLA-DRB1,sitagliptin,positive,train
HLA-DRB1,cefaclor,positive,train
HLA-DRB1,pegaspargase,positive,train
HLA-DRB1,lumiracoxib,positive,train
HLA-DRB1,hydroxychloroquine,positive,test
HLA-DRB1,flucloxacillin,positive,validation
HLA-DRB1,tocilizumab,positive,train
HLA-DRB1,canakinumab,positive,train
HLA-DRB1,dabrafenib,positive,train
HLA-DRB1,tegafur / gimeracil / oteracil,positive,validation
HLA-DRB1,radiotherapy,positive,train
HLA-DRB1,bucillamine,positive,train
HLA-DRB1,pembrolizumab,positive,train
HLA-DRB1,flupirtine,positive,test
HLA-DRB1,rilonacept,positive,train
HLA-DRB1,abacavir,positive,train
HLA-DRB1,acetaminophen,ambiguous,train
HLA-DRB1,allopurinol,ambiguous,validation
HLA-DRB1,amiodarone,positive,train
HLA-DRB1,amoxicillin,positive,train
HLA-DRB1,asparaginase,positive,train
HLA-DRB1,aspirin,positive,test
HLA-DRB1,atorvastatin,positive,test
HLA-DRB1,azathioprine,positive,test
HLA-DRB1,carbamazepine,positive,validation
HLA-DRB1,carboplatin,positive,train
HLA-DRB1,clozapine,ambiguous,train
HLA-DRB1,cyclophosphamide,positive,train
HLA-DRB1,dapsone,positive,test
HLA-DRB1,docetaxel,positive,train
HLA-DRB1,efavirenz,positive,test
HLA-DRB1,epirubicin,positive,train
HLA-DRB1,etanercept,positive,validation
HLA-DRB1,fluvastatin,positive,train
HLA-DRB1,gemcitabine,positive,train
HLA-DRB1,glatiramer acetate,positive,validation
HLA-DRB1,hydralazine,positive,train
HLA-DRB1,interferon beta-1a,positive,validation
HLA-DRB1,irinotecan,positive,validation
HLA-DRB1,lamotrigine,positive,train
HLA-DRB1,leucovorin,positive,train
HLA-DRB1,levetiracetam,negative,train
HLA-DRB1,mercaptopurine,positive,train
HLA-DRB1,methimazole,positive,train
HLA-DRB1,methotrexate,positive,train
HLA-DRB1,nevirapine,ambiguous,train
HLA-DRB1,oxcarbazepine,positive,train
HLA-DRB1,paclitaxel,positive,validation
HLA-DRB1,phenobarbital,negative,train
HLA-DRB1,phenytoin,ambiguous,train
HLA-DRB1,pravastatin,positive,train
HLA-DRB1,propylthiouracil,positive,train
HLA-DRB1,simvastatin,positive,train
HLA-DRB1,sulfasalazine,positive,test
HLA-DRB1,tamoxifen,positive,test
HLA-DRB1,ticlopidine,positive,validation
HLA-DRB1,trastuzumab,ambiguous,train
HLA-DRB1,zonisamide,negative,validation
HLA-DRB1,"beta-lactam antibacterials, penicillins",positive,train
HLA-DRB1,other beta-lactam antibacterials,positive,validation
HLA-DRB1,infliximab,positive,validation
FLT4,imatinib,negative,train
FLT4,fluorouracil,negative,train
FLT4,oxaliplatin,negative,train
FLT4,sunitinib,positive,train
FLT4,pazopanib,positive,train
FLT4,cisplatin,negative,test
FLT4,sorafenib,positive,validation
NLRP1,glucocorticoids,positive,validation
CSPG4,fluorouracil,positive,train
CSPG4,bevacizumab,positive,train
CSPG4,irinotecan,positive,train
CSPG4,leucovorin,positive,test
IL11,escitalopram,positive,train
IL11,citalopram,positive,train
FCAR,pravastatin,ambiguous,train
PLCG1,pyrazolones,positive,train
PLCG1,acetaminophen,positive,train
PLCG1,aspirin,positive,test
PLCG1,diclofenac,positive,train
PLCG1,propionic acid derivatives,positive,train
FMO2,anthracyclines and related substances,positive,train
FMO2,glyburide,positive,validation
NPC1,arimoclomol,positive,train
NPC1,levacetylleucine,positive,test
WNT5B,fluorouracil,positive,train
WNT5B,platinum compounds,positive,test
CYP1A1,imatinib,negative,test
CYP1A1,antiepileptics,positive,validation
CYP1A1,sunitinib,ambiguous,test
CYP1A1,platinum compounds,positive,train
CYP1A1,deferasirox,ambiguous,test
CYP1A1,ethambutol,negative,train
CYP1A1,"1,7-dimethylxanthine",positive,test
CYP1A1,nilotinib,positive,test
CYP1A1,n-desmethylclozapine,positive,test
CYP1A1,amodiaquine,positive,train
CYP1A1,asparaginase,negative,train
CYP1A1,caffeine,ambiguous,train
CYP1A1,capecitabine,positive,validation
CYP1A1,carbamazepine,positive,validation
CYP1A1,clopidogrel,negative,train
CYP1A1,clozapine,positive,train
CYP1A1,cyclophosphamide,negative,train
CYP1A1,cytarabine,negative,train
CYP1A1,dacarbazine,positive,test
CYP1A1,docetaxel,positive,train
CYP1A1,doxorubicin,negative,train
CYP1A1,exemestane,negative,train
CYP1A1,granisetron,positive,validation
CYP1A1,isoniazid,negative,train
CYP1A1,mercaptopurine,negative,test
CYP1A1,olanzapine,positive,train
CYP1A1,paclitaxel,positive,validation
CYP1A1,phenobarbital,positive,validation
CYP1A1,phenytoin,positive,train
CYP1A1,prednisone,negative,train
CYP1A1,pyrazinamide,negative,test
CYP1A1,rifampin,negative,train
CYP1A1,streptomycin,negative,train
CYP1A1,valproic acid,positive,validation
CYP1A1,vincristine,negative,train
CYP1A1,warfarin,ambiguous,train
ICA1,o-desmethyltramadol,positive,train
ICA1,tramadol,positive,train
TUBB1,cabazitaxel,positive,train
TUBB1,anastrozole,positive,train
TUBB1,exemestane,positive,validation
TUBB1,vincristine,negative,train
F2,direct thrombin inhibitors,positive,validation
F2,ethinyl estradiol / norelgestromin,positive,train
F2,avatrombopag,positive,train
F2,lusutrombopag,positive,train
F2,direct factor xa inhibitors,positive,train
F2,tamoxifen,positive,train
F2,warfarin,ambiguous,train
F2,antithrombotic agents,positive,test
F2,hormonal contraceptives for systemic use,ambiguous,validation
SLC12A3,"thiazides, plain",positive,train
SLC12A3,bumetanide,positive,train
SLC12A3,furosemide,positive,validation
SLC12A3,torasemide,positive,validation
NF1,selumetinib,positive,train
FOXC1,oxaliplatin,negative,train
DAPK1,gemcitabine,ambiguous,train
DAPK1,paclitaxel,negative,train
GRK5,escitalopram,positive,train
GRK5,nebivolol,positive,train
GRK5,antihypertensives,positive,train
GRK5,beta blocking agents,ambiguous,train
GRK5,labetalol,positive,validation
GRK5,acebutolol,positive,test
GRK5,atenolol,ambiguous,train
GRK5,betaxolol,positive,train
GRK5,bisoprolol,positive,train
GRK5,carvedilol,positive,train
GRK5,citalopram,positive,train
GRK5,esmolol,positive,train
GRK5,hydrochlorothiazide,positive,train
GRK5,metoprolol,positive,train
GRK5,nadolol,positive,train
GRK5,pindolol,positive,train
GRK5,propranolol,positive,test
GRK5,sotalol,positive,test
GRK5,trandolapril,positive,train
GRK5,verapamil,positive,train
SLC39A14,nortriptyline,positive,train
CDC5L,gemcitabine,positive,validation
KCNIP1,verapamil,positive,train
CHURC1,methylphenidate,positive,train
KCNIP4,"ace inhibitors, plain",ambiguous,train
SERINC5,meperidine,positive,test
UNC13D,emapalumab,positive,validation
PDCD1LG2,pravastatin,negative,train
DEAF1,selective serotonin reuptake inhibitors,negative,train
ACBD4,beta blocking agents,negative,validation
ACBD4,"thiazides, plain",negative,test
MDM2,platinum compounds,ambiguous,test
MDM2,nutlin-3,positive,test
ADCY1,lithium,positive,test
BLVRB,methylene blue,positive,test
SCNN1B,insulins and analogues,positive,train
SCNN1B,insulin recombinant,positive,test
SCNN1B,aldosterone,positive,train
SCNN1B,farglitazar,positive,test
SCNN1B,amiloride,positive,train
SCNN1B,glyburide,positive,train
SCNN1B,triamterene,positive,train
CMKLR2,pravastatin,negative,train
TRDN,corticosteroids,positive,train
HINT1,sofosbuvir,ambiguous,train
HINT1,daclatasvir,ambiguous,train
HINT1,nicotine,ambiguous,train
HINT1,opioids,negative,validation
ERAP2,clavulanate,positive,validation
ERAP2,secukinumab,positive,train
ERAP2,amoxicillin,positive,train
SLC39A8,ethanol,positive,test
MACO1,adalimumab,negative,test
MACO1,etanercept,negative,validation
MACO1,infliximab,negative,train
SUMO4,gefitinib,negative,train
SUMO4,tacrolimus,positive,train
CTNNA3,antidepressants,positive,train
NCMAP,rivaroxaban,positive,train
GRIK1-AS2,naltrexone,negative,validation
GRIK1-AS2,topiramate,negative,train
ESYT2,methylphenidate,positive,train
BRCA1,olaparib,positive,train
BRCA1,niraparib,positive,validation
BRCA1,rucaparib,positive,train
BRCA1,talazoparib,positive,train
BRCA1,sacituzumab govitecan,positive,train
SCN4A,flecainide,ambiguous,train
SCN4A,mexiletine,ambiguous,train
SCN4A,propafenone,negative,train
MAPK12,sorafenib,positive,train
PYROXD2,methylphenidate,positive,train
PON1,fluorouracil,ambiguous,train
PON1,oxaliplatin,ambiguous,train
PON1,tumor necrosis factor alpha (tnf-alpha) inhibitors,positive,train
PON1,aspirin,ambiguous,train
PON1,atorvastatin,ambiguous,train
PON1,clopidogrel,ambiguous,test
PON1,epirubicin,ambiguous,validation
PON1,leflunomide,positive,test
PON1,nicotine,negative,train
PON1,simvastatin,positive,train
IGF2R,salbutamol,positive,test
MIR1912,clozapine,positive,train
MIR1912,olanzapine,positive,train
MIR1912,quetiapine,positive,train
MIR1912,risperidone,positive,test
NR1H2,gefitinib,ambiguous,train
EIF2AK4,haloperidol,positive,train
EIF2AK4,olanzapine,positive,train
EIF2AK4,quetiapine,positive,train
EIF2AK4,risperidone,positive,train
EIF2AK4,ziprasidone,positive,train
MTCL1,selective serotonin reuptake inhibitors,negative,train
CYB5R4,rasburicase,positive,train
CYB5R4,isosorbide dinitrate,positive,test
CYB5R4,isosorbide mononitrate,positive,train
CYB5R4,metoclopramide,positive,validation
CYB5R4,primaquine,positive,train
ADAMTS1,hmg-coa reductase inhibitors,positive,validation
ADAMTS1,pravastatin,positive,train
ALPL,adalimumab,positive,train
ALPL,tumor necrosis factor alpha (tnf-alpha) inhibitors,positive,train
ALPL,certolizumab pegol,positive,validation
ALPL,etanercept,positive,train
ALPL,infliximab,positive,train
PAPLN,citalopram,positive,train
CPOX,givosiran,positive,train
RARG,anthracyclines and related substances,positive,train
RARG,daunorubicin,ambiguous,train
RARG,doxorubicin,ambiguous,train
RARG,epirubicin,negative,train
RARG,paclitaxel,negative,validation
RARG,trastuzumab,negative,validation
FYN,lithium,negative,validation
FGG,direct thrombin inhibitors,positive,train
FGG,direct factor xa inhibitors,positive,train
FGG,abciximab,positive,validation
FGG,eptifibatide,positive,validation
FGG,tirofiban,positive,train
FGG,hormonal contraceptives for systemic use,positive,train
SERPING1,bevacizumab,negative,train
PRKAB1,metformin,positive,train
F5,"ace inhibitors, plain",ambiguous,validation
F5,angiotensin ii antagonists,ambiguous,train
F5,drospirenone / ethinyl estradiol,positive,train
F5,ethinyl estradiol / norelgestromin,positive,train
F5,rivaroxaban,positive,train
F5,eltrombopag,positive,train
F5,osimertinib,positive,test
F5,avatrombopag,positive,train
F5,lusutrombopag,positive,test
F5,relugolix / estradiol / norethindrone acetate,positive,train
F5,asparaginase,positive,train
F5,tamoxifen,positive,train
F5,warfarin,ambiguous,train
F5,antithrombotic agents,positive,test
F5,hormonal contraceptives for systemic use,ambiguous,train
RALBP1,fluorouracil,positive,train
RALBP1,bevacizumab,positive,train
RALBP1,carbamazepine,positive,validation
RALBP1,irinotecan,positive,train
RALBP1,leucovorin,positive,test
RALBP1,vincristine,positive,train
PSMA4,cotinine,positive,train
NFATC2,adalimumab,positive,train
NFATC2,pegaspargase,negative,train
NFATC2,l-asparagine,positive,train
NFATC2,asparaginase,positive,train
NFATC2,cyclosporine,positive,train
NFATC2,etanercept,positive,train
NFATC2,methotrexate,positive,train
NFATC2,infliximab,positive,train
SACM1L,bupropion,positive,train
MYOCD,methadone,positive,train
SLC26A9,ivacaftor,positive,train
SLC26A9,olanzapine,positive,train
ADAMTS18,sorafenib,positive,train
CTNNA2,tumor necrosis factor alpha (tnf-alpha) inhibitors,positive,validation
ITGA2B,abciximab,positive,train
ITGA2B,clopidogrel,negative,train
ITGA2B,eptifibatide,positive,test
ITGA2B,tirofiban,positive,train
NOC3L,clopidogrel,positive,train
GSTT1,imatinib,positive,train
GSTT1,corticosteroids,negative,test
GSTT1,fluorouracil,negative,validation
GSTT1,bevacizumab,negative,train
GSTT1,oxaliplatin,negative,validation
GSTT1,"antivirals for treatment of hiv infections, combinations",negative,test
GSTT1,drugs for treatment of tuberculosis,ambiguous,test
GSTT1,immunosuppressants,positive,train
GSTT1,platinum compounds,negative,test
GSTT1,ethambutol,ambiguous,train
GSTT1,radiotherapy,negative,train
GSTT1,azathioprine,negative,train
GSTT1,bleomycin,negative,validation
GSTT1,capecitabine,negative,test
GSTT1,carboplatin,negative,train
GSTT1,cisplatin,ambiguous,train
GSTT1,clozapine,positive,train
GSTT1,cyclophosphamide,positive,test
GSTT1,cytarabine,negative,validation
GSTT1,dacarbazine,negative,train
GSTT1,daunorubicin,negative,train
GSTT1,dexamethasone,negative,train
GSTT1,diphenhydramine,negative,validation
GSTT1,docetaxel,negative,train
GSTT1,doxorubicin,ambiguous,train
GSTT1,epirubicin,negative,train
GSTT1,isoniazid,ambiguous,test
GSTT1,methotrexate,positive,train
GSTT1,nevirapine,negative,test
GSTT1,paclitaxel,negative,train
GSTT1,pyrazinamide,ambiguous,train
GSTT1,ranitidine,negative,validation
GSTT1,rifampin,ambiguous,validation
GSTT1,streptomycin,ambiguous,train
GSTT1,thalidomide,positive,train
GSTT1,trastuzumab,negative,test
GSTT1,valproic acid,negative,train
GSTT1,vinblastine,negative,train
GSTT1,aminoglycoside antibacterials,negative,train
GSTT1,antineoplastic agents,negative,train
MTHFD1,pemetrexed,positive,train
MTHFD1,fluorouracil,negative,train
MTHFD1,capecitabine,negative,validation
MTHFD1,cisplatin,positive,test
MTHFD1,doxorubicin,positive,train
MTHFD1,folic acid,positive,train
MTHFD1,methotrexate,ambiguous,train
BEST3,hydrochlorothiazide,positive,train
METTL3,drugs for treatment of tuberculosis,positive,train
METTL3,lomustine,positive,train
METTL3,carboplatin,positive,test
METTL3,cyclophosphamide,positive,train
METTL3,etoposide,positive,train
METTL3,methotrexate,positive,test
METTL3,vincristine,positive,train
AK2,adefovir dipivoxil,positive,validation
AK2,tenofovir,positive,train
SLC6A2,"3,4-methylenedioxymethamphetamine",ambiguous,test
SLC6A2,atomoxetine,positive,train
SLC6A2,selective serotonin reuptake inhibitors,negative,train
SLC6A2,apixaban,positive,train
SLC6A2,mirabegron,positive,train
SLC6A2,clomipramine,negative,train
SLC6A2,desipramine,positive,test
SLC6A2,methylphenidate,ambiguous,train
SLC6A2,venlafaxine,positive,train
SLC6A2,antidepressants,negative,validation
C10ORF67,mitoxantrone,positive,validation
CBL,azacitidine,positive,validation
UNC13A,creatine,negative,train
UNC13A,valproic acid,negative,train
SLC25A14,antipsychotics,negative,train
ETFDH,methylphenidate,positive,train
CCL21,adalimumab,negative,test
CCL21,tumor necrosis factor alpha (tnf-alpha) inhibitors,negative,test
CCL21,etanercept,negative,train
CCL21,infliximab,negative,test
ASNS,l-asparagine,positive,train
ASNS,asparaginase,positive,train
ASNS,prednisone,positive,train
ASNS,vincristine,positive,validation
TNF,adalimumab,ambiguous,train
TNF,tenofovir,negative,train
TNF,almotriptan,negative,train
TNF,fluorouracil,ambiguous,validation
TNF,eletriptan,negative,train
TNF,iodine (131i) compounds,positive,validation
TNF,tumor necrosis factor alpha (tnf-alpha) inhibitors,ambiguous,train
TNF,frovatriptan,negative,train
TNF,ethambutol,positive,train
TNF,certolizumab pegol,positive,test
TNF,radiotherapy,positive,train
TNF,golimumab,positive,train
TNF,abacavir,negative,validation
TNF,aspirin,positive,train
TNF,atorvastatin,positive,test
TNF,carbamazepine,positive,test
TNF,carboplatin,positive,validation
TNF,cisplatin,positive,train
TNF,clozapine,negative,train
TNF,cyclosporine,positive,validation
TNF,diclofenac,positive,train
TNF,docetaxel,positive,train
TNF,etanercept,ambiguous,test
TNF,fentanyl,negative,train
TNF,gemcitabine,positive,train
TNF,ibuprofen,positive,train
TNF,indomethacin,positive,train
TNF,irinotecan,negative,train
TNF,isoniazid,ambiguous,train
TNF,ketorolac,positive,validation
TNF,lansoprazole,negative,train
TNF,leucovorin,negative,train
TNF,mycophenolate mofetil,positive,train
TNF,naproxen,positive,train
TNF,omeprazole,negative,validation
TNF,pyrazinamide,positive,train
TNF,rabeprazole,negative,train
TNF,rifampin,positive,train
TNF,rituximab,negative,train
TNF,rizatriptan,negative,train
TNF,sirolimus,negative,train
TNF,stavudine,positive,train
TNF,sufentanil,negative,train
TNF,sumatriptan,negative,train
TNF,zolmitriptan,negative,train
TNF,glucocorticoids,positive,train
TNF,opioids,positive,test
TNF,infliximab,ambiguous,test
TNF,sorafenib,positive,train
PDE4C,pravastatin,negative,validation
WIF1,platinum compounds,positive,train
SLC7A5,pregabalin,ambiguous,test
SLC7A5,gabapentin,positive,train
SLC7A5,melphalan,positive,train
MAP3K1,gefitinib,positive,validation
MAP3K1,erlotinib,positive,test
MAP3K1,tumor necrosis factor alpha (tnf-alpha) inhibitors,positive,test
MAP3K1,carboplatin,positive,test
MAP3K1,cisplatin,positive,train
MAP3K1,docetaxel,positive,train
MAP3K1,etanercept,positive,train
MAP3K1,paclitaxel,positive,train
MDM4,docetaxel,positive,test
MDM4,epirubicin,positive,test
PCSK1,setmelanotide,positive,train
RYR2,hmg-coa reductase inhibitors,negative,train
RYR2,rosuvastatin,negative,test
RYR2,pitavastatin,negative,train
RYR2,atorvastatin,ambiguous,validation
RYR2,cerivastatin,positive,test
RYR2,fluvastatin,negative,validation
RYR2,pravastatin,negative,train
RYR2,simvastatin,ambiguous,train
TMEM196,aspirin,positive,test
PPP1R18,carboplatin,positive,train
PPP1R18,gemcitabine,positive,train
SPP1,zoledronate,positive,train
SPP1,pamidronate,positive,train
MAPK14,bevacizumab,negative,validation
MAPK14,ranibizumab,negative,train
MAPK14,sorafenib,positive,test
VENTXP7,fluorouracil,positive,train
VENTXP7,capecitabine,positive,train
PDE3A,hydrochlorothiazide,positive,validation
PDE3A,opioids,positive,test
GRIK2,citalopram,positive,train
POMC,alpha-msh,positive,train
POMC,setmelanotide,positive,train
POMC,ethanol,negative,test
TAPBP,aspirin,positive,train
MIR3117,asparaginase,positive,test
MIR3117,cyclophosphamide,positive,test
MIR3117,cytarabine,positive,validation
MIR3117,daunorubicin,positive,train
MIR3117,hydrocortisone,positive,validation
MIR3117,methotrexate,positive,train
MIR3117,prednisone,positive,validation
MIR3117,vincristine,positive,train
CD274,pemetrexed,positive,validation
CD274,pembrolizumab,positive,test
CD274,nivolumab,positive,train
CD274,atezolizumab,positive,validation
CD274,avelumab,positive,test
CD274,durvalumab,positive,train
CD274,ipilimumab,positive,train
CD274,cemiplimab-rwlc,positive,train
CD274,nivolumab / relatlimab,positive,train
CD274,tremelimumab,positive,train
CD274,tislelizumab,positive,train
CD274,cosibelimab,positive,train
CD274,retifanlimab,positive,train
CD274,penpulimab,positive,validation
CD274,carboplatin,positive,train
CD274,cisplatin,positive,train
STMN2,selective serotonin reuptake inhibitors,negative,test
ATP8B1,maralixibat,positive,train
ATP8B1,odevixibat,positive,validation
APEX1,fluorouracil,positive,validation
APEX1,platinum compounds,negative,train
APEX1,radiotherapy,positive,test
APEX1,cisplatin,positive,train
MC1R,desipramine,positive,test
MC1R,isoflurane,positive,train
MC1R,opioids,negative,train
RAMP1,erenumab,positive,train
MIR5189,methotrexate,negative,validation
MAOB,serotonin,positive,test
MAOB,5-hydroxyindole-3-acetic acid,positive,train
MAOB,levodopa,negative,train
MAOB,nicotine,negative,test
TGFBR3,antidepressants,positive,train
SCNN1G,amiloride,positive,validation
SCNN1G,bumetanide,positive,train
SCNN1G,furosemide,positive,train
SCNN1G,hydrochlorothiazide,positive,train
SCNN1G,torasemide,positive,validation
SCNN1G,triamterene,positive,train
EPHA6,cyclophosphamide,positive,train
EPHA6,epirubicin,positive,test
EPHA6,paclitaxel,positive,train
SPIDR,cyclophosphamide,positive,train
SPIDR,epirubicin,positive,train
SPIDR,paclitaxel,positive,train
SZRD1,daunorubicin,positive,train
PIK3R1,egfr inhibitors,positive,train
PIK3R1,everolimus,positive,train
PIK3R1,leniolisib,positive,train
REEP5,citalopram,positive,train
REEP5,fluoxetine,positive,train
REEP5,paroxetine,positive,train
REEP5,sertraline,positive,train
ADM,paroxetine,positive,train
HLA-DPB1,pembrolizumab,positive,train
HLA-DPB1,amoxicillin,positive,train
HLA-DPB1,aspirin,positive,train
HLA-DPB1,clozapine,positive,validation
HLA-DPB1,isoniazid,positive,test
HLA-DPB1,penicillin g,positive,train
HLA-DPB1,rifampin,positive,train
HLA-DPB1,infliximab,positive,train
CD14,tumor necrosis factor alpha (tnf-alpha) inhibitors,positive,validation
CD14,fluticasone propionate,positive,train
ADAM33,corticosteroids,positive,train
ADAM33,selective beta-2-adrenoreceptor agonists,positive,train
ADAM33,ustekinumab,positive,validation
HLA-DRB3,clozapine,positive,train
HLA-DRB3,heparin,positive,train
ELP5,methylphenidate,positive,train
P2RY1,aspirin,ambiguous,test
P2RY1,clopidogrel,negative,train
CACNA1E,celecoxib,positive,validation
CACNA1E,fentanyl,ambiguous,test
CACNA1E,antipsychotics,positive,train
GABRG1,flunitrazepam,positive,test
SCN8A,lithium,negative,train
TGFBR2,irinotecan,positive,train
KCNH2,escitalopram,positive,test
KCNH2,calcium channel blockers,positive,train
KCNH2,nitrendipine,positive,train
KCNH2,celiprolol,positive,test
KCNH2,amiodarone,positive,test
KCNH2,atenolol,positive,test
KCNH2,bisoprolol,positive,test
KCNH2,candesartan,negative,validation
KCNH2,cisapride,ambiguous,train
KCNH2,clarithromycin,positive,train
KCNH2,disopyramide,positive,train
KCNH2,dofetilide,positive,train
KCNH2,doxazosin,positive,validation
KCNH2,hydroxyzine,positive,train
KCNH2,irbesartan,negative,train
KCNH2,quinidine,positive,train
KCNH2,"antiarrhythmics, class i and iii",negative,train
KCNH2,imidapril,negative,train
OAS1,peginterferon alfa-2a,positive,validation
OAS1,peginterferon alfa-2b,positive,test
OAS1,ribavirin,positive,train
BCHE,memantine,positive,train
BCHE,sn-38,positive,train
BCHE,oxymetazoline and tetracaine,positive,validation
BCHE,chloroprocaine,positive,validation
BCHE,cocaine,ambiguous,train
BCHE,donepezil,ambiguous,train
BCHE,irinotecan,positive,train
BCHE,mivacurium,positive,validation
BCHE,rivastigmine,ambiguous,train
BCHE,succinylcholine,positive,train
LRP1B,risperidone,positive,train
CES2,mycophenolic acid,positive,test
CES2,sn-38,positive,train
CES2,capecitabine,ambiguous,validation
CES2,irinotecan,positive,validation
CES2,mycophenolate mofetil,positive,train
DNAAF9,peginterferon alfa-2a,positive,train
DNAAF9,peginterferon alfa-2b,positive,train
DNAAF9,ribavirin,positive,test
SLC13A3,daunorubicin,positive,train
SLC13A3,doxorubicin,positive,test
ACP5,dexamethasone,negative,train
ATP10A,duloxetine,positive,test
ATP10A,clopidogrel,positive,train
TMX2,ethanol,positive,train
CFHR4,phenytoin,positive,test
NCOA1,tamoxifen,positive,train
MC4R,aripiprazole,positive,train
MC4R,amisulpride,positive,train
MC4R,paliperidone,positive,train
MC4R,clozapine,positive,train
MC4R,haloperidol,positive,train
MC4R,olanzapine,positive,validation
MC4R,quetiapine,positive,validation
MC4R,risperidone,ambiguous,train
MC4R,ziprasidone,positive,train
MC4R,antipsychotics,positive,validation
BARD1,carboplatin,ambiguous,test
BARD1,docetaxel,ambiguous,test
BARD1,trastuzumab,ambiguous,train
TNRC6A,ethanol,positive,train
TNRC6A,asparaginase,negative,validation
TNRC6A,cyclophosphamide,negative,train
TNRC6A,cytarabine,negative,test
TNRC6A,daunorubicin,negative,train
TNRC6A,mercaptopurine,negative,train
TNRC6A,methotrexate,negative,train
TNRC6A,prednisone,negative,validation
TNRC6A,vincristine,negative,train
CACNA1D,amlodipine,positive,validation
CACNA1D,celecoxib,positive,train
CACNA1D,valproic acid,positive,train
MIR4268,asparaginase,positive,train
MIR4268,cyclophosphamide,positive,train
MIR4268,cytarabine,positive,train
MIR4268,daunorubicin,positive,train
MIR4268,hydrocortisone,positive,test
MIR4268,methotrexate,positive,train
MIR4268,prednisone,positive,train
MIR4268,vincristine,positive,test
ATIC,tenofovir,negative,train
ATIC,imatinib,positive,train
ATIC,pemetrexed,positive,test
ATIC,hydroxychloroquine,negative,train
ATIC,cyclosporine,positive,test
ATIC,folic acid,ambiguous,train
ATIC,methotrexate,ambiguous,train
ATIC,sulfasalazine,negative,train
HDAC9,valproic acid,positive,train
FMO5,metformin,positive,validation
KCNH7,adalimumab,negative,train
KCNH7,ustekinumab,negative,train
KCNH7,etanercept,negative,train
IL6ST,purine analogues,positive,train
SLC37A1,anastrozole,negative,train
SLC37A1,exemestane,negative,train
ALDH1A2,bisphosphonates,positive,validation
ALDH1A2,atenolol,positive,train
ALDH1A2,hydrochlorothiazide,positive,test
XPNPEP2,"ace inhibitors, plain",positive,test
CDKN1A,celecoxib,positive,validation
HRH2,"antiinflammatory agents, non-steroids",negative,train
OPRM1,benzodiazepine derivatives,ambiguous,train
OPRM1,"3,4-methylenedioxymethamphetamine",positive,train
OPRM1,cannabinoids,positive,train
OPRM1,antiepileptics,positive,test
OPRM1,analgesics,positive,test
OPRM1,"antiinflammatory agents, non-steroids",positive,train
OPRM1,drugs used in nicotine dependence,positive,train
OPRM1,ergot alkaloids,positive,test
OPRM1,opioid anesthetics,positive,test
OPRM1,other general anesthetics,positive,train
OPRM1,sympathomimetics,ambiguous,train
OPRM1,butorphanol,negative,test
OPRM1,cotinine,ambiguous,train
OPRM1,volatile anesthetics,positive,test
OPRM1,nalmefene,negative,train
OPRM1,dihydrocodeine,negative,train
OPRM1,highly active antiretroviral therapy (haart),positive,train
OPRM1,tapentadol,negative,train
OPRM1,buprenorphine / naloxone,positive,train
OPRM1,acetaminophen / tramadol,positive,validation
OPRM1,tianeptine,positive,train
OPRM1,piritramide,negative,train
OPRM1,tilidine,negative,test
OPRM1,levomethadone,positive,train
OPRM1,acetaminophen,positive,test
OPRM1,ethanol,ambiguous,train
OPRM1,alfentanil,ambiguous,train
OPRM1,amphetamine,positive,train
OPRM1,buprenorphine,ambiguous,train
OPRM1,carboplatin,ambiguous,validation
OPRM1,cocaine,ambiguous,validation
OPRM1,codeine,ambiguous,test
OPRM1,docetaxel,ambiguous,train
OPRM1,fentanyl,ambiguous,train
OPRM1,hydrocodone,positive,validation
OPRM1,hydromorphone,ambiguous,train
OPRM1,ketamine,negative,train
OPRM1,methadone,ambiguous,test
OPRM1,methamphetamine,ambiguous,train
OPRM1,modafinil,negative,train
OPRM1,morphine,ambiguous,train
OPRM1,naloxone,positive,train
OPRM1,naltrexone,ambiguous,train
OPRM1,nicotine,ambiguous,train
OPRM1,nortriptyline,negative,train
OPRM1,oxycodone,ambiguous,test
OPRM1,paclitaxel,ambiguous,validation
OPRM1,prochlorperazine,negative,train
OPRM1,remifentanil,positive,train
OPRM1,sufentanil,ambiguous,train
OPRM1,sumatriptan,positive,validation
OPRM1,topiramate,negative,test
OPRM1,tramadol,ambiguous,validation
OPRM1,venlafaxine,negative,train
OPRM1,antidepressants,ambiguous,test
OPRM1,antipsychotics,ambiguous,validation
OPRM1,opioids,ambiguous,train
OPRM1,heroin,ambiguous,validation
OPRM1,morphine-6-glucuronide,negative,validation
PDIA2,methylphenidate,positive,train
NANOGP6,antiepileptics,negative,train
TAGAP,adalimumab,negative,train
TAGAP,gefitinib,negative,test
TAGAP,tumor necrosis factor alpha (tnf-alpha) inhibitors,negative,train
TAGAP,etanercept,negative,train
TAGAP,infliximab,negative,validation
CACNB3,celecoxib,positive,test
CSNK1E,methamphetamine,negative,validation
CSNK1E,heroin,positive,test
ALDH1A1,fluorouracil,positive,train
ALDH1A1,fec100,positive,validation
ALDH1A1,carboplatin,positive,train
ALDH1A1,cyclophosphamide,ambiguous,test
ALDH1A1,doxorubicin,ambiguous,train
ALDH1A1,ifosfamide,positive,train
ALDH1A1,thiotepa,positive,test
UGT2B15,sipoglitazar,positive,train
UGT2B15,tamoxifen-n-glucuronide,negative,validation
UGT2B15,dabigatran glucuronide,positive,test
UGT2B15,acetaminophen,positive,train
UGT2B15,glyburide,positive,train
UGT2B15,lamotrigine,positive,train
UGT2B15,lorazepam,positive,train
UGT2B15,oxazepam,positive,test
UGT2B15,oxcarbazepine,negative,train
UGT2B15,phenobarbital,positive,train
UGT2B15,phenytoin,positive,train
UGT2B15,tamoxifen,ambiguous,validation
UGT2B15,antineoplastic agents,ambiguous,train
CYP2C19,aripiprazole,ambiguous,train
CYP2C19,duloxetine,ambiguous,test
CYP2C19,escitalopram,ambiguous,validation
CYP2C19,esomeprazole,ambiguous,train
CYP2C19,voriconazole,ambiguous,train
CYP2C19,atazanavir,ambiguous,train
CYP2C19,"sulfonamides, urea derivatives",positive,train
CYP2C19,clobazam,ambiguous,test
CYP2C19,gliclazide,positive,validation
CYP2C19,fluorouracil,positive,train
CYP2C19,"3,4-methylenedioxymethamphetamine",positive,train
CYP2C19,hmg-coa reductase inhibitors,positive,test
CYP2C19,rosuvastatin,ambiguous,train
CYP2C19,formoterol,positive,train
CYP2C19,atomoxetine,ambiguous,train
CYP2C19,nebivolol,ambiguous,train
CYP2C19,prasugrel,ambiguous,validation
CYP2C19,anticholinergic agents,positive,validation
CYP2C19,platelet aggregation inhibitors excl. heparin,positive,train
CYP2C19,proton pump inhibitors,ambiguous,test
CYP2C19,respiratory system,positive,train
CYP2C19,selective serotonin reuptake inhibitors,negative,train
CYP2C19,labetalol,positive,test
CYP2C19,cilostazol,ambiguous,train
CYP2C19,praziquantel,positive,train
CYP2C19,flunitrazepam,positive,train
CYP2C19,divalproex sodium,ambiguous,validation
CYP2C19,ethambutol,ambiguous,test
CYP2C19,axitinib,ambiguous,train
CYP2C19,dabigatran,negative,train
CYP2C19,drospirenone / ethinyl estradiol,positive,test
CYP2C19,ticagrelor,ambiguous,train
CYP2C19,ambrisentan,positive,train
CYP2C19,rivaroxaban,positive,train
CYP2C19,desvenlafaxine,ambiguous,validation
CYP2C19,etravirine,positive,train
CYP2C19,lafutidine,negative,train
CYP2C19,dexlansoprazole,positive,train
CYP2C19,icotinib,positive,train
CYP2C19,ginkgo biloba extract,negative,train
CYP2C19,3-cyano-7-ethoxycoumarin,positive,train
CYP2C19,endoxifen,negative,train
CYP2C19,n-desmethyltamoxifen,negative,train
CYP2C19,4-hydroxytamoxifen,ambiguous,train
CYP2C19,dipyrone,positive,train
CYP2C19,selumetinib,negative,train
CYP2C19,clopidogrel thiol metabolite h4,ambiguous,train
CYP2C19,desmethyl clomipramine,positive,test
CYP2C19,tolperisone,ambiguous,train
CYP2C19,flibanserin,positive,train
CYP2C19,venetoclax,positive,train
CYP2C19,brivaracetam,positive,train
CYP2C19,lacosamide,positive,validation
CYP2C19,rilpivirine,negative,validation
CYP2C19,ar-c124910xx,negative,train
CYP2C19,n-desmethylclozapine,positive,test
CYP2C19,norclobazam,positive,train
CYP2C19,s-eddp,negative,validation
CYP2C19,iguratimod,positive,train
CYP2C19,androstenedione,positive,train
CYP2C19,phenazepam,ambiguous,test
CYP2C19,normeperidine,positive,train
CYP2C19,ketobemidone,negative,train
CYP2C19,hydroxybupropion,positive,train
CYP2C19,r-eddp,negative,train
CYP2C19,vonoprazan,positive,train
CYP2C19,belzutifan,positive,train
CYP2C19,abrocitinib,positive,train
CYP2C19,mavacamten,positive,train
CYP2C19,6beta-hydroxytestosterone,positive,train
CYP2C19,16alpha-hydroxytestosterone,positive,train
CYP2C19,11alpha-hydroxytestosterone,positive,train
CYP2C19,16alpha-hydroxyprogesterone,positive,train
CYP2C19,11a-hydroxyprogesterone,positive,train
CYP2C19,6beta-hydroxyprogesterone,positive,train
CYP2C19,desoxycortone,positive,train
CYP2C19,dt-678,negative,train
CYP2C19,sulforidazine,negative,train
CYP2C19,amitriptyline,ambiguous,train
CYP2C19,amoxicillin,ambiguous,validation
CYP2C19,aspirin,ambiguous,train
CYP2C19,atorvastatin,positive,test
CYP2C19,buprenorphine,negative,train
CYP2C19,bupropion,ambiguous,train
CYP2C19,buspirone,ambiguous,train
CYP2C19,busulfan,ambiguous,train
CYP2C19,carbamazepine,ambiguous,train
CYP2C19,carisoprodol,ambiguous,train
CYP2C19,carvedilol,negative,train
CYP2C19,celecoxib,ambiguous,train
CYP2C19,citalopram,ambiguous,validation
CYP2C19,clarithromycin,ambiguous,train
CYP2C19,clomipramine,ambiguous,test
CYP2C19,clopidogrel,ambiguous,test
CYP2C19,clozapine,ambiguous,validation
CYP2C19,cyclophosphamide,ambiguous,train
CYP2C19,desipramine,ambiguous,train
CYP2C19,diazepam,ambiguous,train
CYP2C19,doxepin,positive,train
CYP2C19,doxorubicin,positive,train
CYP2C19,efavirenz,positive,validation
CYP2C19,famotidine,ambiguous,train
CYP2C19,fentanyl,positive,train
CYP2C19,fluconazole,ambiguous,train
CYP2C19,fluoxetine,ambiguous,train
CYP2C19,fluvoxamine,ambiguous,test
CYP2C19,hydromorphone,negative,train
CYP2C19,hydroxyprogesterone,positive,train
CYP2C19,ibuprofen,ambiguous,train
CYP2C19,imipramine,ambiguous,train
CYP2C19,isoniazid,ambiguous,train
CYP2C19,ketoconazole,ambiguous,validation
CYP2C19,lamotrigine,ambiguous,train
CYP2C19,lansoprazole,ambiguous,test
CYP2C19,leflunomide,ambiguous,train
CYP2C19,meperidine,positive,validation
CYP2C19,mephenytoin,ambiguous,train
CYP2C19,methylphenobarbital,positive,validation
CYP2C19,mesoridazine,negative,test
CYP2C19,methadone,ambiguous,train
CYP2C19,metoprolol,negative,train
CYP2C19,midazolam,positive,test
CYP2C19,mirtazapine,ambiguous,train
CYP2C19,modafinil,ambiguous,test
CYP2C19,morphine,negative,validation
CYP2C19,nelfinavir,positive,validation
CYP2C19,nevirapine,positive,train
CYP2C19,nortriptyline,ambiguous,train
CYP2C19,olanzapine,ambiguous,train
CYP2C19,omeprazole,ambiguous,train
CYP2C19,oxazepam,positive,validation
CYP2C19,oxcarbazepine,ambiguous,train
CYP2C19,oxycodone,positive,train
CYP2C19,pantoprazole,ambiguous,train
CYP2C19,paroxetine,ambiguous,train
CYP2C19,pentamidine,negative,test
CYP2C19,phenobarbital,ambiguous,train
CYP2C19,phenprocoumon,positive,validation
CYP2C19,phenytoin,ambiguous,test
CYP2C19,progesterone,ambiguous,validation
CYP2C19,proguanil,positive,train
CYP2C19,propranolol,negative,train
CYP2C19,pyrazinamide,ambiguous,train
CYP2C19,quetiapine,ambiguous,train
CYP2C19,rabeprazole,ambiguous,train
CYP2C19,rifampin,ambiguous,train
CYP2C19,risperidone,ambiguous,train
CYP2C19,sertraline,ambiguous,train
CYP2C19,tacrolimus,ambiguous,test
CYP2C19,tamoxifen,ambiguous,test
CYP2C19,temazepam,positive,train
CYP2C19,thalidomide,positive,test
CYP2C19,thioridazine,negative,test
CYP2C19,ticlopidine,ambiguous,train
CYP2C19,tolbutamide,positive,test
CYP2C19,topiramate,negative,train
CYP2C19,tranylcypromine,ambiguous,validation
CYP2C19,trazodone,ambiguous,test
CYP2C19,trimipramine,positive,train
CYP2C19,troglitazone,ambiguous,test
CYP2C19,valproic acid,ambiguous,train
CYP2C19,venlafaxine,ambiguous,test
CYP2C19,warfarin,ambiguous,validation
CYP2C19,ziprasidone,ambiguous,train
CYP2C19,antidepressants,ambiguous,train
CYP2C19,antipsychotics,positive,train
CYP2C19,moclobemide,positive,train
CYP2C19,opioids,negative,test
CYP2C19,antineoplastic agents,ambiguous,train
CYP2C19,acenocoumarol,ambiguous,train
AMACR,cholic acid,positive,train
AMACR,ibuprofen,positive,validation
ADAMTSL2,buprenorphine,positive,train
ATP7B,taxanes,positive,train
ATP7B,platinum compounds,ambiguous,validation
ATP7B,ethambutol,positive,train
ATP7B,isoniazid / pyrazinamide / rifampin,positive,train
ATP7B,carboplatin,positive,train
ATP7B,daunorubicin,positive,train
NOS1,fluorouracil,positive,train
NOS1,chop,positive,test
NOS1,cyclophosphamide,positive,train
NOS1,epirubicin,positive,train
NOS1,ibuprofen,positive,train
NOS1,rituximab,positive,train
PIK3CA,lapatinib,positive,train
PIK3CA,egfr inhibitors,positive,train
PIK3CA,palbociclib,positive,train
PIK3CA,alpelisib,positive,train
PIK3CA,capivasertib,positive,train
PIK3CA,inavolisib,positive,test
PIK3CA,carboplatin,positive,train
PIK3CA,cisplatin,positive,train
PIK3CA,clopidogrel,negative,train
PIK3CA,docetaxel,positive,train
PIK3CA,trastuzumab,positive,validation
YEATS4,hydrochlorothiazide,positive,test
RAC2,cyclophosphamide,positive,validation
RAC2,doxorubicin,ambiguous,train
RAC2,idarubicin,positive,train
RAC2,paclitaxel,negative,train
RAC2,prednisolone,positive,train
RAC2,trastuzumab,negative,train
RAC2,vincristine,positive,validation
EREG,cetuximab,ambiguous,train
EREG,panitumumab,ambiguous,train
PTGS2,cetuximab,negative,train
PTGS2,"antiinflammatory and antirheumatic products, non-steroids",positive,train
PTGS2,oxaliplatin,positive,train
PTGS2,nimesulide,positive,train
PTGS2,panitumumab,negative,test
PTGS2,"antiinflammatory agents, non-steroids",positive,train
PTGS2,coxibs,positive,test
PTGS2,aspirin,ambiguous,train
PTGS2,atenolol,positive,train
PTGS2,capecitabine,positive,test
PTGS2,celecoxib,ambiguous,train
PTGS2,ibuprofen,ambiguous,train
PTGS2,ketoprofen,negative,train
PTGS2,omega-3 polyunsaturated fatty acids,positive,validation
PTGS2,rofecoxib,positive,test
DGCR5,selective serotonin reuptake inhibitors,negative,train
SSU72,capecitabine,positive,train
CD38,isatuximab,positive,validation
ZDHHC7,methylphenidate,positive,test
SRR,metformin,positive,train
NT5C3A,cytarabine,positive,validation
NT5C3A,gemcitabine,ambiguous,train
NT5C3A,idarubicin,positive,validation
IL23R,adalimumab,negative,train
IL23R,tumor necrosis factor alpha (tnf-alpha) inhibitors,positive,train
IL23R,ustekinumab,negative,train
IL23R,aspirin,negative,train
IL23R,azathioprine,positive,test
IL23R,celecoxib,positive,train
IL23R,etanercept,negative,train
IL23R,infliximab,positive,train
MAPK7,sorafenib,positive,train
CHIA,aspirin,positive,train
NCOA3,salbutamol,positive,train
JAG1,maralixibat,positive,train
JAG1,odevixibat,positive,train
KMT2A,revumenib,positive,test
KMT2A,ziftomenib,positive,train
CD28,adalimumab,negative,test
CD28,tumor necrosis factor alpha (tnf-alpha) inhibitors,negative,train
CD28,etanercept,negative,train
CD28,infliximab,negative,train
CR1L,adalimumab,negative,train
CR1L,etanercept,negative,train
CR1L,infliximab,negative,train
CRISPLD2,dexamethasone,positive,train
SLC7A8,busulfan,negative,train
SLC7A8,tacrolimus,positive,train
FGB,abciximab,positive,train
FGB,eptifibatide,positive,train
FGB,tirofiban,positive,train
HTR3A,antiemetics and antinauseants,positive,train
HTR3A,atorvastatin,negative,train
HTR3A,clozapine,positive,test
HTR3A,fluvoxamine,negative,train
HTR3A,granisetron,negative,train
HTR3A,haloperidol,positive,train
HTR3A,methotrexate,negative,test
HTR3A,paroxetine,negative,train
HTR3A,pravastatin,negative,train
HTR3A,risperidone,negative,train
HTR3A,simvastatin,negative,validation
HTR3A,opioids,negative,train
TNRC6B,asparaginase,negative,train
TNRC6B,cyclophosphamide,negative,train
TNRC6B,cytarabine,negative,train
TNRC6B,daunorubicin,negative,validation
TNRC6B,mercaptopurine,negative,train
TNRC6B,methotrexate,negative,train
TNRC6B,prednisone,negative,train
TNRC6B,vincristine,negative,train
MUTYH,fluorouracil,positive,validation
MUTYH,radiotherapy,positive,train
MUTYH,cisplatin,positive,train
MUTYH,cyclophosphamide,positive,validation
NSUN3,capecitabine,positive,validation
PTTG1,etanercept,positive,train
CACNA2D4,celecoxib,positive,train
RGS6,pegaspargase,negative,train
BCL11A,hydroxyurea,ambiguous,validation
MISP,cyclophosphamide,positive,train
MISP,epirubicin,positive,train
MISP,paclitaxel,positive,train
SLC47A2,metformin,ambiguous,train
AS3MT,arsenic compounds,positive,train
AS3MT,arsenic trioxide,negative,validation
GMPS,azathioprine,negative,train
GMPS,mercaptopurine,positive,validation
CFB,ranibizumab,negative,validation
UCP3,antipsychotics,negative,train
WWTR1,cetuximab,negative,train
UCP2,clopidogrel,negative,train
UCP2,antipsychotics,negative,test
YAP1,platinum compounds,positive,train
YAP1,etoposide,positive,test
IL8,cetuximab,negative,train
IL8,fluorouracil,positive,train
IL8,bevacizumab,positive,validation
IL8,sunitinib,positive,train
IL8,panitumumab,negative,train
IL8,ranibizumab,positive,train
IL8,pazopanib,positive,test
IL8,radiotherapy,positive,train
IL8,cyclophosphamide,positive,validation
IL8,sufentanil,negative,train
PDCD1,durvalumab,positive,validation
ARHGEF10,paclitaxel,positive,train
HLA-E,adalimumab,positive,train
HLA-E,certolizumab pegol,positive,train
HLA-E,etanercept,positive,train
HLA-E,methotrexate,positive,validation
HLA-E,glucocorticoids,positive,test
HLA-E,infliximab,positive,train
SCAP,rosuvastatin,positive,train
SCAP,atorvastatin,ambiguous,validation
SCAP,fluvastatin,negative,validation
SCAP,simvastatin,positive,train
MAPK9,sorafenib,positive,train
POM121L2,opioids,positive,test
ABCB6,citalopram,negative,test
ABCB6,fluoxetine,negative,train
ABCB6,paroxetine,negative,test
ABCB6,sertraline,negative,train
EMSY,adalimumab,positive,train
ATG10,iodine (131i) compounds,positive,train
ATG10,radiotherapy,positive,train
ARHGEF28,methylphenidate,positive,train
KIR3DL2,epidermal growth factor receptor (egfr) tyrosine kinase inhibitors,positive,test
KRTAP10-4,aspirin,positive,train
KRTAP10-4,clopidogrel,positive,train
DGKI,anastrozole,negative,test
DGKI,exemestane,negative,train
CTDP1,gemcitabine,negative,train
ADORA1,aspirin,positive,validation
ADORA1,caffeine,positive,test
CACNA1B,celecoxib,positive,train
CACNA1B,nicardipine,positive,train
CACNA1B,nimodipine,positive,test
CACNA1B,antipsychotics,positive,train
CIDEA,chop,positive,test
CIDEA,rituximab,positive,train
MIR604,asparaginase,negative,validation
MIR604,cyclophosphamide,negative,train
MIR604,cytarabine,negative,test
MIR604,daunorubicin,negative,test
MIR604,mercaptopurine,negative,test
MIR604,methotrexate,negative,train
MIR604,prednisone,negative,train
MIR604,vincristine,negative,train
SLC4A1,atenolol,positive,validation
SLC4A1,metoprolol,positive,train
MTNR1B,vincristine,positive,train
WDR7,fluorouracil,negative,train
WDR7,capecitabine,negative,train
PTGDR,laropiprant,positive,validation
PTGDR,dexamethasone,positive,test
YBX1,bevacizumab,negative,test
YBX1,ranibizumab,negative,validation
YBX1,abiraterone,positive,train
DDRGK1,azathioprine,ambiguous,train
DDRGK1,methotrexate,negative,train
CDH13,hmg-coa reductase inhibitors,positive,train
CDH13,amphetamine,positive,train
CDH13,aspirin,positive,train
CDH13,cisplatin,negative,validation
CDH13,clopidogrel,positive,test
CDH13,perphenazine,positive,train
CDH13,sorafenib,positive,train
NRP1,ranibizumab,ambiguous,train
TNFSF13B,fluorouracil,negative,train
TNFSF13B,belimumab,positive,train
TNFSF13B,cyclophosphamide,negative,validation
TNFSF13B,docetaxel,negative,train
TNFSF13B,epirubicin,negative,train
APOH,peginterferon alfa-2a,negative,train
APOH,peginterferon alfa-2b,negative,test
APOH,boceprevir,negative,train
APOH,telaprevir,negative,test
APOH,ribavirin,negative,train
SMAD3,pembrolizumab,positive,train
SMAD3,nivolumab,positive,train
SMAD3,atezolizumab,positive,test
SMAD3,avelumab,positive,train
SMAD3,durvalumab,positive,train
SMAD3,ipilimumab,positive,train
CDH4,gemcitabine,negative,train
CDH4,ziprasidone,positive,train
HSPA1A,abacavir,negative,train
HSPA1A,carbamazepine,positive,train
GRIK1,ethanol,negative,train
GRIK1,naltrexone,negative,test
GRIK1,topiramate,ambiguous,validation
GARS1,vincristine,positive,train
CDKN2B-AS1,"antiinflammatory agents, non-steroids",positive,train
CDKN2B-AS1,platinum compounds,negative,train
CDKN2B-AS1,apremilast,positive,train
GABRA1,carbamazepine,ambiguous,test
GABRA1,gabapentin,negative,train
GABRA1,lamotrigine,negative,train
GABRA1,oxcarbazepine,negative,train
GABRA1,phenobarbital,negative,validation
GABRA1,phenytoin,ambiguous,validation
GABRA1,propofol,positive,validation
GABRA1,topiramate,negative,test
GABRA1,valproic acid,ambiguous,train
THSD7B,ethanol,positive,train
OPRL1,methadone,ambiguous,test
OPRL1,opioids,ambiguous,validation
DOCK4,anastrozole,negative,test
DOCK4,exemestane,negative,train
ATP2A3,celecoxib,positive,train
SLC4A8,ethanol,positive,train
PCDHB6,verapamil,positive,train
CCNA2,tamoxifen,positive,validation
TRIB3,indapamide,positive,train
TRIB3,methylphenidate,positive,train
TRIB3,perindopril,positive,train
NIPAL2,antiepileptics,positive,test
COLEC10,fluorouracil,positive,train
IL12B,adalimumab,ambiguous,train
IL12B,tumor necrosis factor alpha (tnf-alpha) inhibitors,positive,train
IL12B,ustekinumab,positive,train
IL12B,etanercept,ambiguous,train
IL12B,methotrexate,negative,validation
IL12B,pravastatin,negative,train
IL12B,infliximab,positive,validation
SLC10A1,rosuvastatin,positive,train
SLC10A1,pravastatin,positive,train
C3,bevacizumab,negative,validation
C3,ranibizumab,negative,train
C3,eculizumab,negative,train
C3,clozapine,positive,train
FCGR2A,adalimumab,ambiguous,train
FCGR2A,cetuximab,ambiguous,train
FCGR2A,panitumumab,negative,test
FCGR2A,tumor necrosis factor alpha (tnf-alpha) inhibitors,ambiguous,train
FCGR2A,abatacept,positive,train
FCGR2A,tocilizumab,ambiguous,train
FCGR2A,margetuximab,positive,train
FCGR2A,cyclophosphamide,positive,test
FCGR2A,doxorubicin,positive,train
FCGR2A,etanercept,ambiguous,train
FCGR2A,paclitaxel,positive,test
FCGR2A,rituximab,ambiguous,train
FCGR2A,trastuzumab,positive,train
FCGR2A,infliximab,ambiguous,train
F11,warfarin,negative,train
F11,hormonal contraceptives for systemic use,positive,train
KRAS,cetuximab,ambiguous,train
KRAS,fluorouracil,ambiguous,validation
KRAS,oxaliplatin,positive,train
KRAS,panitumumab,ambiguous,train
KRAS,vemurafenib,positive,train
KRAS,dabrafenib,positive,train
KRAS,regorafenib,positive,train
KRAS,trametinib,positive,train
KRAS,pembrolizumab,positive,train
KRAS,nivolumab,positive,train
KRAS,encorafenib,positive,train
KRAS,ipilimumab,positive,train
KRAS,ramucirumab,positive,train
KRAS,tipiracil / trifluridine,positive,validation
KRAS,tucatinib,positive,validation
KRAS,adagrasib,positive,train
KRAS,sotorasib,positive,validation
KRAS,fruquintinib,positive,train
KRAS,defactinib,positive,train
KRAS,avutometinib,positive,validation
KRAS,capecitabine,positive,train
KRAS,irinotecan,ambiguous,train
KRAS,azacitidine,positive,train
FGFR3,brivanib,positive,train
FGFR3,erdafitinib,positive,train
ACY3,atenolol,positive,train
ACY3,bisoprolol,positive,train
CPA2,asparaginase,positive,train
PRRC2A,carbamazepine,positive,train
PRRC2A,carboplatin,positive,train
PRRC2A,gemcitabine,positive,train
C5AR1,avacopan,positive,train
LTB,abacavir,positive,train
VEGFB,bevacizumab,positive,train
VEGFB,aflibercept,positive,train
VEGFB,sorafenib,ambiguous,train
DCTD,ara-ctp,positive,train
DCTD,gemcitabine,ambiguous,test
DCTD,antineoplastic agents,positive,test
OGG1,fluorouracil,negative,validation
OGG1,platinum compounds,negative,train
OGG1,radiotherapy,negative,test
OGG1,cisplatin,negative,train
SLC46A1,methotrexate,positive,train
CYP7A1,cholic acid,positive,train
CYP7A1,atorvastatin,ambiguous,test
NPC1L1,hmg-coa reductase inhibitors,positive,train
NPC1L1,pravastatin,positive,train
EPHX2,lithium,positive,train
C11ORF65,metformin,ambiguous,train
HIF1A,pemetrexed,positive,test
HIF1A,axitinib,positive,train
HIF1A,pazopanib,positive,train
HIF1A,cisplatin,positive,train
HIF1A,gemcitabine,positive,test
HIF1A,sorafenib,positive,train
PIGM,methylphenidate,positive,train
CYP2A13,coumarin,positive,train
CYP2A13,nicotine,ambiguous,train
DCK,ara-ctp,positive,test
DCK,cytarabine,ambiguous,validation
DCK,daunorubicin,positive,train
DCK,gemcitabine,ambiguous,train
DCK,idarubicin,positive,train
DCK,lamivudine,positive,train
DCK,mitoxantrone,positive,test
DCK,paclitaxel,negative,train
CRCP,fremanezumab,negative,train
CRCP,galcanezumab,negative,train
CRCP,erenumab,negative,train
PAFAH1B2,aspirin,negative,validation
RRM2,cladribine,positive,train
RRM2,cytarabine,positive,train
BTC,cetuximab,positive,train
BTC,panitumumab,positive,train
DIAPH3,hydrochlorothiazide,positive,validation
HTR4,opioids,negative,validation
MVK,alendronate,positive,train
PRKAG3,metformin,positive,train
SEMA6A,cisplatin,positive,validation
MGAT5,ursodeoxycholic acid,positive,validation
TRIB1,vegf/vegfr (vascular endothelial growth factor) inhibitors,positive,test
MMP3,chlorthalidone,positive,train
MMP3,lisinopril,positive,train
MMP3,pravastatin,positive,train
SLC29A4,metformin,positive,train
CHDH,acamprosate,positive,train
HLA-DQB1,fluorouracil,positive,train
HLA-DQB1,antithyroid preparations,positive,train
HLA-DQB1,dipeptidyl peptidase 4 (dpp-4) inhibitors,positive,validation
HLA-DQB1,drugs for treatment of tuberculosis,positive,train
HLA-DQB1,first-generation cephalosporins,positive,train
HLA-DQB1,fourth-generation cephalosporins,positive,validation
HLA-DQB1,influenza vaccines,ambiguous,validation
HLA-DQB1,other cephalosporins,positive,train
HLA-DQB1,third-generation cephalosporins,positive,train
HLA-DQB1,clavulanate,positive,test
HLA-DQB1,pegaspargase,positive,validation
HLA-DQB1,lumiracoxib,positive,train
HLA-DQB1,hydroxychloroquine,positive,train
HLA-DQB1,flucloxacillin,positive,train
HLA-DQB1,radiotherapy,positive,validation
HLA-DQB1,bucillamine,positive,train
HLA-DQB1,flupirtine,positive,train
HLA-DQB1,abacavir,positive,validation
HLA-DQB1,acetaminophen,positive,train
HLA-DQB1,allopurinol,ambiguous,train
HLA-DQB1,amoxicillin,positive,train
HLA-DQB1,aspirin,positive,validation
HLA-DQB1,carbamazepine,positive,validation
HLA-DQB1,clozapine,ambiguous,train
HLA-DQB1,cyclophosphamide,positive,train
HLA-DQB1,docetaxel,positive,validation
HLA-DQB1,epirubicin,positive,train
HLA-DQB1,isoniazid,negative,test
HLA-DQB1,lamotrigine,positive,test
HLA-DQB1,levetiracetam,negative,train
HLA-DQB1,methotrexate,positive,train
HLA-DQB1,nevirapine,positive,train
HLA-DQB1,pyrazinamide,negative,train
HLA-DQB1,rifampin,negative,test
HLA-DQB1,sulfasalazine,positive,train
HLA-DQB1,tamoxifen,positive,validation
HLA-DQB1,ticlopidine,positive,train
HLA-DQB1,trastuzumab,positive,train
HLA-DQB1,"beta-lactam antibacterials, penicillins",positive,train
HLA-DQB1,other beta-lactam antibacterials,positive,train
HLA-DQB1,infliximab,positive,train
KCNN1,corticosteroids,positive,train
CAP2,selective serotonin reuptake inhibitors,negative,test
PLA2G6,etoposide,positive,train
PROC,drospirenone / ethinyl estradiol,positive,train
PROC,ethinyl estradiol / norelgestromin,positive,train
PROC,avatrombopag,positive,train
PROC,lusutrombopag,positive,train
PROC,estradiol / progesterone,positive,test
PROC,"synthetic conjugated estrogens, a",positive,validation
PROC,relugolix / estradiol / norethindrone acetate,positive,test
PROC,phenprocoumon,ambiguous,train
PROC,warfarin,ambiguous,train
CYP11B2,hydralazine / isosorbide dinitrate,positive,validation
CYP11B2,atenolol,negative,train
CYP11B2,benazepril,ambiguous,train
CYP11B2,candesartan,positive,train
CYP11B2,furosemide,positive,test
CYP11B2,hydrochlorothiazide,negative,validation
CYP11B2,irbesartan,negative,train
CYP11B2,spironolactone,positive,train
CYP11B2,imidapril,ambiguous,test
AGO1,asparaginase,negative,train
AGO1,cyclophosphamide,negative,train
AGO1,cytarabine,negative,train
AGO1,daunorubicin,negative,validation
AGO1,mercaptopurine,negative,test
AGO1,methotrexate,negative,train
AGO1,prednisone,negative,train
AGO1,vincristine,negative,train
FOXP3,methotrexate,positive,train
FOXP3,tacrolimus,ambiguous,train
NRG1,cetuximab,positive,validation
NRG1,panitumumab,positive,train
NRG1,zenocutuzumab,positive,train
NRG1,methamphetamine,negative,validation
NRG1,antipsychotics,positive,train
TNFAIP3,adalimumab,ambiguous,train
TNFAIP3,gefitinib,negative,train
TNFAIP3,tumor necrosis factor alpha (tnf-alpha) inhibitors,positive,train
TNFAIP3,ustekinumab,ambiguous,train
TNFAIP3,tildrakizumab,positive,train
TNFAIP3,etanercept,negative,train
TNFAIP3,methotrexate,positive,train
TNFAIP3,rituximab,negative,train
PPP2R2A,olaparib,positive,test
BMP5,escitalopram,positive,train
MBOAT7,ethanol,negative,train
ICAM5,varenicline,positive,train
PPOX,givosiran,positive,test
CTBP2,epidermal growth factor receptor (egfr) tyrosine kinase inhibitors,positive,train
SLC22A9,methotrexate,positive,train
NEU3,corticosteroids,negative,train
NEU3,antineoplastic agents,negative,train
PERP,fluorouracil,positive,train
PERP,cyclophosphamide,positive,test
PERP,epirubicin,positive,train
STIP1,corticosteroids,negative,train
MSANTD1,risperidone,positive,train
SLC22A2,l-tryptophan,positive,train
SLC22A2,"sulfonamides, urea derivatives",negative,validation
SLC22A2,anthracyclines and related substances,positive,validation
SLC22A2,platinum compounds,ambiguous,train
SLC22A2,varenicline,negative,validation
SLC22A2,dolutegravir,negative,train
SLC22A2,fampridine,positive,train
SLC22A2,tipiracil hydrochloride,negative,train
SLC22A2,cisplatin,ambiguous,train
SLC22A2,daunorubicin,negative,validation
SLC22A2,doxorubicin,negative,test
SLC22A2,lamivudine,ambiguous,train
SLC22A2,metformin,ambiguous,train
SLC22A2,ranitidine,negative,validation
SLC22A2,trifluridine,negative,train
SLC22A2,trimethoprim,positive,test
TRAF3IP2-AS1,cisplatin,positive,train
GBA1,velaglucerase alfa,positive,train
MAN1A1,capecitabine,positive,train
ERBB4,gefitinib,positive,train
ERBB4,erlotinib,positive,validation
ERBB4,lapatinib,positive,train
ERBB4,paliperidone,positive,train
ERBB4,clozapine,positive,train
ADAM17,infliximab,positive,train
LECT2,lithium,negative,train
MMP10,"antiinflammatory agents, non-steroids",positive,validation
HAS3,anthracyclines and related substances,positive,train
HAS3,doxorubicin,positive,train
GFRA2,clozapine,positive,train
NEDD4,warfarin,positive,train
CYP2C18,escitalopram,positive,train
CYP2C18,voriconazole,positive,validation
CYP2C18,clopidogrel,positive,test
CYP2C18,clozapine,positive,test
CYP2C18,lansoprazole,negative,train
CYP2C18,pantoprazole,negative,train
CYP2C18,sertraline,positive,test
CYP2C18,warfarin,positive,test
CYP2C18,acenocoumarol,positive,test
SLC19A3,metformin,positive,train
GSTM5,antineoplastic agents,positive,test
FCGR3A,adalimumab,ambiguous,train
FCGR3A,cetuximab,ambiguous,train
FCGR3A,tenofovir,negative,train
FCGR3A,panitumumab,negative,test
FCGR3A,tumor necrosis factor alpha (tnf-alpha) inhibitors,ambiguous,train
FCGR3A,antithymocyte globulin,positive,validation
FCGR3A,tocilizumab,positive,train
FCGR3A,margetuximab,positive,train
FCGR3A,cyclophosphamide,positive,train
FCGR3A,doxorubicin,positive,train
FCGR3A,etanercept,ambiguous,train
FCGR3A,prednisolone,positive,train
FCGR3A,rituximab,positive,train
FCGR3A,trastuzumab,positive,test
FCGR3A,vincristine,positive,test
FCGR3A,infliximab,ambiguous,test
CYP2C8,zoledronate,positive,test
CYP2C8,"sulfonamides, urea derivatives",positive,test
CYP2C8,imatinib,negative,train
CYP2C8,corticosteroids,positive,train
CYP2C8,fluorouracil,positive,train
CYP2C8,hmg-coa reductase inhibitors,positive,train
CYP2C8,"antiinflammatory agents, non-steroids",negative,train
CYP2C8,bisphosphonates,ambiguous,train
CYP2C8,calcineurin inhibitors,positive,train
CYP2C8,everolimus,negative,train
CYP2C8,mycophenolic acid,positive,train
CYP2C8,hydroxychloroquine,ambiguous,train
CYP2C8,dabigatran,negative,validation
CYP2C8,artesunate,negative,train
CYP2C8,pazopanib,positive,train
CYP2C8,cabazitaxel,positive,train
CYP2C8,diclofenac acyl glucuronide,positive,train
CYP2C8,desethylchloroquine,positive,validation
CYP2C8,macitentan,positive,train
CYP2C8,selexipag,positive,train
CYP2C8,amodiaquine,ambiguous,train
CYP2C8,aspirin,positive,test
CYP2C8,carbamazepine,positive,train
CYP2C8,carboplatin,ambiguous,train
CYP2C8,celecoxib,negative,train
CYP2C8,cerivastatin,positive,train
CYP2C8,cisplatin,positive,train
CYP2C8,clopidogrel,ambiguous,train
CYP2C8,cyclophosphamide,ambiguous,test
CYP2C8,cyclosporine,ambiguous,train
CYP2C8,dexamethasone,negative,train
CYP2C8,diclofenac,ambiguous,test
CYP2C8,diphenhydramine,negative,train
CYP2C8,docetaxel,negative,train
CYP2C8,doxorubicin,negative,train
CYP2C8,epirubicin,ambiguous,train
CYP2C8,gemcitabine,positive,train
CYP2C8,ibuprofen,ambiguous,train
CYP2C8,montelukast,positive,train
CYP2C8,mycophenolate mofetil,positive,validation
CYP2C8,olanzapine,negative,train
CYP2C8,paclitaxel,ambiguous,train
CYP2C8,pamidronate,positive,train
CYP2C8,pioglitazone,ambiguous,train
CYP2C8,piroxicam,negative,test
CYP2C8,ranitidine,negative,train
CYP2C8,repaglinide,positive,train
CYP2C8,rosiglitazone,ambiguous,train
CYP2C8,simvastatin,positive,train
CYP2C8,tacrolimus,positive,test
CYP2C8,sorafenib,positive,train
TUT7,peginterferon alfa-2b,positive,train
TUT7,ribavirin,positive,train
CERKL,iloperidone,positive,train
SLC22A3,catecholamines,positive,test
SLC22A3,lamivudine,positive,train
SLC22A3,metformin,positive,train
SLC22A3,antidepressants,positive,train
LGALS3,antibiotics,ambiguous,test
PPP3CA,tacrolimus,negative,train
F3,simvastatin,positive,train
UGT1A4,aripiprazole,ambiguous,train
UGT1A4,duloxetine,ambiguous,train
UGT1A4,escitalopram,ambiguous,train
UGT1A4,tenofovir,negative,train
UGT1A4,divalproex sodium,ambiguous,train
UGT1A4,sn-38,positive,test
UGT1A4,fesoterodine,positive,test
UGT1A4,febuxostat,positive,test
UGT1A4,acetaminophen glucuronide,positive,train
UGT1A4,abt-751,ambiguous,validation
UGT1A4,tamoxifen-n-glucuronide,positive,train
UGT1A4,n-desmethylclozapine,positive,validation
UGT1A4,mirabegron,positive,train
UGT1A4,clozapine 5-n-glucuronide,positive,train
UGT1A4,desmethylclozapine glucuronide,positive,test
UGT1A4,pexidartinib,positive,train
UGT1A4,tecovirimat,positive,train
UGT1A4,acetaminophen,positive,train
UGT1A4,allopurinol,positive,train
UGT1A4,amitriptyline,ambiguous,test
UGT1A4,anastrozole,ambiguous,train
UGT1A4,atorvastatin,positive,train
UGT1A4,bupropion,ambiguous,train
UGT1A4,buspirone,ambiguous,train
UGT1A4,carbamazepine,ambiguous,validation
UGT1A4,citalopram,ambiguous,train
UGT1A4,clozapine,positive,train
UGT1A4,diazepam,ambiguous,test
UGT1A4,fluoxetine,ambiguous,train
UGT1A4,imipramine,positive,test
UGT1A4,ketamine,positive,train
UGT1A4,lamotrigine,ambiguous,validation
UGT1A4,methotrexate,ambiguous,train
UGT1A4,midazolam,positive,train
UGT1A4,mirtazapine,ambiguous,train
UGT1A4,modafinil,ambiguous,validation
UGT1A4,morphine,positive,train
UGT1A4,nortriptyline,ambiguous,train
UGT1A4,olanzapine,ambiguous,train
UGT1A4,ondansetron,positive,train
UGT1A4,oxcarbazepine,ambiguous,train
UGT1A4,paroxetine,ambiguous,train
UGT1A4,phenytoin,ambiguous,train
UGT1A4,quetiapine,ambiguous,test
UGT1A4,risperidone,ambiguous,train
UGT1A4,sertraline,ambiguous,train
UGT1A4,tacrolimus,positive,test
UGT1A4,tamoxifen,ambiguous,train
UGT1A4,testosterone,ambiguous,train
UGT1A4,topiramate,positive,train
UGT1A4,trazodone,ambiguous,train
UGT1A4,valproic acid,ambiguous,train
UGT1A4,venlafaxine,ambiguous,test
UGT1A4,vitamin d and analogues,positive,train
UGT1A4,ziprasidone,ambiguous,train
OSGEP,fluorouracil,positive,train
OSGEP,radiotherapy,positive,train
OSGEP,cisplatin,positive,train
SPTAN1,cisplatin,positive,train
TOP1,sn-38,positive,train
TOP1,irinotecan,positive,train
ETFB,daunorubicin,positive,train
ETFB,doxorubicin,positive,train
SYT1,cocaine,ambiguous,test
SYT1,methylphenidate,positive,test
PACSIN2,thioguanosine triphosphate,negative,train
PACSIN2,deoxy-thioguanosine triphosphate,negative,train
PACSIN2,azathioprine,positive,validation
PACSIN2,mercaptopurine,ambiguous,train
PACSIN2,methotrexate,ambiguous,train
PACSIN2,purine analogues,positive,validation
GABRA3,botulinum toxin type a,negative,train
GABRA3,carbamazepine,negative,train
GABRA3,gabapentin,negative,train
GABRA3,lamotrigine,negative,validation
GABRA3,oxcarbazepine,negative,train
GABRA3,phenytoin,negative,test
GABRA3,topiramate,negative,train
GABRA3,valproic acid,negative,train
PGRMC2,2-hydroxyatorvastatin,negative,train
ADRA2C,diuretics,negative,train
ADRA2C,nebivolol,positive,train
ADRA2C,"ace inhibitors, plain",negative,train
ADRA2C,angiotensin ii antagonists,negative,train
ADRA2C,beta blocking agents,ambiguous,train
ADRA2C,labetalol,positive,train
ADRA2C,bucindolol,positive,train
ADRA2C,acebutolol,positive,test
ADRA2C,atenolol,positive,train
ADRA2C,betaxolol,positive,train
ADRA2C,bisoprolol,positive,train
ADRA2C,brimonidine,positive,test
ADRA2C,carvedilol,positive,train
ADRA2C,clonidine,positive,train
ADRA2C,digoxin,negative,train
ADRA2C,dopamine,positive,train
ADRA2C,epinephrine,positive,train
ADRA2C,esmolol,positive,validation
ADRA2C,isoproterenol,positive,train
ADRA2C,metoprolol,positive,validation
ADRA2C,nadolol,positive,train
ADRA2C,norepinephrine,positive,test
ADRA2C,pindolol,positive,train
ADRA2C,propranolol,positive,train
ADRA2C,sotalol,positive,train
ADRA2C,spironolactone,negative,train
ADRA2C,yohimbine,positive,test
PIK3CD,leniolisib,positive,test
PIK3CD,capivasertib,positive,train
CADM2,ethanol,positive,train
CXCL10,peginterferon alfa-2a,positive,train
CXCL10,peginterferon alfa-2b,positive,train
ATP2A1,celecoxib,positive,test
ALG10,gemcitabine,positive,train
FOLH1,lutetium (177lu) vipivotide tetraxetan,positive,test
FOLH1,mercaptopurine,positive,train
FOLH1,methotrexate,positive,train
EIF3A,platinum compounds,ambiguous,train
EIF3A,carboplatin,ambiguous,train
EIF3A,cisplatin,ambiguous,train
TSHZ2,allopurinol,positive,validation
LTA,adalimumab,negative,train
LTA,tenofovir,negative,train
LTA,abacavir,positive,train
LTA,carbamazepine,positive,train
LTA,diclofenac,positive,test
LTA,etanercept,negative,train
LTA,ibuprofen,positive,train
LTA,indomethacin,positive,validation
LTA,ketorolac,positive,train
LTA,naproxen,positive,test
LTA,rituximab,negative,train
LTA,infliximab,negative,test
SRP19,citalopram,positive,train
SRP19,fluoxetine,positive,validation
SRP19,paroxetine,positive,train
SRP19,sertraline,positive,test
SPARC,fluorouracil,ambiguous,train
SPARC,capecitabine,ambiguous,validation
SPARC,gemcitabine,ambiguous,train
SPARC,leucovorin,ambiguous,validation
SPARC,antineoplastic agents,ambiguous,train
SMIM45,n-desmethyltamoxifen,positive,train
PRIMPOL,immunoglobulins,positive,train
PI4KA,antipsychotics,positive,train
RBMS3,bisphosphonates,positive,validation
RBMS3,methotrexate,positive,train
AGPAT2,metreleptin,positive,validation
CLCC1,opioids,positive,train
IL1RN,anakinra,ambiguous,train
IL1RN,tumor necrosis factor alpha (tnf-alpha) inhibitors,positive,validation
IL1RN,canakinumab,negative,train
IL1RN,haloperidol,positive,train
IL1RN,heparin,positive,test
IL1RN,sufentanil,negative,train
HTR5A,atorvastatin,negative,validation
HTR5A,pravastatin,negative,test
HTR5A,simvastatin,negative,train
PER3,lithium,negative,train
CACNA2D2,celecoxib,positive,validation
CACNA2D2,dexmedetomidine,positive,train
CACNA2D2,remifentanil,positive,test
PRKAG2,rivaroxaban,positive,train
PRKAG2,hydrochlorothiazide,positive,train
PRKAG2,metformin,positive,train
TSPEAR,aspirin,positive,train
TSPEAR,clopidogrel,positive,train
GALNT14,fluorouracil,positive,train
GALNT14,cisplatin,positive,train
GALNT14,doxorubicin,positive,validation
GALNT14,mitoxantrone,positive,test
GALNT14,sorafenib,ambiguous,train
TENM4,capecitabine,positive,train
OTOS,cisplatin,ambiguous,validation
SOD3,fluorouracil,negative,train
SOD3,oxaliplatin,negative,train
SOD3,epirubicin,negative,test
CES1P1,folfiri,positive,train
CES1P1,folfirinox,positive,train
CES1P1,capecitabine,positive,train
CES1P1,clopidogrel,positive,validation
CES1P1,irinotecan,positive,test
CES1P1,trandolapril,negative,train
SLC9A9,fentanyl,positive,train
SLC9A9,remifentanil,positive,train
SUGP1,ethanol,negative,validation
STAT3,fluorouracil,negative,validation
STAT3,ethambutol,ambiguous,train
STAT3,osimertinib,positive,train
STAT3,irinotecan,negative,train
STAT3,isoniazid,ambiguous,test
STAT3,leucovorin,negative,validation
STAT3,pyrazinamide,ambiguous,train
STAT3,rifampin,ambiguous,train
STAT3,streptomycin,ambiguous,train
STAT3,interferons,positive,train
DOP1B,cyclophosphamide,negative,test
DOP1B,doxorubicin,negative,train
PTH,dexamethasone,negative,test
BACH1,isoniazid,ambiguous,train
BACH1,rifampin,positive,train
IL5,tumor necrosis factor alpha (tnf-alpha) inhibitors,positive,train
TTR,inotersen,positive,train
TTR,patisiran,positive,validation
TTR,tafamidis,positive,validation
TTR,vutrisiran,positive,validation
TTR,eplontersen,positive,train
RAB7A,vincristine,positive,train
DPYD,tenofovir,negative,train
DPYD,fluorouracil,ambiguous,test
DPYD,bevacizumab,ambiguous,train
DPYD,oxaliplatin,ambiguous,test
DPYD,platinum compounds,positive,test
DPYD,pyrimidine analogues,positive,validation
DPYD,tegafur / gimeracil / oteracil,ambiguous,train
DPYD,folfox,ambiguous,test
DPYD,folfiri,ambiguous,train
DPYD,xelox,ambiguous,validation
DPYD,fluorouracil / salicylic acid,positive,train
DPYD,fec100,negative,validation
DPYD,folfirinox,ambiguous,train
DPYD,uracil,positive,train
DPYD,3-aminoisobutyrate,positive,train
DPYD,capecitabine,ambiguous,train
DPYD,carboplatin,positive,train
DPYD,cisplatin,ambiguous,train
DPYD,cyclophosphamide,negative,train
DPYD,docetaxel,ambiguous,train
DPYD,doxorubicin,negative,train
DPYD,epirubicin,ambiguous,train
DPYD,flucytosine,positive,train
DPYD,irinotecan,ambiguous,validation
DPYD,leucovorin,ambiguous,train
DPYD,methotrexate,negative,validation
DPYD,trastuzumab,ambiguous,train
DPYD,tegafur,ambiguous,test
DPYD,antineoplastic agents,positive,train
NR1D1,lithium,ambiguous,train
KLRK1,peginterferon alfa-2b,positive,train
KLRK1,ribavirin,positive,train
ABCC6,drugs for treatment of tuberculosis,negative,train
ABCC6,docetaxel,positive,test
ABCC6,thalidomide,positive,train
GC,cetuximab,positive,train
GC,bevacizumab,positive,train
GC,deferasirox,positive,train
IL17RA,tumor necrosis factor alpha (tnf-alpha) inhibitors,ambiguous,test
ANK3,capecitabine,positive,train
KIR2DS4,methotrexate,positive,train
CCR5,maraviroc,positive,train
CCR5,glatiramer acetate,positive,validation
CTH,busulfan,ambiguous,test
CTH,cyclophosphamide,ambiguous,validation
CTH,antineoplastic agents,positive,train
G6PD,rasburicase,positive,train
G6PD,atazanavir,positive,train
G6PD,sulfamethoxazole / trimethoprim,ambiguous,train
G6PD,gliclazide,positive,test
G6PD,bupivacaine,positive,train
G6PD,artemisinin and derivatives,negative,test
G6PD,"ascorbic acid (vitamin c), combinations",positive,train
G6PD,"ascorbic acid (vitamin c), plain",positive,train
G6PD,quinolone antibacterials,positive,validation
G6PD,vitamin b-complex with vitamin c,positive,test
G6PD,vitamin k and analogues,positive,train
G6PD,insulin recombinant,positive,train
G6PD,quinacrine,positive,test
G6PD,nalidixic acid,positive,train
G6PD,furazolidone,positive,train
G6PD,phenazopyridine,positive,train
G6PD,trihexyphenidyl,negative,validation
G6PD,sulfametopyrazine,ambiguous,test
G6PD,mepivacaine,positive,train
G6PD,sulfisoxazole,positive,train
G6PD,nitrofurazone,positive,test
G6PD,tolazamide,positive,validation
G6PD,hydroxychloroquine,ambiguous,train
G6PD,artemisinin,negative,validation
G6PD,artesunate,ambiguous,validation
G6PD,chlorproguanil,ambiguous,train
G6PD,dimercaprol,positive,train
G6PD,pegloticase,positive,train
G6PD,dabrafenib,positive,validation
G6PD,mafenide,positive,validation
G6PD,sodium nitrite,positive,train
G6PD,trametinib,positive,train
G6PD,pamaquine,positive,train
G6PD,tafenoquine,positive,train
G6PD,sitamaquine,positive,train
G6PD,menadione sodium bisulfite,negative,validation
G6PD,nivolumab,positive,validation
G6PD,moviprep,positive,train
G6PD,sodium ascorbate,positive,train
G6PD,erythromycin ethylsuccinate / sulfisoxazole acetyl,positive,test
G6PD,lidocaine / prilocaine,positive,test
G6PD,lidocaine and tetracaine,positive,train
G6PD,articaine / epinephrine,positive,train
G6PD,oxymetazoline and tetracaine,positive,train
G6PD,amlodipine / atorvastatin / perindopril arginine,positive,validation
G6PD,metabutethamine,positive,train
G6PD,bisoprolol fumarate / perindopril arginine,positive,train
G6PD,carbasalate calcium,positive,train
G6PD,acetaminophen / codeine,positive,train
G6PD,nicorandil,positive,train
G6PD,acetaminophen / tramadol,positive,train
G6PD,"paracetamol, combinations excl. psycholeptics (vicks medinait sirup)",positive,train
G6PD,toluidine blue,positive,train
G6PD,sodium nitrate,positive,train
G6PD,carboxyprimaquine,negative,test
G6PD,primaquine n-carbamoyl glucuronide,negative,train
G6PD,acetaminophen,ambiguous,train
G6PD,aminosalicylic acid,ambiguous,train
G6PD,amodiaquine,positive,validation
G6PD,aspirin,ambiguous,test
G6PD,atovaquone,negative,train
G6PD,ceftriaxone,positive,train
G6PD,chloramphenicol,ambiguous,train
G6PD,chloroprocaine,positive,validation
G6PD,chloroquine,ambiguous,train
G6PD,chlorpropamide,positive,train
G6PD,ciprofloxacin,positive,train
G6PD,colchicine,negative,train
G6PD,dapsone,ambiguous,train
G6PD,daunorubicin,ambiguous,test
G6PD,doxorubicin,positive,train
G6PD,doxycycline,negative,train
G6PD,flutamide,positive,validation
G6PD,ganciclovir,negative,train
G6PD,glimepiride,positive,test
G6PD,glipizide,positive,train
G6PD,glyburide,positive,train
G6PD,isoniazid,negative,train
G6PD,levodopa,negative,train
G6PD,mefloquine,ambiguous,test
G6PD,meloxicam,positive,train
G6PD,mesalazine,ambiguous,train
G6PD,methylene blue,ambiguous,train
G6PD,metoclopramide,positive,train
G6PD,moxifloxacin,positive,validation
G6PD,nitrofurantoin,positive,train
G6PD,nitroglycerin,positive,train
G6PD,norfloxacin,positive,validation
G6PD,ofloxacin,positive,validation
G6PD,perindopril,positive,validation
G6PD,phenylbutazone,negative,test
G6PD,phenytoin,negative,train
G6PD,pioglitazone,positive,validation
G6PD,prilocaine,positive,validation
G6PD,primaquine,ambiguous,test
G6PD,probenecid,ambiguous,train
G6PD,proguanil,negative,validation
G6PD,pyrimethamine,ambiguous,train
G6PD,quinine,positive,train
G6PD,ropivacaine,positive,train
G6PD,streptomycin,negative,validation
G6PD,succimer,positive,test
G6PD,sulfacetamide,positive,train
G6PD,sulfadiazine,positive,train
G6PD,sulfadoxine,ambiguous,train
G6PD,sulfamethazine,positive,train
G6PD,sulfamethoxazole,positive,test
G6PD,sulfanilamide,positive,validation
G6PD,sulfasalazine,positive,test
G6PD,tolbutamide,positive,train
G6PD,trimethoprim,negative,train
G6PD,vancomycin,negative,test
G6PD,vitamin c,positive,train
G6PD,antithrombotic agents,positive,train
SLITRK5,escitalopram,positive,train
SLITRK5,citalopram,positive,train
SLITRK5,clomipramine,positive,train
SLITRK5,fluoxetine,positive,train
SLITRK5,fluvoxamine,positive,train
SLITRK5,paroxetine,positive,train
SLITRK5,sertraline,positive,test
SERP2,fentanyl,positive,train
FOLR3,pemetrexed,positive,train
TBL1X,levothyroxine,positive,train
PRKCQ,adalimumab,negative,train
PRKCQ,"ace inhibitors, plain",positive,test
PRKCQ,tumor necrosis factor alpha (tnf-alpha) inhibitors,negative,train
PRKCQ,etanercept,negative,train
PRKCQ,infliximab,negative,train
OPN1SW,warfarin,negative,train
BMP7,pegaspargase,positive,test
BMP7,cyclophosphamide,positive,train
BMP7,cytarabine,positive,train
BMP7,daunorubicin,positive,train
BMP7,dexamethasone,positive,train
BMP7,doxorubicin,positive,train
BMP7,methotrexate,positive,validation
BMP7,prednisone,positive,test
BMP7,thioguanine,positive,train
BMP7,vincristine,positive,train
KCNMB2,ritodrine,positive,train
ERICH3,escitalopram,positive,validation
ERICH3,serotonin,positive,train
ERICH3,citalopram,positive,train
ERICH3,antidepressants,positive,test
SCN9A,botulinum toxin type a,negative,train
SCN9A,propofol,positive,train
SCN9A,opioids,negative,train
MMP1,"antiinflammatory agents, non-steroids",positive,train
FECH,ethambutol,positive,train
FECH,isoniazid / pyrazinamide / rifampin,positive,train
ME3,corticosteroids,positive,train
ACSS3,antidepressants,positive,train
FGFR1,brivanib,positive,train
FGFR1,pemigatinib,positive,train
FGFR1,sorafenib,positive,train
DOK5,pegaspargase,positive,train
DOK5,cyclophosphamide,positive,train
DOK5,cytarabine,positive,train
DOK5,daunorubicin,positive,validation
DOK5,dexamethasone,positive,train
DOK5,doxorubicin,positive,train
DOK5,methotrexate,positive,validation
DOK5,prednisone,positive,train
DOK5,thioguanine,positive,train
DOK5,vincristine,positive,train
CHRNA10,nicotine,negative,train
RAVER2,methotrexate,ambiguous,validation
SIRT1,zoledronate,positive,train
SIRT1,ibandronate,positive,test
SIRT1,alendronate,positive,validation
SIRT1,risedronate,positive,test
APOBEC3B,corticosteroids,positive,test
IKZF3,cyclophosphamide,positive,train
SLC16A5,cisplatin,ambiguous,train
LPA,hmg-coa reductase inhibitors,positive,train
LPA,rosuvastatin,positive,test
LPA,aspirin,positive,validation
LPA,atorvastatin,positive,validation
LPA,simvastatin,positive,train
BAHD1,vincristine,positive,train
RAD51C,talazoparib,positive,validation
ADH1B,acetaldehyde,positive,test
ADH1B,abacavir,ambiguous,test
ADH1B,ethanol,ambiguous,train
ADH1B,naltrexone,ambiguous,train
CCL11,methadone,positive,train
CCL11,morphine,positive,validation
PROX1,atenolol,positive,train
TMEM130,apremilast,positive,test
H2AX,methadone,positive,train
AKR1C4,daunorubicin,positive,train
AKR1C4,exemestane,ambiguous,train
AKR1C4,naltrexone,positive,train
PAH,carbocisteine,positive,train
PAH,atenolol,positive,train
PAH,l-phenylalanine,ambiguous,test
C18ORF21,dofetilide,positive,train
C18ORF21,ibutilide,positive,test
C18ORF21,quinidine,positive,train
C18ORF21,sotalol,positive,validation
MEF2A,metformin,positive,train
MAP2K6,sorafenib,positive,train
BTRC,gemcitabine,positive,train
PRDM16,hmg-coa reductase inhibitors,positive,train
PRDM16,selective serotonin (5ht1) agonists,positive,test
PRDM16,atorvastatin,positive,validation
PRDM16,simvastatin,positive,train
IAPP,rocuronium,positive,train
HLA-C,sulfamethoxazole / trimethoprim,positive,train
HLA-C,lapatinib,positive,train
HLA-C,drugs for treatment of tuberculosis,positive,train
HLA-C,first-generation cephalosporins,positive,train
HLA-C,fourth-generation cephalosporins,positive,test
HLA-C,other cephalosporins,positive,train
HLA-C,rubella vaccines,positive,train
HLA-C,third-generation cephalosporins,positive,train
HLA-C,tumor necrosis factor alpha (tnf-alpha) inhibitors,positive,train
HLA-C,clavulanate,positive,train
HLA-C,hydroxychloroquine,positive,validation
HLA-C,flucloxacillin,positive,train
HLA-C,peginterferon alfa-2b,positive,train
HLA-C,ustekinumab,positive,test
HLA-C,regorafenib,positive,validation
HLA-C,nintedanib,positive,validation
HLA-C,acetaminophen,ambiguous,train
HLA-C,allopurinol,ambiguous,train
HLA-C,amoxicillin,positive,train
HLA-C,carbamazepine,ambiguous,train
HLA-C,carboplatin,positive,train
HLA-C,clozapine,positive,train
HLA-C,efavirenz,positive,test
HLA-C,gemcitabine,positive,test
HLA-C,lamotrigine,positive,validation
HLA-C,methazolamide,positive,validation
HLA-C,methotrexate,positive,train
HLA-C,nevirapine,ambiguous,train
HLA-C,phenytoin,ambiguous,validation
HLA-C,ribavirin,positive,test
HLA-C,ticlopidine,positive,train
HLA-C,valproic acid,positive,validation
HLA-C,"beta-lactam antibacterials, penicillins",positive,train
HLA-C,other beta-lactam antibacterials,positive,train
HLA-C,infliximab,positive,train
CYB5R2,rasburicase,positive,train
CYB5R2,isosorbide dinitrate,positive,train
CYB5R2,isosorbide mononitrate,positive,train
CYB5R2,metoclopramide,positive,train
CYB5R2,primaquine,positive,train
SFRP5,bisphosphonates,positive,test
CRTC2,hdl cholesterol,positive,train
CRTC2,cyclosporine,ambiguous,test
CRTC2,glucose,ambiguous,train
CRTC2,tacrolimus,ambiguous,test
HSPA5,platinum compounds,positive,train
CYP1B1,fluorouracil,positive,train
CYP1B1,4-hydroxyestradiol,positive,validation
CYP1B1,amodiaquine,positive,validation
CYP1B1,capecitabine,negative,train
CYP1B1,cisplatin,negative,train
CYP1B1,codeine,positive,validation
CYP1B1,cyclophosphamide,positive,train
CYP1B1,docetaxel,ambiguous,train
CYP1B1,doxorubicin,positive,test
CYP1B1,epirubicin,ambiguous,train
CYP1B1,exemestane,negative,train
CYP1B1,gemcitabine,negative,validation
CYP1B1,paclitaxel,ambiguous,train
CYP1B1,risperidone,positive,train
CYP1B1,tramadol,positive,test
UBASH3B,gemcitabine,positive,train
PGAP6,fentanyl,positive,validation
PGAP6,remifentanil,positive,train
GABBR2,opioids,negative,train
ASPH,warfarin,positive,train
IL21R,peginterferon alfa-2b,positive,train
IL21R,ribavirin,positive,train
SMN2,nusinersen,positive,validation
SMN2,risdiplam,positive,train
NPY1R,methadone,positive,test
TIGD1,carboplatin,positive,test
TIGD1,paclitaxel,positive,train
LMNTD1,capecitabine,positive,train
RYR3,dihydropyridine derivatives,positive,train
RYR3,amlodipine,positive,train
SCN10A,taxanes,positive,train
SCN10A,carboplatin,positive,train
SUMF1,corticosteroids,positive,train
SUMF1,budesonide,positive,test
PCDHB8,verapamil,positive,train
ERAP1,adalimumab,negative,train
ERAP1,clavulanate,positive,test
ERAP1,ustekinumab,negative,train
ERAP1,amoxicillin,positive,test
ERAP1,etanercept,negative,validation
CYP2F1,imatinib,positive,train
IFIT1,peginterferon alfa-2b,positive,train
IFIT1,ribavirin,positive,train
HTR1D,atorvastatin,negative,train
HTR1D,pravastatin,negative,test
HTR1D,simvastatin,negative,train
LUC7L2,hydrochlorothiazide,positive,train
RFK,escitalopram,positive,train
RFK,citalopram,positive,train
MYC,brentuximab vedotin,positive,train
MYC,polatuzumab vedotin,positive,test
MYC,warfarin,positive,train
ZBTB4,varenicline,positive,test
POLR1G,platinum compounds,positive,test
POLR1G,cisplatin,positive,train
POLR1G,dexamethasone,negative,test
POLR1G,diphenhydramine,negative,train
POLR1G,doxorubicin,positive,train
POLR1G,gemcitabine,positive,train
POLR1G,melphalan,positive,test
POLR1G,paclitaxel,negative,train
POLR1G,ranitidine,negative,validation
ALOX15,"antiinflammatory agents, non-steroids",positive,train
ALOX15,aspirin,negative,train
KCNT2,bisphosphonates,positive,train
NFATC4,tacrolimus,positive,test
DGKB,antipsychotics,positive,train
SLC6A5,haloperidol,positive,train
UGT2A1,imatinib,positive,train
FLT1,imatinib,ambiguous,validation
FLT1,fluorouracil,negative,train
FLT1,bevacizumab,negative,train
FLT1,anthracyclines and related substances,negative,train
FLT1,oxaliplatin,negative,train
FLT1,taxanes,negative,train
FLT1,sunitinib,ambiguous,train
FLT1,ranibizumab,negative,test
FLT1,axitinib,positive,train
FLT1,motesanib,positive,train
FLT1,cisplatin,negative,train
FLT1,cyclophosphamide,negative,train
FLT1,docetaxel,negative,train
FLT1,epirubicin,negative,validation
FLT1,sorafenib,positive,train
TJP2,maralixibat,positive,test
TJP2,odevixibat,positive,train
MARCHF1,bisphosphonates,positive,test
FASTKD3,leucovorin,positive,train
FASTKD3,methotrexate,ambiguous,train
FASTKD3,sevoflurane,positive,validation
FASTKD3,tegafur,positive,train
LTA4H,leukotriene receptor antagonists,positive,test
LTA4H,montelukast,positive,test
LHFPL3,corticosteroids,positive,validation
MAPK10,sorafenib,positive,validation
NOD2,cyclosporine,positive,train
NOD2,tacrolimus,positive,train
FCER1A,desloratadine,ambiguous,test
FCER1A,mizolastine,ambiguous,test
FCER1A,aspirin,negative,train
MSH6,fluorouracil,positive,train
MSH6,oxaliplatin,positive,train
MSH6,leucovorin,positive,train
POU5F1,allopurinol,positive,train
POU5F1,carbamazepine,positive,train
POU5F1,phenytoin,positive,train
HLA-DPB2,aspirin,positive,train
GSR,taxanes,positive,validation
GSR,carboplatin,positive,train
CHD4,vorinostat,positive,train
RAD18,clopidogrel thiol metabolite h4,positive,train
UMOD,cyclosporine,positive,test
PTGIR,aspirin,positive,train
TPP1,cerliponase alfa,positive,train
DCP1B,gemcitabine,positive,train
RORC,regorafenib,positive,train
SLC17A1,allopurinol,negative,train
IL10,corticosteroids,ambiguous,train
IL10,formoterol,positive,train
IL10,"antiinflammatory agents, non-steroids",positive,train
IL10,omalizumab,positive,train
IL10,fluticasone / salmeterol,positive,validation
IL10,chop,positive,validation
IL10,asparaginase,positive,test
IL10,budesonide,positive,train
IL10,cyclophosphamide,positive,test
IL10,cyclosporine,ambiguous,test
IL10,cytarabine,positive,train
IL10,efavirenz,positive,train
IL10,etanercept,positive,validation
IL10,fentanyl,negative,train
IL10,mercaptopurine,positive,train
IL10,methotrexate,positive,train
IL10,mycophenolate mofetil,ambiguous,train
IL10,rituximab,ambiguous,train
IL10,sirolimus,positive,train
IL10,sufentanil,negative,test
IL10,tacrolimus,ambiguous,train
IL10,vincristine,positive,test
IL10,antineoplastic agents,negative,validation
TMEM167A,fluorouracil,positive,validation
TMEM167A,platinum compounds,positive,train
TMEM167A,radiotherapy,positive,validation
ADGRL3,methylphenidate,ambiguous,train
ADGRL3,nicotine,positive,train
RASGRP2,clopidogrel,negative,test
TAB2,gefitinib,ambiguous,train
CHRNB1,eculizumab,positive,validation
CHRNB1,varenicline,positive,train
CHRNB1,efgartigimod alfa,positive,test
CHRNB1,ravulizumab,positive,test
CHRNB1,rozanolixizumab,positive,train
CHRNB1,zilucoplan,positive,train
CHRNB1,nipocalimab,positive,train
C1QTNF7,tenofovir,negative,validation
IMPDH2,fluorouracil,negative,train
IMPDH2,calcineurin inhibitors,negative,train
IMPDH2,mycophenolic acid,ambiguous,train
IMPDH2,azathioprine,positive,train
IMPDH2,cyclosporine,positive,train
IMPDH2,mercaptopurine,negative,train
IMPDH2,methotrexate,negative,validation
IMPDH2,mycophenolate mofetil,ambiguous,test
FKBP1A,metformin,positive,train
METTL1,peginterferon alfa-2a,positive,train
MYT1L,allopurinol,positive,validation
P3H3,sertraline,positive,train
ANO2,duloxetine,positive,train
ANO2,ranibizumab,positive,train
ANO2,aflibercept,positive,train
LINC00251,pegaspargase,positive,validation
LINC00251,cyclophosphamide,positive,train
LINC00251,cytarabine,positive,train
LINC00251,daunorubicin,positive,train
LINC00251,dexamethasone,positive,train
LINC00251,doxorubicin,positive,train
LINC00251,methotrexate,positive,train
LINC00251,prednisone,positive,validation
LINC00251,thioguanine,positive,train
LINC00251,vincristine,positive,train
SLCO2A1,"thiazides, plain",positive,train
FCN2,duloxetine,positive,train
BDNF,duloxetine,positive,train
BDNF,escitalopram,ambiguous,train
BDNF,analgesics,positive,test
BDNF,"antiinflammatory agents, non-steroids",positive,train
BDNF,ergot alkaloids,positive,test
BDNF,selective serotonin reuptake inhibitors,positive,train
BDNF,milnacipran,positive,validation
BDNF,empagliflozin,positive,test
BDNF,ethanol,negative,train
BDNF,amitriptyline,positive,validation
BDNF,citalopram,ambiguous,validation
BDNF,clomipramine,positive,test
BDNF,desipramine,positive,train
BDNF,fentanyl,negative,train
BDNF,fluoxetine,positive,train
BDNF,fluvoxamine,positive,train
BDNF,imipramine,positive,test
BDNF,lithium,ambiguous,test
BDNF,metformin,positive,train
BDNF,methadone,ambiguous,train
BDNF,methamphetamine,ambiguous,train
BDNF,methylphenidate,positive,test
BDNF,mirtazapine,negative,validation
BDNF,modafinil,negative,train
BDNF,morphine,positive,test
BDNF,nicotine,negative,train
BDNF,nortriptyline,positive,train
BDNF,olanzapine,positive,train
BDNF,paroxetine,ambiguous,validation
BDNF,risperidone,ambiguous,train
BDNF,sertraline,ambiguous,train
BDNF,sumatriptan,positive,train
BDNF,venlafaxine,positive,train
BDNF,antidepressants,ambiguous,train
BDNF,antipsychotics,ambiguous,train
BDNF,opioids,positive,train
BDNF,heroin,ambiguous,train
HTR3C,palonosetron,negative,test
HTR3C,aprepitant,positive,train
HTR3C,granisetron,negative,test
HTR3C,olanzapine,positive,train
HTR3C,opioids,negative,train
CYP4F2,anthracyclines and related substances,positive,train
CYP4F2,sunitinib,positive,test
CYP4F2,vitamin k and analogues,positive,train
CYP4F2,vitamin k antagonists,positive,validation
CYP4F2,dabigatran,negative,train
CYP4F2,ticagrelor,positive,train
CYP4F2,fluindione,negative,train
CYP4F2,apixaban,positive,train
CYP4F2,arachidonic acid,positive,train
CYP4F2,vitamin k1,positive,train
CYP4F2,brincidofovir,positive,test
CYP4F2,aspirin,positive,train
CYP4F2,clopidogrel,ambiguous,train
CYP4F2,daunorubicin,negative,train
CYP4F2,doxorubicin,negative,train
CYP4F2,olanzapine,negative,train
CYP4F2,phenprocoumon,ambiguous,test
CYP4F2,vitamin e,ambiguous,train
CYP4F2,warfarin,ambiguous,train
CYP4F2,acenocoumarol,ambiguous,validation
ARHGAP5,vincristine,positive,train
PRKAA2,clozapine,positive,train
PRKAA2,metformin,positive,test
PRKAA2,olanzapine,positive,test
PRKAA2,valproic acid,positive,train
PRKAA2,antipsychotics,positive,validation
DSCAM,carboplatin,positive,validation
DSCAM,paclitaxel,positive,train
ALDH3A2,metformin,negative,train
IL16,platinum compounds,positive,train
IL16,asparaginase,positive,train
IL16,morphine,positive,train
DDIT3,celecoxib,positive,train
SLC29A3,gemcitabine,ambiguous,test
CASR,parathyroid hormones and analogues,positive,train
CASR,cinacalcet,negative,train
CASP3,immunoglobulins,positive,validation
CASP3,celecoxib,positive,validation
CASP3,cisplatin,positive,train
CASP3,doxorubicin,positive,train
KLRC1,adalimumab,ambiguous,train
KLRC1,certolizumab pegol,ambiguous,train
KLRC1,etanercept,ambiguous,train
KLRC1,methotrexate,ambiguous,train
KLRC1,glucocorticoids,ambiguous,train
KLRC1,infliximab,ambiguous,validation
TDRD6,antipsychotics,negative,train
CELF4,anthracyclines and related substances,positive,validation
CELF4,iloperidone,positive,validation
PTPRN2,olanzapine,positive,train
GSK3B,citalopram,positive,validation
GSK3B,fluoxetine,positive,validation
GSK3B,lithium,ambiguous,validation
GSK3B,methotrexate,positive,train
ATP2A2,empagliflozin,positive,train
ATP2A2,celecoxib,positive,validation
SHC1,imatinib,positive,train
CHRM4,antipsychotics,positive,train
IL2RA,adalimumab,negative,train
IL2RA,tumor necrosis factor alpha (tnf-alpha) inhibitors,negative,validation
IL2RA,denileukin diftitox,positive,test
IL2RA,etanercept,negative,validation
IL2RA,infliximab,negative,train
TRPV1,cannabinoids,positive,train
TRPV1,botulinum toxin type a,ambiguous,train
TRPV1,acetaminophen,positive,validation
PCK1,metformin,ambiguous,train
CNPY4,tumor necrosis factor alpha (tnf-alpha) inhibitors,positive,train
GP1BA,platelet aggregation inhibitors excl. heparin,positive,train
GP1BA,aspirin,ambiguous,train
GP1BA,clopidogrel,negative,train
CHEK2,talazoparib,positive,test
MMP13,rivaroxaban,positive,train
TMEM43,cisplatin,positive,train
TMEM43,doxorubicin,positive,train
CCT3,bevacizumab,positive,train
CCT3,ranibizumab,positive,train
EIF4E2,carboplatin,positive,train
EIF4E2,paclitaxel,positive,train
PPP1R13L,platinum compounds,positive,train
PPP1R13L,cisplatin,positive,train
PPP1R13L,dexamethasone,negative,train
PPP1R13L,diphenhydramine,negative,train
PPP1R13L,doxorubicin,positive,train
PPP1R13L,gemcitabine,positive,train
PPP1R13L,paclitaxel,negative,validation
PPP1R13L,ranitidine,negative,train
NOS1AP,"sulfonamides, urea derivatives",positive,train
NOS1AP,diuretics,positive,train
NOS1AP,dihydropyridine derivatives,positive,test
NOS1AP,amiodarone,positive,train
NOS1AP,amlodipine,positive,train
NOS1AP,digoxin,positive,validation
NOS1AP,dolasetron,positive,train
NOS1AP,glimepiride,positive,train
NOS1AP,glipizide,positive,train
NOS1AP,glyburide,positive,train
NOS1AP,granisetron,positive,validation
NOS1AP,nifedipine,positive,train
NOS1AP,repaglinide,positive,train
NOS1AP,sotalol,positive,train
NOS1AP,verapamil,positive,test
PEBP4,methylphenidate,positive,validation
DHODH,leflunomide,ambiguous,train
OR52J2P,lithium,positive,validation
MOV10,atenolol,negative,train
SEPTIN3,endoxifen,positive,train
SEPTIN3,n-desmethyltamoxifen,positive,train
SEPTIN3,codeine,positive,train
SEPTIN3,dextromethorphan,positive,train
SEPTIN3,hydrocodone,positive,train
SEPTIN3,metoprolol,positive,train
SEPTIN3,oxycodone,positive,train
SEPTIN3,tramadol,positive,test
AGXT2,3-aminoisobutyrate,positive,train
BCOR,methotrexate,positive,train
RPTOR,everolimus,positive,validation
SULT2B1,anthracyclines and related substances,positive,train
SULT2B1,gemtuzumab ozogamicin,positive,train
SULT2B1,pregnenolone,positive,train
SULT2B1,cytarabine,positive,train
SULT2B1,daunorubicin,ambiguous,train
SULT2B1,doxorubicin,ambiguous,train
SULT2B1,fludarabine,positive,train
SULT2B1,idarubicin,positive,test
TXNRD2,selective serotonin reuptake inhibitors,positive,train
TXNRD2,methadone,positive,validation
TXNRD2,morphine,positive,train
TXNRD2,opioids,negative,test
CASP5,fentanyl,negative,train
GAPDHP64,adalimumab,negative,train
GAPDHP64,tumor necrosis factor alpha (tnf-alpha) inhibitors,negative,train
GAPDHP64,etanercept,negative,train
GAPDHP64,infliximab,negative,train
RUNX1,methacholine,positive,train
FAM178B,lithium,positive,test
EYS,hmg-coa reductase inhibitors,positive,train
EYS,"hmg coa reductase inhibitors, other combinations",positive,train
EPHA7,warfarin,positive,train
MIR582,quetiapine,positive,test
ARID4A,ethanol,positive,train
NRG3,cetuximab,positive,validation
NRG3,iloperidone,positive,validation
NRG3,panitumumab,positive,train
NRG3,carboplatin,positive,train
NRG3,paclitaxel,positive,train
NRG3,vincristine,positive,train
CNOT3,pegaspargase,negative,validation
CNOT3,l-asparagine,positive,train
FARS2,oxaliplatin,negative,test
TANC1,radiotherapy,positive,validation
TANC1,docetaxel,positive,validation
TANC1,paclitaxel,positive,train
TXNDC11,hydrochlorothiazide,ambiguous,test
IL27,adalimumab,positive,test
IGF2,platinum compounds,positive,train
MIR492,asparaginase,negative,train
MIR492,cyclophosphamide,negative,train
MIR492,cytarabine,negative,train
MIR492,daunorubicin,negative,train
MIR492,mercaptopurine,negative,train
MIR492,methotrexate,negative,train
MIR492,prednisone,negative,validation
MIR492,vincristine,negative,train
CETP,hmg-coa reductase inhibitors,ambiguous,validation
CETP,rosuvastatin,positive,train
CETP,atorvastatin,ambiguous,test
CETP,fenofibrate,negative,train
CETP,fluvastatin,positive,test
CETP,lovastatin,positive,train
CETP,pravastatin,ambiguous,train
CETP,simvastatin,ambiguous,test
APOA5,rosuvastatin,positive,train
APOA5,"antivirals for treatment of hiv infections, combinations",positive,train
APOA5,pegaspargase,positive,test
APOA5,atorvastatin,positive,validation
APOA5,fenofibrate,ambiguous,train
APOA5,lovastatin,positive,train
APOA5,simvastatin,positive,train
ZNRD1-AS1,carbamazepine,positive,validation
KYNU,pravastatin,negative,validation
MICB,peginterferon alfa-2a,positive,train
MICB,peginterferon alfa-2b,positive,validation
MICB,ribavirin,positive,validation
APLF,platinum compounds,positive,train
PTPN11,azacitidine,positive,validation
RPP30,escitalopram,positive,test
RPP30,paroxetine,positive,validation
RPP30,antidepressants,positive,train
KIF6,tenofovir,negative,train
KIF6,hmg-coa reductase inhibitors,negative,train
KIF6,rosuvastatin,positive,validation
KIF6,atorvastatin,ambiguous,test
KIF6,pravastatin,ambiguous,train
KIF6,simvastatin,ambiguous,train
SIRT2,gefitinib,positive,validation
SREBF1,hmg-coa reductase inhibitors,positive,train
SREBF1,atorvastatin,negative,train
SREBF1,fluvastatin,ambiguous,train
SREBF1,simvastatin,negative,train
H3-3A,dordaviprone,positive,train
UGT1A1,tenofovir,negative,train
UGT1A1,atazanavir,ambiguous,train
UGT1A1,fluorouracil,ambiguous,validation
UGT1A1,bevacizumab,negative,train
UGT1A1,oxaliplatin,ambiguous,train
UGT1A1,raltitrexed,ambiguous,train
UGT1A1,tranilast,positive,train
UGT1A1,hmg-coa reductase inhibitors,positive,train
UGT1A1,erlotinib,positive,train
UGT1A1,"antivirals for treatment of hiv infections, combinations",ambiguous,train
UGT1A1,drugs for treatment of tuberculosis,negative,train
UGT1A1,labetalol,positive,train
UGT1A1,arformoterol,positive,test
UGT1A1,mycophenolic acid,positive,train
UGT1A1,deferasirox,ambiguous,validation
UGT1A1,pegaspargase,positive,test
UGT1A1,ethambutol,negative,validation
UGT1A1,peginterferon alfa-2b,negative,train
UGT1A1,raltegravir,ambiguous,validation
UGT1A1,axitinib,ambiguous,train
UGT1A1,dabigatran,negative,validation
UGT1A1,sn-38,ambiguous,train
UGT1A1,tipifarnib,negative,train
UGT1A1,pazopanib,positive,validation
UGT1A1,nilotinib,positive,test
UGT1A1,indacaterol,positive,train
UGT1A1,desvenlafaxine,positive,validation
UGT1A1,fesoterodine,positive,train
UGT1A1,febuxostat,positive,train
UGT1A1,belinostat,ambiguous,train
UGT1A1,eltrombopag,positive,train
UGT1A1,acetaminophen glucuronide,positive,train
UGT1A1,abt-751,negative,train
UGT1A1,dolutegravir,ambiguous,train
UGT1A1,tegafur / gimeracil / oteracil,ambiguous,validation
UGT1A1,bilirubin,positive,train
UGT1A1,fiboflapon,negative,train
UGT1A1,selumetinib,negative,train
UGT1A1,5'-deoxy-5-fluorouridine,ambiguous,test
UGT1A1,morphine-3-glucuronide,negative,train
UGT1A1,mycophenolic acid glucuronide,positive,train
UGT1A1,binimetinib,positive,validation
UGT1A1,atazanavir / ritonavir,ambiguous,validation
UGT1A1,folfiri,ambiguous,train
UGT1A1,letermovir,ambiguous,train
UGT1A1,elexacaftor / tezacaftor / ivacaftor,positive,test
UGT1A1,raloxifene-4′-glucuronide,ambiguous,train
UGT1A1,raloxifene 6-glucuronide,positive,train
UGT1A1,sacituzumab govitecan,ambiguous,train
UGT1A1,folfirinox,positive,train
UGT1A1,atorvastatin lactone,positive,validation
UGT1A1,2-hydroxyatorvastatin lactone,positive,validation
UGT1A1,4-hydroxyatorvastatin lactone,positive,train
UGT1A1,cabotegravir / rilpivirine,positive,train
UGT1A1,imlunestrant,positive,train
UGT1A1,tecovirimat,positive,validation
UGT1A1,acetaminophen,ambiguous,validation
UGT1A1,allopurinol,positive,train
UGT1A1,atorvastatin,positive,validation
UGT1A1,bleomycin,negative,test
UGT1A1,capecitabine,positive,train
UGT1A1,carboplatin,positive,train
UGT1A1,carvedilol,ambiguous,train
UGT1A1,cisplatin,ambiguous,train
UGT1A1,clozapine,positive,train
UGT1A1,cyclophosphamide,ambiguous,train
UGT1A1,cytarabine,positive,validation
UGT1A1,daunorubicin,positive,train
UGT1A1,dexamethasone,positive,train
UGT1A1,doxorubicin,positive,train
UGT1A1,efavirenz,positive,train
UGT1A1,epirubicin,negative,train
UGT1A1,etoposide,ambiguous,train
UGT1A1,fentanyl,positive,train
UGT1A1,flurbiprofen,positive,train
UGT1A1,indinavir,ambiguous,train
UGT1A1,irinotecan,ambiguous,train
UGT1A1,isoniazid,negative,train
UGT1A1,ketamine,positive,train
UGT1A1,lamivudine,ambiguous,train
UGT1A1,leucovorin,ambiguous,validation
UGT1A1,levonorgestrel,negative,test
UGT1A1,losartan,positive,validation
UGT1A1,meperidine,positive,validation
UGT1A1,mercaptopurine,positive,train
UGT1A1,methotrexate,ambiguous,train
UGT1A1,metoprolol,negative,validation
UGT1A1,midazolam,positive,train
UGT1A1,morphine,ambiguous,validation
UGT1A1,moxifloxacin,positive,train
UGT1A1,olanzapine,ambiguous,validation
UGT1A1,ondansetron,positive,validation
UGT1A1,oxazepam,ambiguous,train
UGT1A1,pyrazinamide,negative,train
UGT1A1,raloxifene,positive,train
UGT1A1,ramipril,positive,validation
UGT1A1,ribavirin,negative,train
UGT1A1,rifampin,negative,train
UGT1A1,risperidone,positive,train
UGT1A1,ritonavir,ambiguous,validation
UGT1A1,thioguanine,positive,train
UGT1A1,topiramate,positive,train
UGT1A1,vincristine,positive,train
UGT1A1,warfarin,ambiguous,train
UGT1A1,zidovudine,ambiguous,train
UGT1A1,morphine-6-glucuronide,negative,train
UGT1A1,sorafenib,ambiguous,validation
TSC1,aspirin,positive,train
ARMS2,bevacizumab,ambiguous,train
ARMS2,ranibizumab,ambiguous,train
ARMS2,photodynamic therapy,negative,train
CHN2,fluorouracil,positive,test
ABCC8,"sulfonamides, urea derivatives",ambiguous,train
ABCC8,gliclazide,ambiguous,validation
ABCC8,drugs for treatment of tuberculosis,negative,test
ABCC8,gliquidone,negative,test
ABCC8,glimepiride,negative,train
ABCC8,glipizide,negative,validation
ABCC8,glyburide,ambiguous,train
ABCC8,metformin,positive,validation
ABCC8,tacrolimus,negative,train
CDK4,somatropin recombinant,positive,train
HYKK,varenicline,positive,train
PGK1,lamivudine,positive,test
OPCML,methylphenidate,positive,validation
MIR300,asparaginase,negative,train
MIR300,cyclophosphamide,negative,train
MIR300,cytarabine,negative,train
MIR300,daunorubicin,negative,train
MIR300,mercaptopurine,negative,validation
MIR300,methotrexate,negative,validation
MIR300,prednisone,negative,train
MIR300,vincristine,negative,train
METTL21A,citalopram,positive,validation
METTL21A,morphine,positive,train
METTL21A,antidepressants,positive,test
PLEKHA6,haloperidol,positive,validation
MIR133B,warfarin,negative,train
SPG7,anthracyclines and related substances,positive,test
SPG7,daunorubicin,negative,train
SPG7,docetaxel,positive,train
SPG7,doxorubicin,negative,test
SPG7,thalidomide,positive,train
CCNY,adalimumab,positive,train
HSPG2,haloperidol,positive,train
HSPG2,antipsychotics,positive,train
CXCL13,rituximab,positive,test
ADK,abacavir,positive,train
ADK,azathioprine,positive,train
HOTAIR,platinum compounds,ambiguous,train
IL4R,sunitinib,positive,train
IL4R,hepatitis vaccines,positive,train
IL4R,pitrakinra,positive,train
IMPDH1,calcineurin inhibitors,negative,validation
IMPDH1,mycophenolic acid,ambiguous,train
IMPDH1,methotrexate polyglutamate,positive,train
IMPDH1,azathioprine,positive,test
IMPDH1,cyclosporine,negative,validation
IMPDH1,mercaptopurine,positive,train
IMPDH1,methotrexate,positive,validation
IMPDH1,mycophenolate mofetil,ambiguous,validation
IMPDH1,tacrolimus,ambiguous,train
IMPDH1,thioguanine,positive,train
IL2,adalimumab,negative,test
IL2,tumor necrosis factor alpha (tnf-alpha) inhibitors,negative,train
IL2,cyclosporine,ambiguous,train
IL2,etanercept,negative,train
IL2,fentanyl,negative,test
IL2,morphine,positive,train
IL2,mycophenolate mofetil,negative,validation
IL2,rituximab,positive,train
IL2,tacrolimus,positive,validation
IL2,opioids,positive,train
IL2,infliximab,negative,train
NR1H4,rosuvastatin,negative,train
NR1H4,varenicline,negative,train
TAC1,oxaliplatin,negative,test
CYP4X1,fluorouracil,positive,train
CYP4X1,anthracyclines and related substances,positive,validation
CYP4X1,taxanes,positive,test
CYP4X1,cyclophosphamide,positive,validation
RAC1,azathioprine,positive,test
RAC1,purine analogues,positive,train
SELP,crizanlizumab-tmca,positive,test
SELP,clopidogrel,negative,train
TLR3,measles vaccines,positive,validation
TLR3,aspirin,positive,train
CACNA1S,rosuvastatin,positive,train
CACNA1S,desflurane,positive,train
CACNA1S,atorvastatin,positive,train
CACNA1S,caffeine,positive,test
CACNA1S,celecoxib,positive,train
CACNA1S,enflurane,positive,train
CACNA1S,halothane,positive,train
CACNA1S,isoflurane,positive,train
CACNA1S,methoxyflurane,positive,validation
CACNA1S,pravastatin,positive,test
CACNA1S,sevoflurane,positive,train
CACNA1S,simvastatin,positive,train
CACNA1S,succinylcholine,positive,train
GNA13,oxaliplatin,positive,train
GREM2,allopurinol,positive,train
SEMA5A,pembrolizumab,positive,test
SEMA5A,nivolumab,positive,train
SEMA5A,atezolizumab,positive,train
SEMA5A,avelumab,positive,validation
SEMA5A,durvalumab,positive,train
SEMA5A,ipilimumab,positive,train
GRIN3A,methadone,negative,validation
GRIN3A,nicotine,positive,test
MIR107,acetaminophen / tramadol,positive,test
COL1A2,daunorubicin,positive,train
COL1A2,doxorubicin,positive,train
BTK,ibrutinib,positive,train
BTK,pirtobrutinib,positive,validation
MSH2,fluorouracil,negative,train
MSH2,platinum compounds,negative,train
MSH2,radiotherapy,negative,validation
MSH2,cisplatin,positive,validation
MSH2,doxorubicin,positive,train
CMPK1,cisplatin,ambiguous,train
CMPK1,cytarabine,positive,test
CMPK1,gemcitabine,ambiguous,train
CMPK1,lamivudine,positive,train
CMPK1,paclitaxel,negative,train
MIR423,asparaginase,negative,test
MIR423,cyclophosphamide,negative,train
MIR423,cytarabine,negative,train
MIR423,daunorubicin,negative,train
MIR423,mercaptopurine,negative,train
MIR423,methotrexate,negative,train
MIR423,prednisone,negative,train
MIR423,vincristine,negative,train
EYA4,adalimumab,positive,validation
EYA4,tumor necrosis factor alpha (tnf-alpha) inhibitors,positive,train
EYA4,certolizumab pegol,positive,train
EYA4,etanercept,positive,train
EYA4,infliximab,positive,train
MIA3,vancomycin,negative,train
CCDC70,capecitabine,positive,train
CHL1,antidepressants,positive,test
FOXF2,antithyroid preparations,positive,train
CA12,celecoxib,positive,train
CA12,topiramate,positive,train
CA12,zonisamide,positive,validation
SLC6A3,antiemetics and antinauseants,positive,train
SLC6A3,selective serotonin reuptake inhibitors,negative,test
SLC6A3,ethanol,ambiguous,train
SLC6A3,amphetamine,positive,train
SLC6A3,buprenorphine,positive,train
SLC6A3,bupropion,negative,train
SLC6A3,clozapine,positive,validation
SLC6A3,cocaine,positive,validation
SLC6A3,disulfiram,positive,test
SLC6A3,haloperidol,positive,train
SLC6A3,levodopa,positive,train
SLC6A3,methadone,negative,train
SLC6A3,methylphenidate,ambiguous,train
SLC6A3,nicotine,ambiguous,train
SLC6A3,venlafaxine,negative,validation
SLC6A3,heroin,negative,train
CFH,bevacizumab,ambiguous,train
CFH,ranibizumab,ambiguous,validation
CFH,eculizumab,positive,test
CFH,photodynamic therapy,ambiguous,test
PTGS1,"antiinflammatory and antirheumatic products, non-steroids",positive,train
PTGS1,"antiinflammatory agents, non-steroids",positive,train
PTGS1,latanoprost,ambiguous,train
PTGS1,aspirin,ambiguous,train
PTGS1,celecoxib,positive,train
PTGS1,clopidogrel,positive,validation
PTGS1,ibuprofen,positive,train
PTGS1,ketoprofen,negative,test
PTGS1,rofecoxib,positive,test
FZD4,bevacizumab,negative,test
FZD4,ranibizumab,negative,train
BST1,"beta blocking agents, selective",positive,train
PRDM1,adalimumab,negative,train
PRDM1,tumor necrosis factor alpha (tnf-alpha) inhibitors,negative,train
PRDM1,etanercept,negative,validation
PRDM1,infliximab,negative,train
CYP3A5,aripiprazole,ambiguous,validation
CYP3A5,duloxetine,ambiguous,train
CYP3A5,escitalopram,ambiguous,train
CYP3A5,vardenafil,positive,validation
CYP3A5,voriconazole,ambiguous,train
CYP3A5,atazanavir,ambiguous,train
CYP3A5,imatinib,positive,test
CYP3A5,corticosteroids,negative,train
CYP3A5,bevacizumab,negative,train
CYP3A5,anthracyclines and related substances,positive,train
CYP3A5,oxaliplatin,negative,validation
CYP3A5,gefitinib,ambiguous,test
CYP3A5,hmg-coa reductase inhibitors,positive,train
CYP3A5,rosuvastatin,ambiguous,train
CYP3A5,erlotinib,positive,train
CYP3A5,pitavastatin,positive,test
CYP3A5,prasugrel,ambiguous,train
CYP3A5,sunitinib,ambiguous,train
CYP3A5,antihypertensives,positive,train
CYP3A5,dihydropyridine derivatives,positive,validation
CYP3A5,everolimus,ambiguous,train
CYP3A5,cilostazol,positive,train
CYP3A5,temsirolimus,ambiguous,train
CYP3A5,mycophenolic acid,positive,test
CYP3A5,praziquantel,negative,validation
CYP3A5,maraviroc,ambiguous,validation
CYP3A5,l-asparagine,positive,validation
CYP3A5,hydroxychloroquine,positive,train
CYP3A5,divalproex sodium,ambiguous,train
CYP3A5,axitinib,ambiguous,train
CYP3A5,dabigatran,positive,train
CYP3A5,tipifarnib,negative,test
CYP3A5,artemether,ambiguous,validation
CYP3A5,lumefantrine,ambiguous,train
CYP3A5,arteether,positive,train
CYP3A5,ticagrelor,negative,train
CYP3A5,ambrisentan,negative,test
CYP3A5,rivaroxaban,ambiguous,test
CYP3A5,cabazitaxel,positive,train
CYP3A5,dolutegravir,ambiguous,train
CYP3A5,lurbinectedin,positive,train
CYP3A5,endoxifen,negative,train
CYP3A5,n-desmethyltamoxifen,negative,test
CYP3A5,4-hydroxytamoxifen,negative,train
CYP3A5,edoxaban,ambiguous,train
CYP3A5,simvastatin acid,negative,test
CYP3A5,dihydroartemisinin,negative,train
CYP3A5,4-hydroxycyclophosphamide,positive,train
CYP3A5,1-hydroxymidazolam,negative,validation
CYP3A5,lenvatinib,positive,validation
CYP3A5,venetoclax,positive,test
CYP3A5,alectinib,negative,train
CYP3A5,rilpivirine,negative,test
CYP3A5,ar-c124910xx,negative,train
CYP3A5,apixaban,ambiguous,train
CYP3A5,4-beta-hydroxycholesterol,negative,train
CYP3A5,6beta-hydroxycortisol,negative,train
CYP3A5,s-eddp,positive,train
CYP3A5,avatrombopag,negative,test
CYP3A5,norfentanyl,negative,train
CYP3A5,fluticasone,positive,validation
CYP3A5,atazanavir / ritonavir,positive,train
CYP3A5,dextropropoxyphene,positive,train
CYP3A5,nordextropropoxyphene,negative,train
CYP3A5,desethyl hydroxychloroquine,positive,train
CYP3A5,perampanel,ambiguous,validation
CYP3A5,"3,4-dehydrocilostazol",positive,train
CYP3A5,norquetiapine,positive,train
CYP3A5,apatinib,positive,train
CYP3A5,naldemedine,positive,test
CYP3A5,desbutyl lumefantrine,positive,train
CYP3A5,beclomethasone dipropionate,positive,test
CYP3A5,isavuconazole,positive,test
CYP3A5,acetaminophen,ambiguous,train
CYP3A5,alfentanil,negative,train
CYP3A5,alprazolam,positive,validation
CYP3A5,amitriptyline,ambiguous,validation
CYP3A5,amlodipine,ambiguous,train
CYP3A5,amprenavir,negative,validation
CYP3A5,aspirin,negative,test
CYP3A5,atorvastatin,ambiguous,train
CYP3A5,beclomethasone,positive,train
CYP3A5,bisoprolol,ambiguous,train
CYP3A5,budesonide,positive,test
CYP3A5,bupropion,ambiguous,train
CYP3A5,buspirone,ambiguous,train
CYP3A5,capecitabine,negative,train
CYP3A5,carbamazepine,ambiguous,train
CYP3A5,carboplatin,positive,train
CYP3A5,cisplatin,negative,train
CYP3A5,citalopram,ambiguous,test
CYP3A5,clomipramine,positive,train
CYP3A5,clopidogrel,ambiguous,train
CYP3A5,clozapine,ambiguous,train
CYP3A5,cyclophosphamide,ambiguous,train
CYP3A5,cyclosporine,ambiguous,train
CYP3A5,diazepam,ambiguous,test
CYP3A5,docetaxel,ambiguous,train
CYP3A5,donepezil,negative,train
CYP3A5,efavirenz,ambiguous,train
CYP3A5,epirubicin,negative,train
CYP3A5,erythromycin,negative,train
CYP3A5,felodipine,positive,train
CYP3A5,fentanyl,ambiguous,test
CYP3A5,flecainide,positive,train
CYP3A5,fluconazole,positive,train
CYP3A5,fluoxetine,ambiguous,train
CYP3A5,fluticasone propionate,positive,train
CYP3A5,fluvastatin,ambiguous,train
CYP3A5,galantamine,negative,train
CYP3A5,gemcitabine,negative,validation
CYP3A5,granisetron,positive,train
CYP3A5,haloperidol,ambiguous,test
CYP3A5,ibuprofen,negative,validation
CYP3A5,irinotecan,negative,train
CYP3A5,itraconazole,positive,train
CYP3A5,ketoconazole,positive,test
CYP3A5,lamotrigine,ambiguous,train
CYP3A5,lopinavir,ambiguous,validation
CYP3A5,lovastatin,positive,train
CYP3A5,meperidine,positive,train
CYP3A5,methadone,ambiguous,validation
CYP3A5,midazolam,ambiguous,validation
CYP3A5,mirtazapine,ambiguous,validation
CYP3A5,modafinil,ambiguous,validation
CYP3A5,mometasone,positive,train
CYP3A5,mycophenolate mofetil,ambiguous,train
CYP3A5,nelfinavir,ambiguous,train
CYP3A5,nevirapine,ambiguous,train
CYP3A5,nicotine,negative,train
CYP3A5,nifedipine,positive,train
CYP3A5,nimodipine,positive,validation
CYP3A5,nortriptyline,ambiguous,train
CYP3A5,olanzapine,ambiguous,train
CYP3A5,ondansetron,positive,validation
CYP3A5,oxcarbazepine,ambiguous,train
CYP3A5,oxycodone,ambiguous,train
CYP3A5,paclitaxel,ambiguous,test
CYP3A5,paroxetine,ambiguous,train
CYP3A5,phenprocoumon,negative,train
CYP3A5,phenytoin,ambiguous,train
CYP3A5,pioglitazone,negative,train
CYP3A5,pravastatin,ambiguous,train
CYP3A5,prednisone,positive,test
CYP3A5,quetiapine,ambiguous,train
CYP3A5,risperidone,ambiguous,train
CYP3A5,ritonavir,ambiguous,validation
CYP3A5,saquinavir,negative,train
CYP3A5,sertraline,ambiguous,train
CYP3A5,sildenafil,negative,train
CYP3A5,simvastatin,ambiguous,train
CYP3A5,sirolimus,ambiguous,train
CYP3A5,sufentanil,ambiguous,train
CYP3A5,tacrolimus,ambiguous,test
CYP3A5,tamoxifen,ambiguous,test
CYP3A5,tamsulosin,negative,train
CYP3A5,testosterone,positive,train
CYP3A5,tramadol,negative,test
CYP3A5,trastuzumab,negative,train
CYP3A5,trazodone,ambiguous,train
CYP3A5,triazolam,positive,train
CYP3A5,valproic acid,ambiguous,train
CYP3A5,venlafaxine,ambiguous,test
CYP3A5,verapamil,negative,test
CYP3A5,vincristine,ambiguous,train
CYP3A5,vinorelbine,negative,train
CYP3A5,ziprasidone,ambiguous,validation
CYP3A5,opioids,ambiguous,train
CYP3A5,antineoplastic agents,ambiguous,train
CYP3A5,sorafenib,negative,train
RBFOX3,"ace inhibitors, plain",positive,validation
C5ORF22,asparaginase,negative,test
C5ORF22,cyclophosphamide,negative,train
C5ORF22,cytarabine,negative,train
C5ORF22,daunorubicin,negative,validation
C5ORF22,mercaptopurine,negative,validation
C5ORF22,methotrexate,negative,validation
C5ORF22,prednisone,negative,test
C5ORF22,vincristine,negative,train
NRP2,corticosteroids,negative,train
NRP2,daunorubicin,positive,train
NRP2,antineoplastic agents,negative,train
BLMH,bleomycin,positive,train
BLMH,cisplatin,positive,train
BLMH,etoposide,positive,train
HNMT,anthracyclines and related substances,positive,validation
HNMT,aspirin,ambiguous,train
HNMT,clozapine,positive,validation
HNMT,daunorubicin,ambiguous,train
HNMT,doxorubicin,ambiguous,test
PROCR,warfarin,negative,train
PROCR,hormonal contraceptives for systemic use,positive,train
FBN2,vincristine,positive,train
IFNGR2,tumor necrosis factor alpha (tnf-alpha) inhibitors,positive,test
USP36,gefitinib,positive,train
USP36,erlotinib,positive,test
GRIN2B,acamprosate,ambiguous,train
GRIN2B,clozapine,positive,train
GRIN2B,haloperidol,positive,train
GRIN2B,ketamine,negative,validation
GRIN2B,lithium,negative,train
GRIN2B,methylphenidate,positive,test
GRIN2B,quetiapine,positive,train
GRIN2B,risperidone,positive,train
GRIN2B,sevoflurane,positive,train
GRIN2B,valproic acid,positive,validation
TET2,hydrochlorothiazide,positive,train
PIN1,oxaliplatin,positive,train
PIN1,irinotecan,positive,train
ADRA1B,alpha-adrenoreceptor antagonists,positive,validation
ADRA1B,dopamine,positive,train
ADRA1B,doxazosin,positive,train
ADRA1B,epinephrine,positive,test
ADRA1B,isoproterenol,positive,train
ADRA1B,methoxamine,positive,train
ADRA1B,norepinephrine,positive,test
ADRA1B,phenoxybenzamine,positive,train
ADRA1B,phenylephrine,positive,test
ABCA1,rosuvastatin,positive,train
ABCA1,prasugrel,positive,train
ABCA1,atorvastatin,positive,test
ABCA1,clopidogrel,positive,train
ABCA1,daunorubicin,positive,train
ABCA1,doxorubicin,positive,train
ABCA1,fenofibrate,positive,test
ABCA1,pravastatin,positive,train
ABCA1,simvastatin,positive,validation
CYP2R1,calcidiol,positive,train
CYP2R1,peginterferon alfa-2b,positive,test
CYP2R1,ribavirin,positive,train
IL12RB2,regorafenib,positive,train
TBXT,flunisolide,positive,validation
IFNAR1,anifrolumab,positive,train
IFNAR1,glatiramer acetate,positive,test
IL1B,clodronate,positive,train
IL1B,almotriptan,negative,train
IL1B,eletriptan,negative,validation
IL1B,bisphosphonates,positive,train
IL1B,platinum compounds,ambiguous,train
IL1B,tumor necrosis factor alpha (tnf-alpha) inhibitors,positive,test
IL1B,frovatriptan,negative,train
IL1B,ustekinumab,positive,train
IL1B,aspirin,ambiguous,train
IL1B,diclofenac,negative,test
IL1B,etidronic acid,positive,train
IL1B,ibuprofen,negative,train
IL1B,indomethacin,negative,train
IL1B,ketorolac,negative,train
IL1B,lansoprazole,ambiguous,train
IL1B,metformin,positive,train
IL1B,morphine,positive,train
IL1B,naproxen,negative,validation
IL1B,omeprazole,ambiguous,train
IL1B,pantoprazole,negative,validation
IL1B,pravastatin,positive,train
IL1B,rabeprazole,ambiguous,validation
IL1B,risedronate,positive,train
IL1B,rizatriptan,negative,test
IL1B,sufentanil,negative,validation
IL1B,sumatriptan,negative,train
IL1B,tacrolimus,negative,train
IL1B,tiludronate,positive,train
IL1B,zolmitriptan,negative,train
IL1B,antipsychotics,positive,train
IL1B,opioids,positive,train
IL1B,infliximab,positive,train
C6ORF15,carboplatin,positive,train
C6ORF15,gemcitabine,positive,train
ARAF,sorafenib,positive,validation
MIR577,asparaginase,negative,validation
MIR577,cyclophosphamide,negative,validation
MIR577,cytarabine,negative,train
MIR577,daunorubicin,negative,test
MIR577,mercaptopurine,negative,train
MIR577,methotrexate,negative,train
MIR577,prednisone,negative,train
MIR577,vincristine,negative,train
LRRTM3,vincristine,positive,train
TPSAB1,cefaclor,positive,train
SLCO2B1,voriconazole,positive,train
SLCO2B1,hmg-coa reductase inhibitors,positive,train
SLCO2B1,rosuvastatin,ambiguous,validation
SLCO2B1,leukotriene receptor antagonists,positive,validation
SLCO2B1,abiraterone,positive,train
SLCO2B1,estrone sulfate,ambiguous,train
SLCO2B1,4-hydroxyatorvastatin,positive,train
SLCO2B1,4-hydroxyatorvastatin lactone,positive,train
SLCO2B1,atenolol,negative,train
SLCO2B1,atorvastatin,negative,train
SLCO2B1,chloroquine,positive,train
SLCO2B1,fexofenadine,positive,train
SLCO2B1,glyburide,negative,train
SLCO2B1,montelukast,ambiguous,train
SLCO2B1,nadolol,negative,train
SLCO2B1,primaquine,positive,train
SLCO2B1,simvastatin,positive,train
SLCO2B1,sulfasalazine,negative,train
SLCO2B1,tamoxifen,positive,validation
ACE2,atenolol,negative,train
ACE2,captopril,ambiguous,train
ACE2,hydrochlorothiazide,negative,train
ACE2,nifedipine,negative,train
TBX2,atenolol,positive,test
TNFRSF1B,adalimumab,positive,train
TNFRSF1B,tumor necrosis factor alpha (tnf-alpha) inhibitors,ambiguous,train
TNFRSF1B,ustekinumab,positive,train
TNFRSF1B,etanercept,positive,train
TNFRSF1B,rituximab,negative,train
TNFRSF1B,opioids,negative,train
TNFRSF1B,infliximab,positive,train
NME1,adefovir dipivoxil,positive,validation
NME1,tenofovir,positive,train
NME1,sofosbuvir,negative,train
NME1,daclatasvir,negative,validation
NME1,lamivudine,positive,validation
NME1,zidovudine,positive,validation
MEF2D,botulinum toxin type a,negative,train
MEF2D,metformin,positive,train
MTMR12,selective serotonin reuptake inhibitors,negative,validation
ESR2,lapatinib,positive,test
ESR2,everolimus,positive,train
ESR2,fulvestrant,positive,test
ESR2,goserelin,positive,train
ESR2,olaparib,positive,train
ESR2,ixabepilone,positive,train
ESR2,pertuzumab,positive,train
ESR2,neratinib,positive,train
ESR2,palbociclib,positive,train
ESR2,ribociclib,positive,train
ESR2,abemaciclib,positive,test
ESR2,eribulin,positive,train
ESR2,alpelisib,positive,validation
ESR2,trastuzumab deruxtecan,positive,test
ESR2,sacituzumab govitecan,positive,train
ESR2,capivasertib,positive,train
ESR2,inavolisib,positive,train
ESR2,alendronate,positive,train
ESR2,anastrozole,ambiguous,test
ESR2,docetaxel,positive,train
ESR2,exemestane,positive,train
ESR2,gemcitabine,positive,train
ESR2,leflunomide,negative,train
ESR2,letrozole,ambiguous,validation
ESR2,medroxyprogesterone,positive,train
ESR2,raloxifene,positive,validation
ESR2,tamoxifen,positive,test
ESR2,toremifene,positive,test
ESR2,trastuzumab,positive,train
GAA,alglucosidase alfa,positive,train
CYP4A11,diuretics,negative,train
CYP4A11,"ace inhibitors, plain",negative,train
CYP4A11,angiotensin ii antagonists,negative,test
CYP4A11,beta blocking agents,negative,test
CYP4A11,amiloride,ambiguous,train
CYP4A11,digoxin,negative,train
CYP4A11,exemestane,negative,validation
CYP4A11,spironolactone,ambiguous,validation
DCBLD1,cisplatin,positive,validation
DCBLD1,irinotecan,positive,train
HBG2,hydroxyurea,positive,test
PIGB,fluorouracil,ambiguous,test
PIGB,cyclophosphamide,ambiguous,validation
PIGB,docetaxel,negative,test
PIGB,epirubicin,ambiguous,test
AKT2,carboplatin,negative,train
AKT2,cisplatin,negative,train
SLC6A9,methamphetamine,positive,test
FOXA3,rosuvastatin,positive,test
SOST,alendronate,positive,train
TOMM40L,irinotecan,negative,train
TMEM131L,capecitabine,positive,validation
FASLG,platinum compounds,negative,test
FASLG,cisplatin,positive,train
FASLG,doxorubicin,positive,train
IL6R,adalimumab,negative,validation
IL6R,tumor necrosis factor alpha (tnf-alpha) inhibitors,negative,train
IL6R,tocilizumab,ambiguous,test
IL6R,sarilumab,positive,train
IL6R,satralizumab,positive,train
IL6R,etanercept,negative,train
IL6R,fentanyl,negative,test
IL6R,morphine,positive,validation
IL6R,tacrolimus,negative,test
IL6R,infliximab,negative,train
FCER2,corticosteroids,positive,train
FCER2,budesonide,positive,validation
HMGCR,hmg-coa reductase inhibitors,ambiguous,train
HMGCR,rosuvastatin,positive,train
HMGCR,pitavastatin,positive,train
HMGCR,atorvastatin,positive,test
HMGCR,cerivastatin,positive,train
HMGCR,fluvastatin,ambiguous,test
HMGCR,lovastatin,positive,train
HMGCR,pravastatin,ambiguous,train
HMGCR,simvastatin,positive,train
KHK,fructose,positive,train
TRIM5,carboplatin,positive,train
TRIM5,paclitaxel,positive,train
MAPK8,sorafenib,positive,train
PIK3R5,sorafenib,ambiguous,train
BMAL1,lithium,negative,train
CHRNB4,cotinine,positive,train
CHRNB4,nicotine,ambiguous,test
CAMK1D,hydrochlorothiazide,negative,train
CAMK1D,losartan,positive,validation
RARS1,cisplatin,positive,train
CYP4F11,aspirin,positive,train
CYP4F11,warfarin,ambiguous,train
SKOR2,perphenazine,positive,train
SPECC1L,caffeine,negative,train
SPECC1L,methotrexate,positive,train
THRA,aspirin,positive,train
THRA,lithium,ambiguous,validation
CNTN5,tumor necrosis factor alpha (tnf-alpha) inhibitors,positive,validation
SNX9,atenolol,positive,train
SNX9,metoprolol,positive,test
CDH2,radiotherapy,positive,train
CDH2,methadone,positive,test
CDH2,methotrexate,positive,train
CDH2,glucocorticoids,positive,train
OR52J3,lithium,positive,train
TAOK3,morphine,positive,train
TAOK3,opioids,positive,train
SLIT1,etoposide,positive,train
SLIT1,hydrochlorothiazide,positive,train
TXNRD1,vitamin c,positive,test
SLC1A4,antipsychotics,positive,train
PRDX4,docetaxel,positive,test
GRM6,methadone,negative,train
GABRQ,botulinum toxin type a,negative,train
GABRQ,venlafaxine,positive,train
SLCO1B1,bosentan,negative,train
SLCO1B1,atazanavir,ambiguous,train
SLCO1B1,ezetimibe,positive,train
SLCO1B1,fluorouracil,ambiguous,train
SLCO1B1,hmg-coa reductase inhibitors,ambiguous,train
SLCO1B1,rosuvastatin,ambiguous,train
SLCO1B1,pitavastatin,ambiguous,validation
SLCO1B1,atrasentan,positive,train
SLCO1B1,drugs for treatment of tuberculosis,positive,train
SLCO1B1,olmesartan,positive,test
SLCO1B1,goserelin,positive,train
SLCO1B1,mycophenolic acid,ambiguous,train
SLCO1B1,gemtuzumab ozogamicin,positive,validation
SLCO1B1,conjugated estrogens,ambiguous,validation
SLCO1B1,rocuronium,positive,train
SLCO1B1,ethambutol,positive,train
SLCO1B1,axitinib,negative,train
SLCO1B1,dabigatran,negative,train
SLCO1B1,sn-38,positive,validation
SLCO1B1,ticagrelor,ambiguous,train
SLCO1B1,glucarpidase,positive,validation
SLCO1B1,bilirubin,positive,train
SLCO1B1,pembrolizumab,positive,train
SLCO1B1,edoxaban,ambiguous,train
SLCO1B1,simvastatin acid,positive,train
SLCO1B1,nivolumab,positive,test
SLCO1B1,atezolizumab,positive,train
SLCO1B1,venetoclax,positive,train
SLCO1B1,ar-c124910xx,ambiguous,train
SLCO1B1,lovastatin acid,positive,validation
SLCO1B1,grazoprevir,ambiguous,validation
SLCO1B1,elbasvir / grazoprevir,negative,train
SLCO1B1,n-desmethylclozapine,positive,validation
SLCO1B1,avelumab,positive,train
SLCO1B1,durvalumab,positive,test
SLCO1B1,mirabegron,positive,train
SLCO1B1,elagolix,positive,train
SLCO1B1,atazanavir / ritonavir,positive,validation
SLCO1B1,ipilimumab,positive,validation
SLCO1B1,amlodipine / atorvastatin / perindopril arginine,positive,train
SLCO1B1,letermovir,ambiguous,test
SLCO1B1,ezetimibe / simvastatin,positive,test
SLCO1B1,ezetimibe / rosuvastatin,positive,train
SLCO1B1,estrone sulfate,positive,train
SLCO1B1,atorvastatin lactone,positive,train
SLCO1B1,2-hydroxyatorvastatin lactone,positive,test
SLCO1B1,2-hydroxyatorvastatin,positive,train
SLCO1B1,4-hydroxyatorvastatin,positive,train
SLCO1B1,4-hydroxyatorvastatin lactone,positive,train
SLCO1B1,viloxazine,positive,train
SLCO1B1,pitavastatin lactone,positive,validation
SLCO1B1,dulaglutide,positive,test
SLCO1B1,amprenavir,positive,test
SLCO1B1,atorvastatin,ambiguous,train
SLCO1B1,azathioprine,negative,validation
SLCO1B1,capecitabine,ambiguous,train
SLCO1B1,carvedilol,positive,train
SLCO1B1,cerivastatin,positive,test
SLCO1B1,cyclophosphamide,positive,train
SLCO1B1,cytarabine,positive,train
SLCO1B1,daunorubicin,positive,train
SLCO1B1,diltiazem,positive,train
SLCO1B1,docetaxel,positive,validation
SLCO1B1,doxorubicin,positive,train
SLCO1B1,efavirenz,negative,test
SLCO1B1,enalapril,ambiguous,train
SLCO1B1,epirubicin,positive,train
SLCO1B1,erythromycin,positive,train
SLCO1B1,estrone,positive,train
SLCO1B1,etoposide,positive,train
SLCO1B1,fenofibrate,positive,train
SLCO1B1,fludarabine,positive,train
SLCO1B1,fluoxetine,positive,train
SLCO1B1,fluvastatin,ambiguous,validation
SLCO1B1,furosemide,positive,validation
SLCO1B1,gemcitabine,positive,train
SLCO1B1,glucose,positive,train
SLCO1B1,idarubicin,positive,train
SLCO1B1,irinotecan,ambiguous,train
SLCO1B1,isoniazid,ambiguous,test
SLCO1B1,lansoprazole,positive,train
SLCO1B1,leucovorin,ambiguous,test
SLCO1B1,levothyroxine,positive,train
SLCO1B1,lopinavir,ambiguous,train
SLCO1B1,lorazepam,positive,train
SLCO1B1,lovastatin,ambiguous,train
SLCO1B1,mercaptopurine,ambiguous,validation
SLCO1B1,methotrexate,ambiguous,test
SLCO1B1,misoprostol,positive,test
SLCO1B1,mitoxantrone,positive,test
SLCO1B1,moxifloxacin,positive,train
SLCO1B1,mycophenolate mofetil,ambiguous,train
SLCO1B1,nateglinide,ambiguous,train
SLCO1B1,paclitaxel,positive,train
SLCO1B1,pioglitazone,negative,train
SLCO1B1,pravastatin,ambiguous,train
SLCO1B1,pyrazinamide,positive,test
SLCO1B1,ramipril,positive,train
SLCO1B1,repaglinide,ambiguous,train
SLCO1B1,rifampin,ambiguous,train
SLCO1B1,ritonavir,ambiguous,train
SLCO1B1,rosiglitazone,ambiguous,validation
SLCO1B1,saquinavir,negative,train
SLCO1B1,simvastatin,ambiguous,train
SLCO1B1,tacrolimus,ambiguous,train
SLCO1B1,tamoxifen,ambiguous,test
SLCO1B1,warfarin,positive,test
SLCO1B1,opioids,negative,train
SLCO1B1,sorafenib,positive,train
MIR595,methotrexate,negative,train
ALAS1,ethambutol,positive,train
ALAS1,isoniazid / pyrazinamide / rifampin,positive,train
NAT2,sulfamethoxazole / trimethoprim,ambiguous,test
NAT2,rosuvastatin,positive,train
NAT2,"antivirals for treatment of hiv infections, combinations",positive,train
NAT2,dipeptidyl peptidase 4 (dpp-4) inhibitors,positive,train
NAT2,drugs for treatment of tuberculosis,ambiguous,train
NAT2,platinum compounds,positive,train
NAT2,pyridoxal phosphate,negative,test
NAT2,pregabalin,positive,train
NAT2,sulfapyridine,positive,test
NAT2,rifapentine,positive,train
NAT2,ethambutol,ambiguous,train
NAT2,dolutegravir,negative,train
NAT2,daniquidone,positive,train
NAT2,dipyrone,positive,validation
NAT2,acetylisoniazid,positive,train
NAT2,solithromycin,positive,test
NAT2,hydralazine / isosorbide dinitrate,positive,train
NAT2,isoniazid / pyrazinamide / rifampin,ambiguous,train
NAT2,mirabegron,positive,train
NAT2,iguratimod,positive,train
NAT2,amifampridine phosphate,positive,train
NAT2,amifampridine,positive,train
NAT2,aspirin,positive,train
NAT2,caffeine,ambiguous,train
NAT2,cisplatin,ambiguous,train
NAT2,clonazepam,positive,train
NAT2,cyclophosphamide,ambiguous,train
NAT2,dapsone,negative,train
NAT2,diazepam,positive,validation
NAT2,docetaxel,positive,train
NAT2,efavirenz,ambiguous,train
NAT2,hydralazine,ambiguous,train
NAT2,irinotecan,positive,train
NAT2,isoniazid,ambiguous,validation
NAT2,levonorgestrel,ambiguous,test
NAT2,medroxyprogesterone,negative,test
NAT2,nevirapine,positive,test
NAT2,paclitaxel,positive,train
NAT2,phenytoin,positive,train
NAT2,procainamide,positive,train
NAT2,pyrazinamide,ambiguous,train
NAT2,rifampin,ambiguous,validation
NAT2,streptomycin,negative,train
NAT2,sulfamethazine,positive,test
NAT2,sulfamethoxazole,ambiguous,test
NAT2,sulfasalazine,ambiguous,validation
NAT2,thalidomide,positive,train
COCH,vincristine,positive,train
ITGA1,oxaliplatin,negative,test
TAS2R16,ethanol,ambiguous,train
TRPV3,botulinum toxin type a,negative,test
KIRREL2,losartan,positive,train
OPRK1,butorphanol,ambiguous,train
OPRK1,nalmefene,negative,train
OPRK1,tianeptine,negative,train
OPRK1,ethanol,ambiguous,train
OPRK1,buprenorphine,negative,train
OPRK1,cocaine,ambiguous,train
OPRK1,methadone,ambiguous,validation
OPRK1,morphine,ambiguous,train
OPRK1,naltrexone,negative,train
OPRK1,oxycodone,ambiguous,train
OPRK1,opioids,ambiguous,train
OPRK1,heroin,ambiguous,train
KANSL1,corticosteroids,negative,validation
KANSL1,vincristine,negative,train
SORCS1,exenatide,positive,train
SORCS1,glp-1 receptor agonists,positive,train
VAC14,docetaxel,positive,train
NHLH1,cisplatin,positive,test
UGT1A9,tenofovir,negative,train
UGT1A9,anthracyclines and related substances,positive,test
UGT1A9,entacapone,negative,train
UGT1A9,mycophenolic acid,ambiguous,train
UGT1A9,raltegravir,positive,test
UGT1A9,axitinib,positive,train
UGT1A9,sn-38,positive,train
UGT1A9,fesoterodine,positive,train
UGT1A9,febuxostat,positive,train
UGT1A9,acetaminophen glucuronide,positive,train
UGT1A9,mycophenolic acid glucuronide,positive,train
UGT1A9,cotinine glucuronide,positive,test
UGT1A9,n-desmethylclozapine,positive,train
UGT1A9,ertugliflozin,negative,train
UGT1A9,canagliflozin,negative,train
UGT1A9,acetaminophen,positive,train
UGT1A9,allopurinol,positive,validation
UGT1A9,aspirin,negative,train
UGT1A9,atorvastatin,positive,train
UGT1A9,azathioprine,negative,validation
UGT1A9,cisplatin,negative,train
UGT1A9,ibuprofen,positive,train
UGT1A9,irinotecan,ambiguous,train
UGT1A9,ketamine,positive,test
UGT1A9,methotrexate,ambiguous,train
UGT1A9,morphine,positive,train
UGT1A9,mycophenolate mofetil,ambiguous,train
UGT1A9,ondansetron,positive,test
UGT1A9,oxazepam,positive,train
UGT1A9,oxcarbazepine,positive,train
UGT1A9,phenobarbital,positive,train
UGT1A9,phenytoin,positive,test
UGT1A9,propofol,positive,train
UGT1A9,risperidone,positive,train
UGT1A9,simvastatin,positive,train
UGT1A9,sulfinpyrazone,positive,train
UGT1A9,tolcapone,negative,test
UGT1A9,topiramate,positive,train
UGT1A9,valproic acid,ambiguous,test
UGT1A9,sorafenib,positive,validation
SLC18A2,bupropion,positive,train
SLC18A2,citalopram,negative,train
SLC18A2,antipsychotics,positive,train
SLC18A2,opioids,positive,train
SIRPA,capecitabine,positive,validation
ADIPOQ,antihypertensives,positive,test
ADIPOQ,methyldopa,positive,test
ADIPOQ,hydralazine,positive,train
ADIPOQ,nifedipine,positive,validation
ADIPOQ,pioglitazone,ambiguous,test
ADIPOQ,antipsychotics,ambiguous,test
SEMA3C,irinotecan,positive,train
DTYMK,zidovudine,positive,test
P2RY12,prasugrel,positive,train
P2RY12,ticagrelor,positive,train
P2RY12,cangrelor,positive,train
P2RY12,aspirin,ambiguous,train
P2RY12,clopidogrel,ambiguous,train
P2RY12,cytarabine,positive,train
P2RY12,ticlopidine,positive,train
IGFBP3,fluorouracil,positive,train
IGFBP3,celecoxib,positive,train
IGFBP3,tamoxifen,negative,train
ATM,fluorouracil,positive,test
ATM,iodine (131i) compounds,positive,train
ATM,radiotherapy,positive,train
ATM,talazoparib,positive,train
ATM,cyclophosphamide,positive,train
ATM,doxorubicin,positive,train
ATM,metformin,ambiguous,validation
DDHD1,warfarin,positive,train
HRH4,"antiinflammatory agents, non-steroids",negative,validation
HRH4,risperidone,ambiguous,train
ZBTB22,aspirin,positive,test
KCNQ4,celecoxib,positive,train
FTO,"interferon alfa-2a, recombinant",positive,validation
FTO,"interferon alfa-2b, recombinant",positive,train
FTO,pd-1/pdl-1 (programmed cell death protein 1/death ligand 1) inhibitors,positive,train
FTO,ethanol,ambiguous,train
FTO,atenolol,positive,train
FTO,azathioprine,positive,test
FTO,hydrochlorothiazide,positive,validation
FTO,mercaptopurine,ambiguous,train
FTO,ribavirin,positive,validation
FTO,risperidone,negative,train
FTO,antipsychotics,negative,train
MAPK1,imatinib,positive,train
MAPK1,glyburide,positive,train
MAPK1,antidepressants,ambiguous,train
MAPK1,sorafenib,positive,train
SLC25A27,antipsychotics,negative,train
FBXL17,hydrochlorothiazide,positive,train
IL17RB,acamprosate,positive,train
ALDH3A1,fluorouracil,positive,train
ALDH3A1,carboplatin,positive,test
ALDH3A1,cyclophosphamide,positive,train
ALDH3A1,doxorubicin,positive,test
ALDH3A1,thiotepa,positive,validation
SNORD68,docetaxel,positive,validation
SNORD68,thalidomide,positive,validation
RXRA,rosuvastatin,positive,train
RXRA,varenicline,negative,train
RXRA,docetaxel,positive,train
CAPZA1,atenolol,negative,train
KLB,ethanol,positive,validation
MIR2054,capecitabine,positive,train
PPP1R1C,pravastatin,negative,test
HADHA,triheptanoin,positive,train
CCDC12,tenofovir,negative,train
AQP4,eculizumab,positive,test
AQP4,inebilizumab,positive,train
AQP4,satralizumab,positive,train
AQP4,ravulizumab,positive,train
POLG,aripiprazole,ambiguous,train
POLG,duloxetine,ambiguous,train
POLG,escitalopram,ambiguous,train
POLG,divalproex sodium,ambiguous,train
POLG,amitriptyline,ambiguous,train
POLG,bupropion,ambiguous,train
POLG,buspirone,ambiguous,train
POLG,carbamazepine,ambiguous,train
POLG,citalopram,ambiguous,train
POLG,diazepam,ambiguous,test
POLG,fluoxetine,ambiguous,train
POLG,lamotrigine,ambiguous,train
POLG,mercaptopurine,positive,test
POLG,methotrexate,positive,test
POLG,mirtazapine,ambiguous,train
POLG,modafinil,ambiguous,train
POLG,nortriptyline,ambiguous,train
POLG,olanzapine,ambiguous,train
POLG,oxcarbazepine,ambiguous,train
POLG,paroxetine,ambiguous,train
POLG,phenytoin,ambiguous,train
POLG,quetiapine,ambiguous,train
POLG,risperidone,ambiguous,train
POLG,sertraline,ambiguous,train
POLG,trazodone,ambiguous,train
POLG,valproic acid,ambiguous,train
POLG,venlafaxine,ambiguous,train
POLG,ziprasidone,ambiguous,train
CHUK,tumor necrosis factor alpha (tnf-alpha) inhibitors,positive,train
CHUK,ustekinumab,positive,train
FKBP5,escitalopram,positive,train
FKBP5,corticosteroids,positive,train
FKBP5,selective serotonin reuptake inhibitors,ambiguous,train
FKBP5,liothyronine,positive,train
FKBP5,bupropion,positive,test
FKBP5,citalopram,ambiguous,train
FKBP5,clomipramine,positive,validation
FKBP5,clozapine,positive,validation
FKBP5,fluoxetine,ambiguous,test
FKBP5,gemcitabine,positive,test
FKBP5,lithium,positive,train
FKBP5,mirtazapine,ambiguous,validation
FKBP5,nefazodone,positive,test
FKBP5,paroxetine,ambiguous,train
FKBP5,venlafaxine,ambiguous,train
FKBP5,antidepressants,ambiguous,validation
FKBP5,glucocorticoids,positive,train
IL17A,formoterol,positive,train
IL17A,tumor necrosis factor alpha (tnf-alpha) inhibitors,positive,validation
IL17A,omalizumab,positive,train
IL17A,fluticasone / salmeterol,positive,validation
IL17A,budesonide,positive,train
IL17A,opioids,positive,train
GAL,benzodiazepine derivatives,positive,train
GAL,selective serotonin reuptake inhibitors,positive,train
GAL,mirtazapine,positive,test
GAL,antidepressants,positive,train
GAL,opioids,positive,train
GAL,heroin,positive,train
ZMAT4,atenolol,positive,train
ZMAT4,metoprolol,positive,validation
CYP17A1,abiraterone,ambiguous,train
CYP17A1,paclitaxel,positive,test
CYP17A1,glucocorticoids,positive,train
SLCO1B7,bilirubin,positive,validation
DOCK8,carboplatin,positive,train
DOCK8,gemcitabine,positive,train
CASP9,adalimumab,positive,train
CASP9,azathioprine,positive,train
CASP9,celecoxib,positive,train
BSCL2,metreleptin,positive,test
SLC22A17,anthracyclines and related substances,positive,train
SLC22A17,daunorubicin,positive,test
SLC22A17,doxorubicin,positive,validation
ASL,sodium benzoate / sodium phenylacetate,positive,train
ASL,glycerol phenylbutyrate,positive,train
GRK3,opioids,negative,validation
MED12L,clopidogrel,ambiguous,train
MED12L,cytarabine,positive,train
UGT1A6,tenofovir,negative,train
UGT1A6,anthracyclines and related substances,positive,train
UGT1A6,oxaliplatin,ambiguous,train
UGT1A6,sn-38,positive,test
UGT1A6,fesoterodine,positive,validation
UGT1A6,febuxostat,positive,train
UGT1A6,acetaminophen glucuronide,positive,train
UGT1A6,tegafur / gimeracil / oteracil,ambiguous,train
UGT1A6,deferiprone,ambiguous,train
UGT1A6,n-desmethylclozapine,positive,test
UGT1A6,acetaminophen,positive,test
UGT1A6,allopurinol,positive,train
UGT1A6,aspirin,positive,validation
UGT1A6,atorvastatin,positive,train
UGT1A6,carbamazepine,negative,train
UGT1A6,daunorubicin,ambiguous,validation
UGT1A6,doxorubicin,ambiguous,train
UGT1A6,epirubicin,negative,train
UGT1A6,irinotecan,ambiguous,test
UGT1A6,ketamine,positive,train
UGT1A6,methotrexate,ambiguous,train
UGT1A6,morphine,positive,train
UGT1A6,ondansetron,positive,train
UGT1A6,oxcarbazepine,negative,validation
UGT1A6,paclitaxel,negative,validation
UGT1A6,phenobarbital,positive,test
UGT1A6,phenytoin,positive,train
UGT1A6,risperidone,positive,train
UGT1A6,topiramate,positive,train
UGT1A6,trastuzumab,negative,train
UGT1A6,valproic acid,ambiguous,train
MGAT4A,cetuximab,positive,validation
MGAT4A,bevacizumab,positive,train
MGAT4A,oxaliplatin,positive,train
MGAT4A,capecitabine,positive,train
CYP2A6,fluorouracil,positive,train
CYP2A6,oxaliplatin,ambiguous,train
CYP2A6,coumarin,positive,train
CYP2A6,drugs used in nicotine dependence,positive,train
CYP2A6,varenicline,ambiguous,train
CYP2A6,dabigatran,negative,test
CYP2A6,artemisinin,positive,validation
CYP2A6,artesunate,positive,train
CYP2A6,"1,7-dimethylxanthine",positive,train
CYP2A6,cotinine,positive,train
CYP2A6,tegafur / gimeracil / oteracil,ambiguous,train
CYP2A6,3-hydroxycotinine glucuronide,positive,validation
CYP2A6,3-hydroxycotinine,positive,train
CYP2A6,osimertinib,positive,test
CYP2A6,acetaminophen,positive,test
CYP2A6,bupropion,ambiguous,train
CYP2A6,caffeine,positive,train
CYP2A6,cyclophosphamide,positive,train
CYP2A6,dexmedetomidine,ambiguous,train
CYP2A6,docetaxel,positive,train
CYP2A6,efavirenz,ambiguous,train
CYP2A6,irinotecan,ambiguous,validation
CYP2A6,lamivudine,negative,train
CYP2A6,letrozole,positive,train
CYP2A6,methoxsalen,ambiguous,train
CYP2A6,metronidazole,ambiguous,train
CYP2A6,nevirapine,negative,train
CYP2A6,nicotine,ambiguous,test
CYP2A6,pilocarpine,positive,train
CYP2A6,valproic acid,positive,test
CYP2A6,warfarin,negative,train
CYP2A6,zidovudine,ambiguous,train
CYP2A6,tegafur,ambiguous,train
POLR2A,gemcitabine,ambiguous,train
RGS2,haloperidol,positive,test
RGS2,antipsychotics,positive,train
SLC2A1,platinum,positive,train
GSTM4,cisplatin,positive,validation
NUP62,gefitinib,positive,train
NUP62,erlotinib,positive,train
NUP62,afatinib,positive,train
GALNS,elosulfase alfa,positive,train
NOTCH2,odevixibat,positive,train
MIR23B,acetaminophen / tramadol,positive,train
MAPK4,sorafenib,positive,train
CHRNA1,hmg-coa reductase inhibitors,positive,validation
CHRNA1,eculizumab,positive,train
CHRNA1,efgartigimod alfa,positive,validation
CHRNA1,ravulizumab,positive,train
CHRNA1,rozanolixizumab,positive,train
CHRNA1,zilucoplan,positive,train
CHRNA1,nipocalimab,positive,train
TLR7,"interferon alfa-2a, recombinant",negative,train
TLR7,imiquimod,positive,train
GABRG2,"ace inhibitors, plain",positive,train
GABRG2,carbamazepine,negative,test
GABRG2,phenobarbital,negative,train
GABRG2,phenytoin,negative,train
GABRG2,valproic acid,negative,train
NOX3,levothyroxine,positive,validation
NOX3,methimazole,positive,test
NOX3,propylthiouracil,positive,train
DDX39B,abacavir,negative,train
COQ8B,immunoglobulins,positive,train
PDZRN3,irinotecan,positive,train
TNFRSF1A,adalimumab,ambiguous,validation
TNFRSF1A,tumor necrosis factor alpha (tnf-alpha) inhibitors,positive,test
TNFRSF1A,etanercept,ambiguous,test
TNFRSF1A,infliximab,ambiguous,test
RSRP1,adalimumab,negative,train
RSRP1,etanercept,negative,train
RSRP1,infliximab,negative,validation
APBB1IP,clopidogrel,positive,train
METTL14,drugs for treatment of tuberculosis,positive,train
STK11,metformin,positive,train
HADHB,triheptanoin,positive,validation
GRIA3,selective serotonin reuptake inhibitors,positive,train
GRIA3,citalopram,positive,train
GRIA3,venlafaxine,positive,train
GRIA3,antidepressants,positive,train
ROS1,crizotinib,positive,train
ROS1,lorlatinib,positive,train
ROS1,entrectinib,positive,train
ROS1,cemiplimab-rwlc,positive,train
ROS1,repotrectinib,positive,test
ROS1,taletrectinib,positive,train
CPS1,antiepileptics,positive,train
CPS1,sodium phenylbutyrate,positive,train
CPS1,sodium benzoate / sodium phenylacetate,positive,train
CPS1,glycerol phenylbutyrate,positive,train
CPS1,methionine,positive,train
CPS1,valproic acid,positive,validation
PDE4B,apremilast,positive,train
PDE4B,ethanol,positive,train
PDE4B,gemcitabine,negative,validation
PDE4B,paclitaxel,negative,train
PDE4B,ritodrine,positive,train
CCN4,platinum compounds,positive,train
BCL2L11,imatinib,positive,train
BCL2L11,corticosteroids,ambiguous,validation
BCL2L11,dexamethasone,positive,train
BCL2L11,antineoplastic agents,negative,train
BLK,adalimumab,negative,train
BLK,tumor necrosis factor alpha (tnf-alpha) inhibitors,negative,train
BLK,etanercept,negative,train
BLK,infliximab,negative,train
SYNE2,vincristine,positive,test
SLC30A8,insulin recombinant,positive,train
SLC30A8,metformin,negative,train
SLC30A8,repaglinide,positive,train
SLC30A8,zinc acetate,positive,train
PLAGL1,olanzapine,positive,train
GABRA2,norclobazam,positive,train
GABRA2,cocaine,positive,validation
GABRA2,dexmedetomidine,positive,train
GABRA2,propofol,positive,train
GABRA2,sevoflurane,positive,train
CHRNA7,eculizumab,positive,train
CHRNA7,efgartigimod alfa,positive,train
CHRNA7,ravulizumab,positive,train
CHRNA7,rozanolixizumab,positive,validation
CHRNA7,zilucoplan,positive,train
CHRNA7,nipocalimab,positive,train
CHRNA7,donepezil,positive,validation
CHRNA7,galantamine,positive,train
CHRNA7,nicotine,ambiguous,train
CHRNA7,rivastigmine,positive,train
PSPH,methionine,positive,train
CUX1,antidepressants,positive,train
CXCR4,bevacizumab,positive,validation
CXCR4,mavorixafor,positive,train
TAAR6,aripiprazole,positive,train
TAAR6,corticosteroids,positive,train
CAMK2N1,oxaliplatin,negative,train
SP1,metformin,ambiguous,test
POMT2,dichloroacetic acid,positive,train
SLC22A8,pemetrexed,positive,train
SLC22A8,hmg-coa reductase inhibitors,positive,train
SLC22A8,cefotaxime,positive,train
SLC22A8,lansoprazole,positive,train
SLC22A8,methotrexate,positive,train
SLC22A8,omeprazole,positive,test
SLC22A8,pantoprazole,positive,train
SLC22A8,risperidone,negative,train
SLC22A8,zidovudine,positive,train
MAPT,corticosteroids,negative,train
MAPT,vincristine,negative,train
CNTF,iloperidone,positive,train
CORO7,methylphenidate,positive,train
IGF2-AS,platinum compounds,positive,train
ETS2,carboplatin,positive,train
ETS2,gemcitabine,positive,test
ETS2,paclitaxel,positive,train
HTRA1,bevacizumab,ambiguous,train
HTRA1,ranibizumab,ambiguous,train
MAOA,nicotine,positive,train
MAOA,primaquine,positive,train
MAOA,rizatriptan,negative,test
MAOA,antidepressants,positive,test
ADAMTS14,pravastatin,negative,train
C5,eculizumab,positive,train
VTI1A,vincristine,positive,train
CYB5R1,rasburicase,positive,train
CYB5R1,isosorbide dinitrate,positive,train
CYB5R1,isosorbide mononitrate,positive,validation
CYB5R1,metoclopramide,positive,train
CYB5R1,primaquine,positive,train
CFI,ranibizumab,negative,train
PROS1,drospirenone / ethinyl estradiol,positive,train
PROS1,ethinyl estradiol / norelgestromin,positive,train
PROS1,avatrombopag,positive,train
PROS1,lusutrombopag,positive,train
PROS1,estradiol / progesterone,positive,train
PROS1,"synthetic conjugated estrogens, a",positive,train
PROS1,relugolix / estradiol / norethindrone acetate,positive,train
PROS1,warfarin,positive,validation
AGAP1,risperidone,positive,train
NPIPB8,desmethylnaproxen,positive,train
NPIPB8,tapentadol,positive,train
NPIPB8,acetaminophen,positive,validation
SLC35F4,chop,positive,train
SLC35F4,rituximab,positive,test
ITGAL,verapamil,positive,train
ABCC10,tenofovir,positive,test
ABCC10,drugs for treatment of tuberculosis,negative,train
ABCC10,tenofovir disoproxil fumarate,ambiguous,train
ABCC10,daunorubicin,positive,train
ABCC10,docetaxel,positive,train
ABCC10,doxorubicin,positive,train
ABCC10,nevirapine,ambiguous,train
ABCC10,vincristine,positive,train
SH2D1A,emapalumab,positive,train
OSMR,selective serotonin reuptake inhibitors,negative,validation
OSMR,radiotherapy,positive,test
CPPED1,fentanyl,positive,train
EPO,bevacizumab,negative,train
EPO,cisplatin,negative,train
WBP2NL,endoxifen,ambiguous,train
WBP2NL,n-desmethyltamoxifen,negative,train
WBP2NL,4-hydroxytamoxifen,negative,test
WBP2NL,codeine,positive,train
WBP2NL,dexmedetomidine,positive,train
WBP2NL,dextromethorphan,ambiguous,train
WBP2NL,hydrocodone,positive,test
WBP2NL,oxycodone,positive,train
WBP2NL,risperidone,positive,validation
WBP2NL,tamoxifen,negative,train
WBP2NL,tramadol,positive,validation
OASL,peginterferon alfa-2b,positive,train
OASL,ribavirin,positive,validation
RARA,arsenic trioxide,positive,test
RARA,tretinoin,positive,train
GRIN3B,methadone,negative,validation
NTNG1,allopurinol,positive,train
GABRA6,selective serotonin reuptake inhibitors,positive,train
GABRA6,carbamazepine,negative,test
GABRA6,phenobarbital,negative,train
GABRA6,phenytoin,negative,train
GABRA6,valproic acid,negative,train
GABRA6,venlafaxine,positive,train
GABRA6,antidepressants,positive,train
BGLAP,dexamethasone,negative,train
PLCE1,hydrochlorothiazide,positive,validation
DPYS,fluorouracil,ambiguous,train
DPYS,folfox,negative,train
DPYS,folfiri,negative,train
DPYS,folfirinox,negative,validation
DPYS,atenolol,positive,test
DPYS,capecitabine,ambiguous,validation
CCDC148,anastrozole,positive,train
CCDC148,exemestane,positive,train
CCDC148,letrozole,positive,train
AKR1C3,antiandrogens,positive,train
AKR1C3,abiraterone,negative,validation
AKR1C3,daunorubicin,positive,train
AKR1C3,docetaxel,positive,train
AKR1C3,doxorubicin,positive,train
AKR1C3,exemestane,positive,train
AKR1C3,antineoplastic agents,positive,train
PYGL,asparaginase,positive,train
PYGL,dexamethasone,positive,test
PYGL,methotrexate,positive,train
TYMP,fluorouracil,ambiguous,train
TYMP,bevacizumab,negative,test
TYMP,oxaliplatin,negative,validation
TYMP,capecitabine,ambiguous,train
TYMP,cisplatin,negative,train
TYMP,docetaxel,negative,test
TYMP,epirubicin,negative,validation
TYMP,trastuzumab,negative,test
SLC17A4,losartan e-3174,positive,test
SLC17A4,losartan,positive,train
DDX20,asparaginase,negative,train
DDX20,cyclophosphamide,negative,train
DDX20,cytarabine,negative,train
DDX20,daunorubicin,negative,train
DDX20,mercaptopurine,negative,test
DDX20,methotrexate,negative,train
DDX20,prednisone,negative,train
DDX20,vincristine,negative,train
FAT1,aripiprazole,negative,validation
FAT1,capecitabine,positive,train
AADAC,eslicarbazepine acetate,positive,train
AADAC,dolutegravir,positive,train
AADAC,rifampin,ambiguous,train
CAPN10,metformin,positive,train
CAPN10,tacrolimus,positive,train
ARAP2,tumor necrosis factor alpha (tnf-alpha) inhibitors,positive,train
ZNF697,interferon beta-1a,positive,validation
ZNF697,interferon beta-1b,positive,train
EPM2AIP1,dacarbazine,positive,train
EPM2AIP1,procarbazine,positive,validation
ATG16L1,adalimumab,positive,train
ATG16L1,methotrexate polyglutamate,positive,train
BRD2,selective serotonin reuptake inhibitors,negative,train
KNG1,hormonal contraceptives for systemic use,positive,train
XRCC4,fluorouracil,ambiguous,train
XRCC4,platinum compounds,ambiguous,validation
XRCC4,radiotherapy,ambiguous,test
XRCC4,docetaxel,positive,train
ITLN2,metformin,positive,train
SLC22A5,imatinib,ambiguous,test
SLC22A5,sunitinib,positive,validation
UBE2I,cisplatin,positive,validation
UBE2I,irinotecan,positive,train
PTGER4,adalimumab,positive,train
PTGER4,celecoxib,positive,train
NTS,haloperidol,positive,test
HLA-DRB5,clavulanate,positive,train
HLA-DRB5,cefaclor,positive,validation
HLA-DRB5,epidermal growth factor receptor (egfr) tyrosine kinase inhibitors,positive,train
HLA-DRB5,amoxicillin,positive,train
HLA-DRB5,clozapine,positive,train
CALCA,botulinum toxin type a,positive,train
CALCA,fentanyl,positive,train
NTRK2,larotrectinib,positive,train
NTRK2,entrectinib,positive,train
NTRK2,repotrectinib,positive,validation
NTRK2,clozapine,positive,train
NTRK2,lithium,ambiguous,train
NTRK2,methadone,positive,test
NTRK2,valproic acid,negative,train
NTRK2,antidepressants,ambiguous,validation
ARSA,methylphenidate,positive,train
IMPA2,lithium,negative,train
ADORA2A,corticosteroids,positive,test
ADORA2A,regadenoson,negative,test
ADORA2A,adenosine,negative,train
ADORA2A,caffeine,ambiguous,train
ADORA2A,levodopa,positive,train
ADORA2A,methotrexate,ambiguous,train
ADORA2A,antineoplastic agents,positive,train
ADIPOR2,metformin,positive,validation
ETFRF1,fluorouracil,negative,train
ETFRF1,irinotecan,negative,train
UGT2B17,vorinostat,positive,test
UGT2B17,belzutifan,positive,test
UGT2B17,diclofenac,positive,train
UGT2B17,exemestane,ambiguous,train
UGT2B17,ibuprofen,positive,train
MSH5,carboplatin,positive,train
MSH5,gemcitabine,positive,train
PICK1,methamphetamine,positive,train
NFKBIB,gefitinib,ambiguous,train
ITGA9,pravastatin,negative,train
NUDT15,8-oxo-dgtp,negative,train
NUDT15,thioguanosine triphosphate,negative,test
NUDT15,deoxy-thioguanosine triphosphate,negative,test
NUDT15,azathioprine,ambiguous,train
NUDT15,mercaptopurine,ambiguous,test
NUDT15,thioguanine,ambiguous,train
NUDT15,purine analogues,positive,train
CD40,adalimumab,negative,train
CD40,tumor necrosis factor alpha (tnf-alpha) inhibitors,negative,test
CD40,etanercept,negative,train
CD40,prednisolone,positive,test
CD40,infliximab,negative,train
SIK3,hmg-coa reductase inhibitors,positive,train
SIK3,"antivirals for treatment of hiv infections, combinations",positive,train
HSP90AB1,bevacizumab,positive,test
PPCDC,zoledronate,positive,validation
PPCDC,fec100,positive,train
PPCDC,docetaxel,positive,train
PPCDC,gemcitabine,positive,train
PPCDC,trastuzumab,positive,test
ZMIZ1,capecitabine,positive,train
CHST1,imatinib,positive,train
NEIL1,fluorouracil,negative,train
NEIL1,platinum compounds,negative,train
NEIL1,radiotherapy,negative,train
ERCC2,fluorouracil,ambiguous,test
ERCC2,bevacizumab,ambiguous,train
ERCC2,oxaliplatin,ambiguous,train
ERCC2,platinum,positive,train
ERCC2,platinum compounds,ambiguous,train
ERCC2,radiotherapy,ambiguous,train
ERCC2,bleomycin,ambiguous,validation
ERCC2,capecitabine,ambiguous,train
ERCC2,carboplatin,negative,train
ERCC2,cisplatin,ambiguous,validation
ERCC2,cyclophosphamide,ambiguous,train
ERCC2,docetaxel,ambiguous,train
ERCC2,doxorubicin,positive,train
ERCC2,epirubicin,ambiguous,test
ERCC2,etoposide,ambiguous,validation
ERCC2,gemcitabine,ambiguous,train
ERCC2,ifosfamide,positive,test
ERCC2,leucovorin,ambiguous,validation
ERCC2,methotrexate,positive,train
ERCC2,paclitaxel,ambiguous,train
ERCC2,trastuzumab,ambiguous,train
DVL2,gefitinib,positive,train
DVL2,erlotinib,positive,train
DVL2,afatinib,positive,train
GLRB,acamprosate,negative,validation
PPARD,fluorouracil,ambiguous,train
PPARD,capecitabine,positive,train
PPARD,cisplatin,positive,test
PPARD,docetaxel,positive,train
PPARD,irinotecan,negative,train
PPARD,leucovorin,negative,train
PPARD,thalidomide,positive,train
XIRP2,atenolol,ambiguous,test
APOB,pitavastatin,positive,train
APOB,dabigatran,positive,train
APOB,rivaroxaban,positive,train
APOB,lomitapide,positive,train
APOB,edoxaban,positive,train
APOB,apixaban,positive,train
APOB,inclisiran,positive,test
APOB,fenofibrate,positive,train
APOB,irbesartan,positive,train
APOB,warfarin,ambiguous,train
TCF20,endoxifen,positive,train
TCF20,n-desmethyltamoxifen,positive,test
TCF20,dextrorphan,positive,test
TCF20,dextromethorphan,positive,train
NELL1,hydrochlorothiazide,positive,validation
NFKB2,gefitinib,negative,validation
HMOX1,drugs for treatment of tuberculosis,positive,test
SLC22A16,fluorouracil,positive,train
SLC22A16,doxorubicinol,positive,train
SLC22A16,cyclophosphamide,ambiguous,train
SLC22A16,doxorubicin,ambiguous,train
PROM1,fluorouracil,negative,test
PROM1,bevacizumab,negative,validation
PROM1,oxaliplatin,negative,train
SERPINC1,drospirenone / ethinyl estradiol,positive,train
SERPINC1,ethinyl estradiol / norelgestromin,positive,train
SERPINC1,eltrombopag,positive,test
SERPINC1,avatrombopag,positive,validation
SERPINC1,lusutrombopag,positive,test
SERPINC1,estradiol / progesterone,positive,train
SERPINC1,"synthetic conjugated estrogens, a",positive,train
SERPINC1,relugolix / estradiol / norethindrone acetate,positive,train
SERPINC1,carboplatin,positive,train
SERPINC1,gemcitabine,positive,train
JAK1,methotrexate,negative,train
SMDT1,dextromethorphan,positive,train
KMT2E,duloxetine,positive,train
CBS,bortezomib,positive,train
CBS,arsenic compounds,positive,train
CBS,betaine,positive,test
CBS,methionine,positive,train
MTRR,"vitamin b-complex, plain",positive,test
MTRR,capecitabine,negative,train
MTRR,folic acid,positive,train
MTRR,irinotecan,negative,train
MTRR,leucovorin,positive,train
MTRR,methotrexate,ambiguous,train
MTRR,sevoflurane,positive,test
MTRR,tegafur,positive,train
CCNK,fluorouracil,positive,test
CCNK,cyclophosphamide,positive,train
CCNK,epirubicin,positive,train
FBXW12,losartan e-3174,positive,train
FBXW12,losartan,positive,train
CFLAR,allopurinol,positive,train
SMAD7,fluorouracil,negative,test
SMAD7,oxaliplatin,negative,train
SMAD7,folfox,positive,train
SMAD7,capecitabine,positive,train
SMAD7,irinotecan,negative,validation
SMAD7,tegafur,positive,train
PTGES,celecoxib,positive,train
ATF3,selective serotonin reuptake inhibitors,negative,test
KCNJ6,analgesics,positive,test
KCNJ6,fentanyl,positive,train
KCNJ6,methadone,positive,train
KCNJ6,morphine,ambiguous,validation
KCNJ6,oxycodone,negative,test
KCNJ6,remifentanil,ambiguous,validation
KCNJ6,opioids,ambiguous,train
ACP1,corticosteroids,positive,train
SLC31A1,platinum compounds,ambiguous,train
SLC31A1,carboplatin,positive,train
SLC31A1,cisplatin,ambiguous,train
CDH23,methylphenidate,positive,train
MKI67,abemaciclib,positive,train
AKAP13,haloperidol,positive,train
CARD8,etanercept,positive,test
CARD8,infliximab,positive,train
HSPA1L,ethambutol,negative,train
HSPA1L,abacavir,negative,validation
HSPA1L,carbamazepine,positive,validation
HSPA1L,isoniazid,negative,test
HSPA1L,pyrazinamide,negative,train
HSPA1L,rifampin,negative,test
HSPA1L,streptomycin,negative,train
RET,imatinib,negative,train
RET,sunitinib,ambiguous,train
RET,cabozantinib,positive,train
RET,vandetanib,positive,validation
RET,selpercatinib,positive,train
RET,pralsetinib,positive,train
RET,sorafenib,positive,train
MAPK13,sorafenib,positive,train
CYP39A1,antipsychotics,negative,train
ACOT7,corticosteroids,positive,train
MRPL47,vincristine,positive,test
SLC47A1,"sulfonamides, urea derivatives",positive,train
SLC47A1,platinum compounds,negative,train
SLC47A1,tipiracil hydrochloride,negative,train
SLC47A1,metformin,ambiguous,train
SLC47A1,trifluridine,negative,test
SLC47A1,trimethoprim,positive,train
MGMT,temozolomide,positive,train
CXCL12,bevacizumab,negative,train
CXCL12,alemtuzumab,positive,train
CXCL12,chlorambucil,positive,train
CXCL12,cyclophosphamide,positive,train
CXCL12,fludarabine,positive,train
CXCL12,prednisone,positive,train
CXCL12,rituximab,positive,train
CXCL12,vincristine,positive,train
CACNA1I,celecoxib,positive,train
CACNA1I,ethosuximide,positive,validation
MTRF1L,antidepressants,positive,train
PURA,methylphenidate,positive,validation
SSTR2,lutetium (177lu) dotatate,positive,train
KCNMA1,"ace inhibitors, plain",positive,train
KCNMA1,dexmedetomidine,positive,train
KCNMA1,quetiapine,positive,train
SLC22A7,capecitabine,positive,train
SLC22A7,daunorubicin,positive,test
SLC22A7,diclofenac,positive,train
SLC22A7,doxorubicin,positive,validation
SLC22A7,zidovudine,positive,train
LAG3,nivolumab / relatlimab,positive,train
MMP16,angiotensin ii antagonists,positive,train
ZNF568,opioids,positive,validation
CD19,blinatumomab,positive,train
BRCA2,olaparib,positive,train
BRCA2,niraparib,positive,train
BRCA2,rucaparib,positive,train
BRCA2,talazoparib,positive,train
BRCA2,sacituzumab govitecan,positive,train
IL12A,ustekinumab,positive,train
IL12A,mycophenolate mofetil,positive,train
APOA1,fenofibrate,ambiguous,test
APOA1,pravastatin,negative,train
NT5C2,peginterferon alfa-2a,positive,train
NT5C2,cytarabine,positive,validation
NT5C2,didanosine,positive,train
NT5C2,gemcitabine,ambiguous,train
NT5C2,mercaptopurine,positive,train
NOTCH4,allopurinol,positive,train
ABL1,imatinib,positive,train
ABL1,dasatinib,positive,train
ABL1,nilotinib,positive,validation
ABL1,ponatinib,positive,validation
ABL1,bosutinib,positive,test
ABL1,omacetaxine,positive,train
ABL1,blinatumomab,positive,train
ABL1,inotuzumab ozogamicin,positive,train
ABL1,asciminib,positive,train
ABL1,busulfan,positive,train
ABL1,vincristine,positive,test
CUX2,rifampin,positive,train
ARRB2,buprenorphine,positive,train
ARRB2,cocaine,negative,train
ARRB2,fentanyl,positive,train
ARRB2,methadone,ambiguous,test
ARRB2,methamphetamine,positive,train
ARRB2,nicotine,ambiguous,train
ARRB2,tramadol,positive,test
ARRB2,opioids,negative,test
ABCB4,imatinib,positive,train
ABCB4,anthracyclines and related substances,positive,validation
ABCB4,maralixibat,positive,train
ABCB4,odevixibat,positive,test
ABCB4,daunorubicin,negative,validation
ABCB4,doxorubicin,negative,train
ANKS1B,corticosteroids,negative,train
ANKS1B,amisulpride,positive,train
ANKS1B,ethanol,positive,train
ANKS1B,methamphetamine,positive,test
ANKS1B,heroin,positive,train
ANKS1B,antineoplastic agents,negative,test
PKLR,bisphosphonates,positive,train
PKLR,mitapivat,positive,test
PKLR,metformin,positive,train
CNTNAP2,diuretics,negative,train
CNTNAP2,"thiazides, plain",negative,train
CNTNAP2,hydrochlorothiazide,negative,validation
F7,phenprocoumon,negative,train
F7,warfarin,ambiguous,validation
C6,tacrolimus,ambiguous,train
SHMT1,fluorouracil,ambiguous,train
SHMT1,bevacizumab,positive,train
SHMT1,hydroxychloroquine,negative,test
SHMT1,capecitabine,negative,test
SHMT1,folic acid,negative,train
SHMT1,irinotecan,positive,train
SHMT1,leucovorin,positive,train
SHMT1,mercaptopurine,negative,train
SHMT1,methotrexate,ambiguous,train
SHMT1,sulfasalazine,negative,test
MEG3,platinum compounds,ambiguous,test
MEG3,radiotherapy,ambiguous,train
MIR618,asparaginase,negative,train
MIR618,cyclophosphamide,negative,train
MIR618,cytarabine,negative,train
MIR618,daunorubicin,negative,train
MIR618,mercaptopurine,negative,validation
MIR618,methotrexate,negative,train
MIR618,prednisone,negative,train
MIR618,vincristine,negative,train
PTPRD,antihypertensives,positive,test
PTPRD,pioglitazone,positive,train
PTPRD,trandolapril,positive,train
PTPRD,verapamil,positive,train
ETV6,"ace inhibitors, plain",positive,train
COQ3,hmg-coa reductase inhibitors,positive,test
FARP1,tenofovir,negative,test
PAPPA2,salbutamol,positive,train
DPP4,dipeptidyl peptidase 4 (dpp-4) inhibitors,positive,test
DPP4,sitagliptin,positive,train
DPP4,peginterferon alfa-2a,negative,train
DPP4,peginterferon alfa-2b,negative,train
DPP4,vildagliptin,positive,train
DPP4,linagliptin,positive,train
PSORS1C2,allopurinol,positive,test
TMEFF2,risperidone,positive,test
FGFR2,sunitinib,positive,train
FGFR2,brivanib,positive,train
FGFR2,pazopanib,positive,test
FGFR2,pemigatinib,positive,train
FGFR2,infigratinib,positive,test
FGFR2,futibatinib,positive,validation
FAS,platinum compounds,negative,train
NTRK1,prasugrel,positive,train
NTRK1,glucarpidase,positive,train
NTRK1,larotrectinib,positive,train
NTRK1,entrectinib,positive,validation
NTRK1,repotrectinib,positive,train
NTRK1,aspirin,positive,train
DRD3,aripiprazole,negative,test
DRD3,duloxetine,positive,validation
DRD3,pramipexole,positive,train
DRD3,ethanol,negative,train
DRD3,atorvastatin,positive,test
DRD3,clozapine,ambiguous,train
DRD3,levodopa,positive,train
DRD3,lithium,negative,train
DRD3,methamphetamine,positive,train
DRD3,methylphenidate,positive,train
DRD3,olanzapine,ambiguous,train
DRD3,paroxetine,positive,test
DRD3,quetiapine,positive,train
DRD3,risperidone,ambiguous,train
DRD3,sertraline,positive,test
DRD3,antipsychotics,ambiguous,test
DRD3,opioids,ambiguous,train
DRD3,heroin,positive,train
PDLIM5,fluoxetine,negative,train
PDLIM5,lithium,negative,train
KCNJ1,hydrochlorothiazide,ambiguous,test
CDK12,talazoparib,positive,validation
NGFR,antidepressants,negative,train
FAM177A1,lithium,positive,validation
SLC22A12,gemtuzumab ozogamicin,positive,train
SLC22A12,allopurinol,ambiguous,test
SLC22A12,cytarabine,positive,train
SLC22A12,fludarabine,positive,test
SLC22A12,idarubicin,positive,train
SLC22A12,losartan,positive,train
IFNG,fluorouracil,negative,train
IFNG,tumor necrosis factor alpha (tnf-alpha) inhibitors,positive,train
IFNG,glatiramer acetate,negative,train
IFNG,irinotecan,negative,train
IFNG,leucovorin,negative,train
IFNG,penicillin g,positive,test
AKR1D1,cholic acid,positive,train
SLC28A2,tenofovir,negative,validation
SLC28A2,valganciclovir,negative,validation
SLC28A2,peginterferon alfa-2b,positive,test
SLC28A2,boceprevir,positive,train
SLC28A2,tenofovir disoproxil fumarate,positive,train
SLC28A2,gemcitabine,ambiguous,validation
SLC28A2,mercaptopurine,positive,train
SLC28A2,methotrexate,ambiguous,train
SLC28A2,protease inhibitors,positive,train
SLC28A2,ribavirin,positive,train
TWIST1,fluorouracil,positive,train
EDIL3,pembrolizumab,positive,train
EDIL3,nivolumab,positive,train
EDIL3,atezolizumab,positive,validation
EDIL3,avelumab,positive,train
EDIL3,durvalumab,positive,validation
EDIL3,ipilimumab,positive,validation
CACNB4,celecoxib,positive,test
CACNB4,antipsychotics,positive,train
DLG5,fluorouracil,positive,train
DLG5,capecitabine,positive,train
MIR4278,methylphenidate,positive,train
SV2C,olanzapine,ambiguous,validation
SV2C,quetiapine,negative,train
SV2C,risperidone,negative,train
SV2C,ziprasidone,negative,train
CREB1,citalopram,positive,validation
CREB1,lithium,positive,train
CREB1,antidepressants,ambiguous,train
ABCA2,fluorouracil,positive,test
ABCA2,xelox,positive,validation
LZTR1,osimertinib,positive,train
GALNT18,tocilizumab,positive,train
GALNT18,cisplatin,positive,train
RSPH14,opioids,negative,validation
HTT,methylphenidate,positive,train
HTT,risperidone,positive,train
FGFBP2,warfarin,positive,test
INSR,fluorouracil,positive,validation
INSR,10-monohydroxy oxcarbazepine,positive,train
INSR,cyclophosphamide,positive,train
INSR,epirubicin,positive,test
INSR,topiramate,positive,test
RPE,tenofovir,negative,validation
ENPP2,opioids,positive,train
CYP27A1,cholic acid,positive,test
FZD3,paclitaxel,positive,train
TRAT1,clozapine,positive,train
KLRC4,antithyroid preparations,positive,train
KLRC4,tumor necrosis factor alpha (tnf-alpha) inhibitors,positive,test
KLRC4,methimazole,positive,train
KLRC4,propylthiouracil,positive,train
ARHGAP12,methylphenidate,positive,train
SPINK5,glyburide,positive,train
HDAC11,valproic acid,positive,train
CTNNB1,lenalidomide,positive,test
CTNNB1,nirogacestat,positive,train
CTNNB1,celecoxib,positive,train
CTNNB1,cyclophosphamide,positive,validation
CTNNB1,dexamethasone,positive,train
CTNNB1,thalidomide,positive,train
SSTR3,lutetium (177lu) dotatate,positive,test
NPAS3,risperidone,positive,validation
SLCO1B3,bosentan,negative,train
SLCO1B3,tenofovir,negative,test
SLCO1B3,voriconazole,positive,test
SLCO1B3,imatinib,ambiguous,train
SLCO1B3,hmg-coa reductase inhibitors,positive,validation
SLCO1B3,sunitinib,positive,test
SLCO1B3,mycophenolic acid,positive,validation
SLCO1B3,bilirubin,positive,train
SLCO1B3,methotrexate polyglutamate,positive,train
SLCO1B3,venetoclax,positive,validation
SLCO1B3,azathioprine,negative,test
SLCO1B3,carboplatin,positive,test
SLCO1B3,docetaxel,ambiguous,train
SLCO1B3,irinotecan,positive,test
SLCO1B3,methotrexate,ambiguous,train
SLCO1B3,mycophenolate mofetil,ambiguous,train
SLCO1B3,paclitaxel,positive,train
SLCO1B3,pravastatin,positive,train
SLCO1B3,tacrolimus,ambiguous,train
SLCO1B3,telmisartan,positive,train
SLCO1B3,warfarin,positive,validation
RAD50,cytarabine,positive,train
RAD50,daunorubicin,positive,train
AGXT,fluorouracil,negative,train
AGXT,oxaliplatin,negative,train
AGXT,lumasiran,positive,train
AGXT,nedosiran,positive,train
AGXT,leucovorin,negative,train
CYP27B1,peginterferon alfa-2a,positive,train
CYP27B1,deferasirox,positive,validation
CYP27B1,peginterferon alfa-2b,ambiguous,train
CYP27B1,tenofovir disoproxil fumarate,positive,train
CYP27B1,ribavirin,ambiguous,train
CYP27B1,rifampin,positive,train
SLC12A8,tumor necrosis factor alpha (tnf-alpha) inhibitors,positive,validation
PSORS1C1,adalimumab,negative,train
PSORS1C1,allopurinol,ambiguous,validation
PSORS1C1,carbamazepine,positive,train
PSORS1C1,carboplatin,positive,train
PSORS1C1,etanercept,positive,train
PSORS1C1,gemcitabine,positive,train
PSORS1C1,nevirapine,negative,train
PSORS1C1,phenytoin,positive,test
FLT3,imatinib,negative,test
FLT3,sunitinib,ambiguous,test
FLT3,venetoclax,positive,train
FLT3,midostaurin,positive,test
FLT3,gilteritinib,positive,train
FLT3,quizartinib,positive,train
FLT3,anastrozole,negative,train
FLT3,exemestane,negative,validation
FLT3,sorafenib,positive,validation
SLC6A4,aripiprazole,ambiguous,test
SLC6A4,duloxetine,ambiguous,test
SLC6A4,escitalopram,ambiguous,train
SLC6A4,selective serotonin reuptake inhibitors,positive,train
SLC6A4,milnacipran,ambiguous,train
SLC6A4,divalproex sodium,ambiguous,validation
SLC6A4,peginterferon alfa-2b,positive,train
SLC6A4,evodiamine,positive,train
SLC6A4,berberine,positive,validation
SLC6A4,vilazodone,positive,train
SLC6A4,desvenlafaxine,ambiguous,test
SLC6A4,vortioxetine,positive,train
SLC6A4,n-desmethylclozapine,positive,train
SLC6A4,levomilnacipran,positive,validation
SLC6A4,ethanol,ambiguous,validation
SLC6A4,amitriptyline,ambiguous,validation
SLC6A4,atorvastatin,negative,train
SLC6A4,buprenorphine,positive,test
SLC6A4,bupropion,ambiguous,train
SLC6A4,buspirone,ambiguous,train
SLC6A4,carbamazepine,ambiguous,train
SLC6A4,citalopram,ambiguous,train
SLC6A4,clomipramine,positive,test
SLC6A4,clozapine,positive,train
SLC6A4,diazepam,ambiguous,train
SLC6A4,disulfiram,positive,train
SLC6A4,fluoxetine,ambiguous,validation
SLC6A4,fluvoxamine,ambiguous,train
SLC6A4,haloperidol,ambiguous,train
SLC6A4,lamotrigine,ambiguous,train
SLC6A4,methadone,positive,train
SLC6A4,methylphenidate,negative,train
SLC6A4,mirtazapine,ambiguous,test
SLC6A4,modafinil,ambiguous,train
SLC6A4,morphine,ambiguous,train
SLC6A4,nortriptyline,ambiguous,train
SLC6A4,olanzapine,ambiguous,train
SLC6A4,ondansetron,positive,validation
SLC6A4,oxcarbazepine,ambiguous,validation
SLC6A4,paroxetine,ambiguous,train
SLC6A4,phenytoin,ambiguous,validation
SLC6A4,pindolol,negative,validation
SLC6A4,pravastatin,negative,train
SLC6A4,quetiapine,ambiguous,train
SLC6A4,ribavirin,positive,train
SLC6A4,risperidone,ambiguous,train
SLC6A4,rizatriptan,negative,train
SLC6A4,sertraline,ambiguous,train
SLC6A4,simvastatin,negative,test
SLC6A4,trazodone,ambiguous,test
SLC6A4,valproic acid,ambiguous,train
SLC6A4,venlafaxine,ambiguous,test
SLC6A4,ziprasidone,ambiguous,train
SLC6A4,antidepressants,ambiguous,test
SLC6A4,antipsychotics,ambiguous,train
GATM,hmg-coa reductase inhibitors,ambiguous,train
GATM,rosuvastatin,ambiguous,train
GATM,pitavastatin,negative,test
GATM,atorvastatin,negative,train
GATM,fluvastatin,negative,validation
GATM,pravastatin,negative,validation
GATM,simvastatin,ambiguous,train
RGL4,o-desmethyltramadol,positive,train
RGL4,tramadol,positive,train
ANXA11,bevacizumab,positive,train
TACR3,opioids,positive,train
MOB3B,tumor necrosis factor alpha (tnf-alpha) inhibitors,positive,test
HTR7,duloxetine,positive,train
HTR7,escitalopram,ambiguous,train
HTR7,hmg-coa reductase inhibitors,positive,test
HTR7,atomoxetine,positive,test
HTR7,selective serotonin reuptake inhibitors,positive,train
HTR7,desvenlafaxine,positive,validation
HTR7,atorvastatin,ambiguous,validation
HTR7,fluoxetine,positive,train
HTR7,nortriptyline,negative,train
HTR7,paroxetine,positive,train
HTR7,pravastatin,ambiguous,train
HTR7,simvastatin,ambiguous,validation
HTR7,venlafaxine,positive,train
HTR7,antidepressants,positive,train
IKBKG,artesunate,positive,train
IKBKG,primaquine,positive,train
IKBKG,pyrimethamine,positive,train
IKBKG,sulfadoxine,positive,validation
GPX5,carboplatin,positive,train
GPX5,cisplatin,positive,train
GPX5,gemcitabine,positive,validation
BRINP3,uric acid,positive,test
NQO2,dasatinib,negative,train
NQO2,clozapine,positive,train
NQO2,cyclophosphamide,ambiguous,train
NQO2,cytarabine,positive,train
NQO2,doxorubicin,ambiguous,validation
NQO2,idarubicin,positive,train
UGT2B@,clozapine n+ glucuronide,positive,validation
UGT1A7,tenofovir,negative,train
UGT1A7,atazanavir,positive,train
UGT1A7,anthracyclines and related substances,positive,train
UGT1A7,oxaliplatin,ambiguous,validation
UGT1A7,mycophenolic acid,positive,train
UGT1A7,axitinib,positive,train
UGT1A7,fesoterodine,positive,train
UGT1A7,febuxostat,positive,train
UGT1A7,acetaminophen glucuronide,positive,validation
UGT1A7,tegafur / gimeracil / oteracil,ambiguous,train
UGT1A7,n-desmethylclozapine,positive,train
UGT1A7,acetaminophen,positive,train
UGT1A7,allopurinol,positive,test
UGT1A7,atorvastatin,positive,validation
UGT1A7,irinotecan,ambiguous,train
UGT1A7,ketamine,positive,validation
UGT1A7,methotrexate,ambiguous,train
UGT1A7,morphine,positive,train
UGT1A7,mycophenolate mofetil,positive,train
UGT1A7,ondansetron,positive,train
UGT1A7,oxcarbazepine,positive,train
UGT1A7,risperidone,positive,train
UGT1A7,ritonavir,positive,test
UGT1A7,topiramate,positive,test
UGT1A7,valproic acid,ambiguous,train
NCF4,lenalidomide,positive,train
NCF4,chop,positive,validation
NCF4,aspirin,negative,test
NCF4,doxorubicin,ambiguous,train
NCF4,idarubicin,positive,train
NCF4,paclitaxel,negative,train
NCF4,rituximab,positive,train
NCF4,trastuzumab,negative,train
COQ2,hmg-coa reductase inhibitors,ambiguous,test
COQ2,rosuvastatin,ambiguous,train
COQ2,atorvastatin,ambiguous,train
COQ2,fluvastatin,negative,train
COQ2,pravastatin,negative,train
COQ2,simvastatin,negative,train
MBOAT1,"ace inhibitors, plain",positive,train
MIR27A,fluorouracil,ambiguous,test
MIR27A,pyrimidine analogues,ambiguous,train
MIR27A,capecitabine,ambiguous,train
SMN1,risdiplam,positive,test
ZNF165,opioids,positive,train
ATP1A2,olanzapine,positive,validation
IL17F,adalimumab,ambiguous,validation
IL17F,ustekinumab,positive,train
IL17F,etanercept,negative,train
IL17F,gemcitabine,ambiguous,validation
IL17F,paclitaxel,negative,train
IL17F,infliximab,ambiguous,test
HTR1F,lasmiditan,positive,validation
TCL1A,anastrozole,negative,train
TCL1A,estradiol,positive,train
TCL1A,exemestane,positive,validation
CHAT,donepezil,ambiguous,test
CHAT,galantamine,ambiguous,train
CHAT,nicotine,positive,train
CHAT,olanzapine,positive,validation
CHAT,rivastigmine,ambiguous,validation
MYD88,ibrutinib,positive,train
MYD88,zanubrutinib,positive,train
MYD88,fentanyl,positive,validation
MYD88,tacrolimus,negative,validation
GLI1,cytarabine,positive,train
RETN,platinum compounds,positive,train
HTR3B,palonosetron,negative,test
HTR3B,antiemetics and antinauseants,positive,train
HTR3B,aprepitant,positive,train
HTR3B,ethanol,positive,train
HTR3B,atorvastatin,ambiguous,test
HTR3B,cocaine,negative,test
HTR3B,fluvoxamine,negative,train
HTR3B,granisetron,negative,test
HTR3B,methotrexate,negative,train
HTR3B,nicotine,positive,train
HTR3B,olanzapine,positive,validation
HTR3B,paroxetine,ambiguous,train
HTR3B,pravastatin,ambiguous,test
HTR3B,simvastatin,ambiguous,train
HTR3B,opioids,negative,validation
HTR3B,heroin,ambiguous,train
HTR3B,antineoplastic agents,negative,train
ZNF385D,duloxetine,positive,validation
IDH1,venetoclax,positive,train
IDH1,ivosidenib,positive,train
IDH1,olutasidenib,positive,train
IDH1,vorasidenib,positive,validation
TPMT,fluorouracil,ambiguous,test
TPMT,rosuvastatin,positive,test
TPMT,s-adenosylmethionine,positive,train
TPMT,pegaspargase,positive,validation
TPMT,methylmercaptopurine,positive,test
TPMT,thioguanosine monophosphate,positive,train
TPMT,thioguanosine diphosphate,positive,train
TPMT,thioguanosine triphosphate,positive,train
TPMT,deoxy-thioguanosine triphosphate,positive,train
TPMT,azathioprine,ambiguous,train
TPMT,cisplatin,ambiguous,test
TPMT,cyclophosphamide,positive,train
TPMT,cyclosporine,positive,train
TPMT,cytarabine,positive,train
TPMT,daunorubicin,positive,validation
TPMT,doxorubicin,positive,test
TPMT,mercaptopurine,ambiguous,validation
TPMT,mesalazine,positive,train
TPMT,methotrexate,ambiguous,train
TPMT,olanzapine,positive,train
TPMT,prednisone,positive,train
TPMT,thioguanine,ambiguous,test
TPMT,vincristine,positive,train
TPMT,purine analogues,ambiguous,test
CCDC77,capecitabine,positive,train
PIK3R2,fluorouracil,positive,train
PIK3R2,cyclophosphamide,positive,train
PIK3R2,epirubicin,positive,test
DDC,carbidopa,positive,train
DDC,methadone,negative,validation
DDC,nicotine,ambiguous,test
DDC,heroin,negative,train
GHR,mecasermin,positive,train
CBR1,fluorouracil,positive,train
CBR1,anthracyclines and related substances,positive,train
CBR1,doxorubicinol,positive,test
CBR1,cyclophosphamide,ambiguous,test
CBR1,daunorubicin,positive,train
CBR1,doxorubicin,ambiguous,train
MAP2K4,ethanol,positive,train
GPR98,opioids,positive,train
ADORA3,methotrexate,negative,train
SULT1A3,o-desmethyltramadol,positive,train
SULT1A3,tapentadol,positive,validation
SULT1A3,acetaminophen,positive,train
SULT1A3,morphine,ambiguous,train
SULT1A3,tramadol,positive,test
MTOR,everolimus,ambiguous,train
MTOR,carboplatin,negative,validation
MTOR,cisplatin,negative,train
IL22RA1,pd-1/pdl-1 (programmed cell death protein 1/death ligand 1) inhibitors,positive,validation
NTRK3,larotrectinib,positive,validation
NTRK3,entrectinib,positive,train
NTRK3,repotrectinib,positive,test
ASIC2,lithium,positive,train
PNPT1,enalapril,positive,validation
ST6GAL1,flucloxacillin,positive,train
A2M,enzymes,positive,train
RRP7A,methylphenidate,positive,test
PPP2R5D,fluorouracil,positive,train
PPP2R5D,cyclophosphamide,positive,train
PPP2R5D,epirubicin,positive,train
KCNQ1,"sulfonamides, urea derivatives",ambiguous,train
KCNQ1,gliclazide,ambiguous,train
KCNQ1,fluorouracil,positive,train
KCNQ1,oxaliplatin,positive,train
KCNQ1,dipeptidyl peptidase 4 (dpp-4) inhibitors,positive,test
KCNQ1,sitagliptin,ambiguous,train
KCNQ1,exenatide,positive,train
KCNQ1,vildagliptin,ambiguous,test
KCNQ1,ibrutinib,positive,train
KCNQ1,celecoxib,positive,train
KCNQ1,epirubicin,positive,test
KCNQ1,glimepiride,ambiguous,train
KCNQ1,glipizide,ambiguous,train
KCNQ1,glyburide,ambiguous,train
KCNQ1,irinotecan,negative,train
KCNQ1,repaglinide,positive,validation
KCNQ1,tacrolimus,positive,train
LATS2,cetuximab,negative,train
TIRAP,ustekinumab,positive,train
HOMER1,haloperidol,positive,train
HOMER1,levodopa,ambiguous,train
HNF1B,platinum,positive,train
HNF1B,metformin,positive,test
ARID5B,imatinib,positive,train
ARID5B,glucarpidase,positive,train
ARID5B,haloperidol,positive,train
ARID5B,methotrexate,ambiguous,train
ILKAP,hydrochlorothiazide,positive,validation
LIPC,fluvastatin,positive,train
LIPC,pravastatin,ambiguous,train
LIPC,simvastatin,positive,test
FGFRL1,brivanib,positive,train
PNPLA3,dipeptidyl peptidase 4 (dpp-4) inhibitors,positive,train
PNPLA3,pegaspargase,positive,test
PNPLA3,alogliptin,positive,train
PNPLA3,ethanol,positive,train
PNPLA3,asparaginase,positive,train
PNPLA3,cyclophosphamide,positive,train
PNPLA3,cytarabine,positive,train
PNPLA3,daunorubicin,positive,train
PNPLA3,doxorubicin,positive,validation
PNPLA3,mercaptopurine,positive,train
PNPLA3,methotrexate,positive,train
PNPLA3,prednisolone,positive,train
PNPLA3,thioguanine,positive,train
PNPLA3,vincristine,positive,test
CNTN4,ziprasidone,positive,train
CEP43,brivanib,positive,test
CXCL14,imatinib,positive,train
MRE11,talazoparib,positive,validation
ASTN2,selective serotonin (5ht1) agonists,negative,validation
ASTN2,fentanyl,positive,train
ASTN2,isoniazid,positive,validation
TRAF3IP2,adalimumab,negative,train
TRAF3IP2,cisplatin,positive,train
TRAF3IP2,etanercept,negative,train
TRAF3IP2,nevirapine,positive,train
UGT2B4,ibuprofen,positive,test
CDK1,radiotherapy,positive,validation
COQ5,hmg-coa reductase inhibitors,positive,train
BCR,imatinib,positive,train
BCR,dasatinib,positive,test
BCR,selective serotonin reuptake inhibitors,negative,train
BCR,nilotinib,positive,train
BCR,ponatinib,positive,train
BCR,bosutinib,positive,train
BCR,omacetaxine,positive,train
BCR,blinatumomab,positive,train
BCR,inotuzumab ozogamicin,positive,validation
BCR,asciminib,positive,test
BCR,busulfan,positive,train
BCR,lithium,positive,test
BCR,vincristine,positive,train
IRS4,levothyroxine,positive,train
ZNF613,anastrozole,positive,test
ZNF613,letrozole,positive,train
ZNF613,tamoxifen,positive,test
UPB1,fluorouracil,positive,train
UPB1,3-aminoisobutyrate,positive,train
UPB1,"5,6-dihydrothymine",positive,train
UPB1,capecitabine,positive,train
THBD,warfarin,ambiguous,train
TTC6,hydrochlorothiazide,positive,train
CHRNA5,drugs used in nicotine dependence,ambiguous,train
CHRNA5,opium alkaloids and derivatives,ambiguous,train
CHRNA5,eculizumab,positive,train
CHRNA5,varenicline,ambiguous,train
CHRNA5,cotinine,ambiguous,train
CHRNA5,3-hydroxycotinine,negative,test
CHRNA5,efgartigimod alfa,positive,train
CHRNA5,ravulizumab,positive,test
CHRNA5,rozanolixizumab,positive,validation
CHRNA5,zilucoplan,positive,train
CHRNA5,nipocalimab,positive,train
CHRNA5,ethanol,ambiguous,train
CHRNA5,bupropion,ambiguous,train
CHRNA5,cocaine,ambiguous,train
CHRNA5,nicotine,ambiguous,train
WDR24,aspirin,positive,train
WDR24,clopidogrel,positive,train
BCL2,brentuximab vedotin,positive,test
BCL2,polatuzumab vedotin,positive,train
BCL2,carboplatin,ambiguous,validation
BCL2,docetaxel,ambiguous,test
BCL2,paclitaxel,ambiguous,train
BCL2,ribavirin,positive,train
BCL2,vincristine,positive,train
BCL2,interferons,positive,validation
GLCCI1,corticosteroids,ambiguous,train
GLCCI1,budesonide,positive,train
GLCCI1,flunisolide,positive,validation
GLCCI1,fluticasone propionate,positive,train
GLCCI1,nedocromil,positive,validation
GLCCI1,triamcinolone,positive,train
GLCCI1,glucocorticoids,positive,train
DPP6,ethanol,positive,train
DPP6,haloperidol,positive,validation
ACE,aripiprazole,negative,train
ACE,calcium channel blockers,ambiguous,test
ACE,antiepileptics,ambiguous,train
ACE,diuretics,ambiguous,validation
ACE,"ace inhibitors, plain",ambiguous,train
ACE,angiotensin ii antagonists,negative,train
ACE,beta blocking agents,ambiguous,train
ACE,"thiazides, plain",positive,train
ACE,angiotensin ii,negative,train
ACE,bradykinin,negative,train
ACE,salvianolic acid b,positive,train
ACE,acetylcholine,positive,train
ACE,amlodipine,ambiguous,train
ACE,aspirin,positive,train
ACE,atenolol,ambiguous,train
ACE,atorvastatin,positive,validation
ACE,benazepril,ambiguous,test
ACE,bumetanide,positive,train
ACE,bupropion,positive,test
ACE,candesartan,negative,validation
ACE,captopril,positive,train
ACE,chlorthalidone,ambiguous,test
ACE,clozapine,negative,train
ACE,digoxin,ambiguous,validation
ACE,enalapril,positive,train
ACE,fluoxetine,positive,train
ACE,fluvastatin,ambiguous,train
ACE,furosemide,positive,train
ACE,hydrochlorothiazide,positive,test
ACE,interferon beta-1a,ambiguous,train
ACE,irbesartan,ambiguous,train
ACE,lisinopril,ambiguous,validation
ACE,losartan,ambiguous,test
ACE,nifedipine,negative,train
ACE,norepinephrine,negative,test
ACE,olanzapine,negative,validation
ACE,perindopril,positive,test
ACE,pravastatin,positive,test
ACE,quetiapine,negative,test
ACE,quinapril,ambiguous,train
ACE,ramipril,ambiguous,train
ACE,risperidone,negative,train
ACE,sertraline,ambiguous,test
ACE,sildenafil,positive,validation
ACE,nitroprusside,positive,test
ACE,spironolactone,ambiguous,train
ACE,tacrolimus,negative,test
ACE,torasemide,positive,train
ACE,verapamil,negative,train
ACE,ziprasidone,negative,train
ACE,antidepressants,ambiguous,validation
CA9,celecoxib,positive,test
UGT1A8,tenofovir,negative,train
UGT1A8,anthracyclines and related substances,positive,validation
UGT1A8,mycophenolic acid,ambiguous,test
UGT1A8,axitinib,positive,train
UGT1A8,sn-38,positive,train
UGT1A8,fesoterodine,positive,validation
UGT1A8,febuxostat,positive,train
UGT1A8,acetaminophen glucuronide,positive,test
UGT1A8,abt-751,ambiguous,train
UGT1A8,o-desmethyltramadol,positive,test
UGT1A8,n-desmethyltramadol,positive,train
UGT1A8,n-desmethylclozapine,positive,train
UGT1A8,folfiri,positive,validation
UGT1A8,acetaminophen,positive,train
UGT1A8,allopurinol,positive,test
UGT1A8,atorvastatin,positive,validation
UGT1A8,azathioprine,negative,train
UGT1A8,cyclosporine,positive,validation
UGT1A8,irinotecan,positive,train
UGT1A8,ketamine,positive,train
UGT1A8,methotrexate,ambiguous,train
UGT1A8,morphine,positive,train
UGT1A8,mycophenolate mofetil,ambiguous,train
UGT1A8,ondansetron,positive,train
UGT1A8,oxcarbazepine,positive,validation
UGT1A8,raloxifene,positive,train
UGT1A8,risperidone,positive,train
UGT1A8,sirolimus,ambiguous,test
UGT1A8,tacrolimus,ambiguous,validation
UGT1A8,topiramate,positive,train
UGT1A8,valproic acid,ambiguous,train
TCF19,nevirapine,positive,validation
GNAS,fluorouracil,ambiguous,validation
GNAS,cisplatin,ambiguous,train
GNAS,dobutamine,ambiguous,train
CERS6,adalimumab,positive,train
CERS6,tumor necrosis factor alpha (tnf-alpha) inhibitors,positive,train
CERS6,certolizumab pegol,positive,train
CERS6,cisplatin,positive,train
CERS6,etanercept,positive,train
CERS6,infliximab,positive,train
GPX1,clozapine,negative,train
ADH1A,gemtuzumab ozogamicin,positive,train
ADH1A,acetaldehyde,positive,train
ADH1A,abacavir,positive,validation
ADH1A,ethanol,ambiguous,test
ADH1A,cytarabine,positive,train
ADH1A,fludarabine,positive,train
ADH1A,idarubicin,positive,validation
NEFM,antipsychotics,positive,validation
LTC4S,leukotriene receptor antagonists,positive,test
LTC4S,aspirin,positive,test
LTC4S,montelukast,positive,validation
AFG2A,paclitaxel,positive,train
RELN,aripiprazole,ambiguous,train
RELN,olanzapine,ambiguous,train
RELN,perphenazine,ambiguous,train
RELN,quetiapine,ambiguous,train
RELN,risperidone,ambiguous,train
CD40LG,adalimumab,positive,train
IFNL3,tenofovir,ambiguous,validation
IFNL3,interferon alfa-n1,positive,train
IFNL3,peginterferon alfa-2a,ambiguous,train
IFNL3,"interferon alfa-2a, recombinant",positive,train
IFNL3,"interferon alfa-2b, recombinant",ambiguous,train
IFNL3,peginterferon alfa-2b,ambiguous,validation
IFNL3,boceprevir,positive,train
IFNL3,telaprevir,ambiguous,train
IFNL3,simeprevir,positive,train
IFNL3,sofosbuvir,positive,train
IFNL3,deleobuvir,positive,validation
IFNL3,faldaprevir,positive,train
IFNL3,ledipasvir,positive,train
IFNL3,daclatasvir,positive,train
IFNL3,asunaprevir,positive,train
IFNL3,dasabuvir / ombitasvir / paritaprevir / ritonavir,positive,train
IFNL3,ombitasvir / paritaprevir / ritonavir,positive,train
IFNL3,dasabuvir,positive,train
IFNL3,velpatasvir,positive,train
IFNL3,sofosbuvir / velpatasvir,positive,train
IFNL3,ledipasvir / sofosbuvir,positive,train
IFNL3,elbasvir / grazoprevir,positive,test
IFNL3,voxilaprevir,positive,train
IFNL3,highly active antiretroviral therapy (haart),positive,train
IFNL3,sofosbuvir / velpatasvir / voxilaprevir,positive,train
IFNL3,direct acting antivirals,positive,train
IFNL3,pd-1/pdl-1 (programmed cell death protein 1/death ligand 1) inhibitors,positive,train
IFNL3,atorvastatin,positive,train
IFNL3,hydroxyurea,negative,train
IFNL3,ribavirin,ambiguous,train
IFNL3,interferons,ambiguous,train
NALCN,methotrexate,positive,train
NALCN,ziprasidone,positive,train
APOBEC2,cetuximab,negative,train
APOBEC2,bevacizumab,negative,train
APOBEC2,oxaliplatin,negative,train
APOBEC2,capecitabine,negative,train
FTCDNL1,methotrexate,positive,train
HSD11B1,tacrolimus,positive,validation
GP6,aspirin,positive,train
GP6,clopidogrel,negative,train
SLC15A2,colistimethate,positive,train
SLC15A2,warfarin,positive,train
SLC15A2,sorafenib,positive,train
DDX25,cisplatin,positive,train
LMNA,lonafarnib,positive,validation
MAPK6,sorafenib,positive,test
MAN1B1,daunorubicin,positive,train
RELA,gefitinib,positive,validation
NECTIN4,enfortumab vedotin,positive,validation
NECTIN4,methadone,positive,train
MIR411,vincristine,negative,train
CHRNA6,eculizumab,positive,train
CHRNA6,efgartigimod alfa,positive,test
CHRNA6,ravulizumab,positive,train
CHRNA6,rozanolixizumab,positive,train
CHRNA6,zilucoplan,positive,train
CHRNA6,nipocalimab,positive,train
CHRNA6,nicotine,negative,train
HNF1A,rosuvastatin,positive,validation
HNF1A,varenicline,negative,test
HNF1A,metformin,negative,train
HNF1A,opioids,positive,train
XYLT2,carboplatin,positive,train
XYLT2,gemcitabine,positive,train
LKAAEAR1,opioids,positive,train
MYOM2,aspirin,positive,train
MYOM2,clopidogrel,positive,test
EPM2A,chlorpromazine,positive,train
EPM2A,clozapine,positive,train
EPM2A,haloperidol,positive,train
EPM2A,olanzapine,positive,train
EPM2A,quetiapine,positive,train
EPM2A,risperidone,positive,train
EPM2A,trifluoperazine,positive,train
VEGFC,bevacizumab,positive,train
VEGFC,aflibercept,positive,train
VEGFC,uric acid,positive,test
CXXC4,platinum compounds,positive,train
HCAR2,niacin,ambiguous,train
MOBP,creatine,positive,train
MOBP,valproic acid,negative,train
CHRNA2,varenicline,negative,train
CHRNA2,bupropion,negative,train
CHRNA2,nicotine,negative,validation
IFNB1,glatiramer acetate,negative,test
SLC22A4,imatinib,ambiguous,train
SLC22A4,ustekinumab,positive,validation
SLC22A4,busulfan,negative,train
SLC22A4,metformin,negative,test
SLC9A8,adalimumab,positive,train
SLC9A8,infliximab,positive,train
CPA6,metformin,positive,train
CSMD2,selective serotonin reuptake inhibitors,negative,validation
INSRR,glucarpidase,positive,train
TBX21,corticosteroids,positive,train
TBX21,tumor necrosis factor alpha (tnf-alpha) inhibitors,positive,test
CASP7,platinum compounds,ambiguous,train
CASP7,docetaxel,ambiguous,test
CASP7,gemcitabine,ambiguous,train
CASP7,paclitaxel,ambiguous,train
CASP7,vinorelbine,ambiguous,train
PML,arsenic trioxide,positive,train
PML,tretinoin,positive,train
CPT2,triheptanoin,positive,train
AQP1,cisplatin,ambiguous,train
MLN,carbamazepine,positive,train
ANGPT2,bevacizumab,negative,train
ANGPT2,selective serotonin reuptake inhibitors,negative,validation
GNAQ,mercaptopurine,positive,test
NPM1,venetoclax,positive,train
NPM1,midostaurin,positive,train
NPM1,revumenib,positive,train
NPM1,ziftomenib,positive,train
CASP1,peginterferon alfa-2b,positive,validation
CASP1,fentanyl,negative,train
CASP1,ribavirin,positive,train
CASP1,tacrolimus,negative,train
EGLN2,cotinine,negative,train
EGLN2,3-hydroxycotinine,positive,train
EGLN2,nicotine,negative,test
ADRA1D,alpha-adrenoreceptor antagonists,positive,train
ADRA1D,dopamine,positive,train
ADRA1D,epinephrine,positive,train
ADRA1D,isoproterenol,positive,test
ADRA1D,methoxamine,positive,train
ADRA1D,norepinephrine,positive,test
ADRA1D,phenylephrine,positive,train
AKR1A1,doxorubicinol,positive,train
AKR1A1,daunorubicinol,positive,train
ATF2,fentanyl,ambiguous,validation
ABCC13,drugs for treatment of tuberculosis,negative,train
PTGER3,"ace inhibitors, plain",positive,train
PTGER3,aspirin,positive,test
CACNB1,celecoxib,positive,train
FGFR4,fluorouracil,positive,train
FGFR4,everolimus,positive,train
FGFR4,brivanib,positive,train
FGFR4,cyclophosphamide,positive,train
FGFR4,docetaxel,negative,train
FGFR4,methotrexate,positive,test
FGFR4,paclitaxel,negative,test
ADAMTS10,levonorgestrel,positive,train
JAK2,tumor necrosis factor alpha (tnf-alpha) inhibitors,positive,train
JAK2,ropeginterferon alfa-2b,positive,train
MUC16,opioids,positive,train
PRORP,leukotriene receptor antagonists,positive,validation
PRORP,zileuton,positive,test
UGGT2,hydrochlorothiazide,positive,test
XPA,platinum compounds,positive,train
PDE4D,diuretics,positive,train
PDE4D,apremilast,positive,validation
PDE4D,tildrakizumab,positive,validation
PDE4D,quetiapine,positive,train
PDE4D,vincristine,positive,train
GABRD,methadone,negative,train
HLA-A,aripiprazole,ambiguous,validation
HLA-A,duloxetine,ambiguous,train
HLA-A,escitalopram,ambiguous,test
HLA-A,sulfamethoxazole / trimethoprim,positive,test
HLA-A,antiepileptics,positive,train
HLA-A,lapatinib,positive,train
HLA-A,egfr inhibitors,ambiguous,validation
HLA-A,"antiinflammatory agents, non-steroids",positive,test
HLA-A,drugs for treatment of tuberculosis,positive,test
HLA-A,clavulanate,positive,train
HLA-A,bacampicillin,positive,test
HLA-A,peginterferon alfa-2a,positive,train
HLA-A,cefdinir,positive,train
HLA-A,hydroxychloroquine,positive,train
HLA-A,flucloxacillin,positive,train
HLA-A,divalproex sodium,ambiguous,train
HLA-A,peginterferon alfa-2b,positive,train
HLA-A,pembrolizumab,ambiguous,test
HLA-A,nivolumab,ambiguous,train
HLA-A,atezolizumab,positive,train
HLA-A,durvalumab,positive,train
HLA-A,ipilimumab,ambiguous,train
HLA-A,benznidazole,positive,test
HLA-A,tebentafusp,positive,validation
HLA-A,bcr-abl tyrosine kinase inhibitors,positive,train
HLA-A,acetaminophen,ambiguous,test
HLA-A,allopurinol,ambiguous,train
HLA-A,amitriptyline,ambiguous,train
HLA-A,amoxicillin,positive,validation
HLA-A,ampicillin,positive,train
HLA-A,bupropion,ambiguous,train
HLA-A,buspirone,ambiguous,train
HLA-A,carbamazepine,ambiguous,train
HLA-A,cefazolin,positive,train
HLA-A,ceftriaxone,positive,train
HLA-A,cefuroxime,positive,validation
HLA-A,cephalexin,positive,test
HLA-A,citalopram,ambiguous,test
HLA-A,dapsone,positive,train
HLA-A,diazepam,ambiguous,train
HLA-A,fenofibrate,positive,train
HLA-A,fluoxetine,ambiguous,train
HLA-A,isoniazid,positive,train
HLA-A,lamotrigine,ambiguous,train
HLA-A,levetiracetam,positive,train
HLA-A,methazolamide,negative,train
HLA-A,mirtazapine,ambiguous,train
HLA-A,modafinil,ambiguous,train
HLA-A,nevirapine,ambiguous,validation
HLA-A,nortriptyline,ambiguous,validation
HLA-A,olanzapine,ambiguous,test
HLA-A,oxcarbazepine,ambiguous,test
HLA-A,paroxetine,ambiguous,train
HLA-A,phenobarbital,negative,train
HLA-A,phenytoin,ambiguous,validation
HLA-A,quetiapine,ambiguous,train
HLA-A,ribavirin,positive,test
HLA-A,rifampin,positive,train
HLA-A,risperidone,ambiguous,train
HLA-A,sertraline,ambiguous,train
HLA-A,sulfasalazine,positive,validation
HLA-A,terbinafine,positive,train
HLA-A,tetanus antitoxin,positive,train
HLA-A,ticlopidine,positive,train
HLA-A,trazodone,ambiguous,train
HLA-A,valproic acid,ambiguous,validation
HLA-A,vancomycin,positive,train
HLA-A,venlafaxine,ambiguous,train
HLA-A,ziprasidone,ambiguous,train
HLA-A,zonisamide,positive,train
HLA-A,"beta-lactam antibacterials, penicillins",positive,train
HLA-A,other beta-lactam antibacterials,positive,train
KCNT1,antiepileptics,negative,validation
HSD3B1,dutasteride,positive,train
HSD3B1,abiraterone,ambiguous,train
HSD3B1,hydrochlorothiazide,positive,test
HSD3B1,glucocorticoids,positive,train
PVT1,glatiramer acetate,positive,train
HSD3B2,cholic acid,positive,train
MIR449B,asparaginase,negative,validation
MIR449B,cyclophosphamide,negative,train
MIR449B,cytarabine,negative,train
MIR449B,daunorubicin,negative,validation
MIR449B,mercaptopurine,negative,train
MIR449B,methotrexate,negative,test
MIR449B,prednisone,negative,train
MIR449B,vincristine,negative,train
GPR35,anthracyclines and related substances,positive,validation
GPR35,daunorubicin,positive,train
GPR35,doxorubicin,positive,train
ZNF335,prasugrel,positive,train
ZNF335,clopidogrel,positive,train
MCOLN1,opioids,positive,train
MSH3,fluorouracil,negative,test
MSH3,platinum compounds,negative,train
MSH3,radiotherapy,negative,train
MSH3,azathioprine,positive,train
MSH3,mercaptopurine,positive,train
MSH3,methotrexate,positive,train
NPPA-AS1,bumetanide,positive,test
NPPA-AS1,furosemide,positive,train
NPPA-AS1,torasemide,positive,train
RHBDF2,fentanyl,positive,train
RHBDF2,morphine,positive,validation
RHBDF2,oxycodone,positive,train
RHBDF2,opioids,positive,train
MLLT3,leukotriene receptor antagonists,positive,train
MLLT3,cisplatin,positive,train
MLLT3,montelukast,positive,test
ITGB3,abciximab,ambiguous,train
ITGB3,aspirin,ambiguous,train
ITGB3,clopidogrel,ambiguous,validation
ITGB3,eptifibatide,positive,train
ITGB3,tirofiban,positive,validation
ZFP91-CNTF,iloperidone,positive,train
CTRB1,dipeptidyl peptidase 4 (dpp-4) inhibitors,positive,train
CTRB1,sitagliptin,ambiguous,test
CTRB1,vildagliptin,ambiguous,train
CTRB1,semaglutide,negative,validation
GNMT,mercaptopurine,positive,train
GNMT,methionine,positive,test
SLC2A9,allopurinol,negative,train
SLC2A9,furosemide,negative,train
SLFN11,topoisomerase i inhibitors,positive,train
FXR2,methylphenidate,positive,validation
CYP1A2,aripiprazole,ambiguous,test
CYP1A2,bromazepam,positive,train
CYP1A2,duloxetine,ambiguous,train
CYP1A2,escitalopram,ambiguous,test
CYP1A2,imatinib,ambiguous,train
CYP1A2,erlotinib,positive,train
CYP1A2,prasugrel,negative,train
CYP1A2,deferasirox,ambiguous,train
CYP1A2,praziquantel,positive,train
CYP1A2,rasagiline,negative,validation
CYP1A2,divalproex sodium,ambiguous,train
CYP1A2,dabigatran,negative,train
CYP1A2,vemurafenib,positive,validation
CYP1A2,rivaroxaban,positive,train
CYP1A2,rucaparib,positive,test
CYP1A2,clozapine n-oxide,negative,train
CYP1A2,n-desmethylclozapine,ambiguous,validation
CYP1A2,desmethyl olanzapine,positive,train
CYP1A2,dehydroaripiprazole,positive,train
CYP1A2,pirfenidone,positive,train
CYP1A2,acetaminophen,positive,train
CYP1A2,ethanol,positive,train
CYP1A2,amitriptyline,ambiguous,train
CYP1A2,aspirin,positive,train
CYP1A2,buprenorphine,negative,train
CYP1A2,bupropion,ambiguous,train
CYP1A2,buspirone,ambiguous,train
CYP1A2,caffeine,ambiguous,train
CYP1A2,carbamazepine,ambiguous,validation
CYP1A2,ciprofloxacin,positive,train
CYP1A2,citalopram,ambiguous,train
CYP1A2,clomipramine,positive,train
CYP1A2,clopidogrel,ambiguous,test
CYP1A2,clozapine,ambiguous,train
CYP1A2,dacarbazine,positive,train
CYP1A2,desipramine,positive,train
CYP1A2,dexmedetomidine,positive,validation
CYP1A2,diazepam,ambiguous,train
CYP1A2,doxepin,positive,train
CYP1A2,efavirenz,negative,train
CYP1A2,flecainide,negative,train
CYP1A2,fluoxetine,ambiguous,train
CYP1A2,fluvoxamine,positive,train
CYP1A2,haloperidol,positive,train
CYP1A2,imipramine,positive,test
CYP1A2,lamotrigine,ambiguous,train
CYP1A2,leflunomide,ambiguous,train
CYP1A2,methadone,negative,train
CYP1A2,mirtazapine,ambiguous,train
CYP1A2,modafinil,ambiguous,test
CYP1A2,nevirapine,positive,validation
CYP1A2,nicotine,ambiguous,train
CYP1A2,nortriptyline,ambiguous,test
CYP1A2,olanzapine,ambiguous,train
CYP1A2,oxcarbazepine,ambiguous,validation
CYP1A2,paroxetine,ambiguous,train
CYP1A2,phenytoin,ambiguous,train
CYP1A2,propranolol,positive,train
CYP1A2,quetiapine,ambiguous,validation
CYP1A2,risperidone,ambiguous,train
CYP1A2,sertraline,ambiguous,train
CYP1A2,tamoxifen,positive,validation
CYP1A2,theophylline,positive,train
CYP1A2,trazodone,ambiguous,train
CYP1A2,valproic acid,ambiguous,train
CYP1A2,venlafaxine,ambiguous,train
CYP1A2,warfarin,ambiguous,train
CYP1A2,ziprasidone,ambiguous,validation
CYP1A2,antidepressants,positive,train
CYP1A2,antipsychotics,ambiguous,train
CYP1A2,xenobiotics,positive,test
CYP1A2,opioids,positive,train
XRCC1,fluorouracil,ambiguous,validation
XRCC1,oxaliplatin,ambiguous,test
XRCC1,platinum,positive,validation
XRCC1,platinum compounds,ambiguous,test
XRCC1,radiotherapy,ambiguous,train
XRCC1,asparaginase,positive,train
XRCC1,capecitabine,ambiguous,train
XRCC1,carboplatin,ambiguous,train
XRCC1,cisplatin,ambiguous,train
XRCC1,cyclophosphamide,ambiguous,train
XRCC1,cytarabine,positive,train
XRCC1,docetaxel,ambiguous,validation
XRCC1,doxorubicin,positive,train
XRCC1,epirubicin,ambiguous,train
XRCC1,gemcitabine,ambiguous,validation
XRCC1,irinotecan,negative,train
XRCC1,leucovorin,ambiguous,train
XRCC1,mercaptopurine,positive,test
XRCC1,prednisone,positive,validation
XRCC1,vincristine,positive,train
XRCC1,azacitidine,positive,train
ABCC1,corticosteroids,ambiguous,train
ABCC1,fluorouracil,positive,train
ABCC1,anthracyclines and related substances,positive,train
ABCC1,oxaliplatin,positive,train
ABCC1,antineoplastic and immunomodulating agents,positive,train
ABCC1,drugs for treatment of tuberculosis,negative,train
ABCC1,leukotriene receptor antagonists,positive,train
ABCC1,conjugated estrogens,positive,validation
ABCC1,sn-38,ambiguous,train
ABCC1,ponatinib,negative,train
ABCC1,folfiri,positive,train
ABCC1,azathioprine,positive,validation
ABCC1,clozapine,positive,train
ABCC1,cyclophosphamide,ambiguous,train
ABCC1,cyclosporine,positive,train
ABCC1,daunorubicin,negative,train
ABCC1,docetaxel,positive,train
ABCC1,doxorubicin,ambiguous,validation
ABCC1,epirubicin,positive,train
ABCC1,fentanyl,positive,train
ABCC1,irinotecan,ambiguous,test
ABCC1,lamivudine,ambiguous,test
ABCC1,leucovorin,positive,train
ABCC1,lopinavir,ambiguous,train
ABCC1,methotrexate,ambiguous,train
ABCC1,montelukast,positive,train
ABCC1,paclitaxel,positive,train
ABCC1,ritonavir,ambiguous,train
ABCC1,vincristine,positive,train
ABCC1,zidovudine,ambiguous,train
ABCC1,antineoplastic agents,ambiguous,test
PLIN1,rosiglitazone,ambiguous,train
WNK1,hydrochlorothiazide,ambiguous,validation
ZSCAN25,sunitinib,negative,train
ZSCAN25,antihypertensives,positive,train
ZSCAN25,lumefantrine,ambiguous,train
ZSCAN25,apixaban,positive,train
ZSCAN25,perampanel,positive,train
ZSCAN25,lopinavir,positive,train
ZSCAN25,tacrolimus,positive,validation
ZSCAN25,opioids,positive,train
CD84,adalimumab,negative,train
CD84,ustekinumab,negative,test
CD84,etanercept,positive,train
TRPM6,proton pump inhibitors,positive,train
GRAMD1B,lithium,positive,train
CEP68,aspirin,positive,train
PRKCB,atenolol,positive,train
PRKCB,dexmedetomidine,positive,test
DSE,abiraterone,positive,test
DSE,prednisolone,positive,train
PAX8,levothyroxine,positive,train
IP6K2,dextrorphan,positive,train
IP6K2,dextromethorphan,positive,train
IP6K2,pravastatin,negative,train
EPB41,bupropion,positive,train
EPB41,nicotine,positive,train
MAFK,isoniazid,ambiguous,test
MAFK,rifampin,positive,train
CSMD3,diuretics,negative,validation
CSMD3,"thiazides, plain",negative,train
CSMD3,hydrochlorothiazide,negative,train
FOXO1,fluorouracil,positive,train
FOXO1,cyclophosphamide,positive,train
FOXO1,epirubicin,positive,train
RRM1,platinum compounds,positive,test
RRM1,ara-ctp,positive,train
RRM1,azathioprine,positive,train
RRM1,capecitabine,negative,train
RRM1,carboplatin,ambiguous,test
RRM1,cisplatin,ambiguous,train
RRM1,cladribine,positive,train
RRM1,cytarabine,positive,train
RRM1,docetaxel,negative,validation
RRM1,epirubicin,negative,train
RRM1,gemcitabine,ambiguous,train
RRM1,paclitaxel,negative,train
AK4,adefovir dipivoxil,positive,train
AK4,tenofovir,positive,validation
SLCO6A1,daunorubicin,positive,train
SLCO6A1,doxorubicin,positive,validation
SLC17A3,bumetanide,positive,validation
LIMD1,cefaclor,positive,train
CA10,fluticasone propionate,positive,test
CA10,montelukast,positive,train
UGT1A5,tenofovir,negative,test
UGT1A5,fesoterodine,positive,validation
UGT1A5,febuxostat,positive,train
UGT1A5,acetaminophen glucuronide,positive,train
UGT1A5,n-desmethylclozapine,positive,validation
UGT1A5,acetaminophen,positive,validation
UGT1A5,allopurinol,positive,train
UGT1A5,atorvastatin,positive,train
UGT1A5,ketamine,positive,train
UGT1A5,methotrexate,ambiguous,train
UGT1A5,morphine,positive,validation
UGT1A5,ondansetron,positive,test
UGT1A5,risperidone,positive,train
UGT1A5,topiramate,positive,train
UGT1A5,valproic acid,positive,train
CABCOCO1,beta blocking agents,negative,train
CABCOCO1,"thiazides, plain",negative,train
CABCOCO1,diltiazem,negative,train
ITPKC,immunoglobulins,positive,test
GRID2,6-hydroxy s-warfarin,positive,train
GRID2,6-hydroxy r-warfarin,positive,validation
GRID2,risperidone,positive,validation
PTGFR,bimatoprost,negative,test
PTGFR,latanoprost,positive,train
SULT1C4,docetaxel,positive,test
SULT1C4,thalidomide,positive,train
NR1H3,laropiprant,positive,train
NR1H3,atenolol,positive,train
NR1H3,niacin,positive,train
NR1H3,verapamil,positive,train
LIG3,carboplatin,positive,train
LIG3,cisplatin,ambiguous,train
LIG3,cyclophosphamide,ambiguous,train
LIG3,paclitaxel,positive,train
CRBN,lenalidomide,positive,test
EXO1,pemetrexed,positive,train
EXO1,fluorouracil,positive,train
EXO1,capecitabine,positive,test
EGF,cetuximab,ambiguous,validation
EGF,panitumumab,ambiguous,train
GAD2,methadone,negative,test
GAD2,methamphetamine,positive,train
LPL,rosuvastatin,positive,train
LPL,olezarsen,positive,train
LPL,atorvastatin,positive,train
LPL,fenofibrate,ambiguous,train
LPL,pioglitazone,positive,train
LPL,pravastatin,positive,train
LPL,simvastatin,positive,test
ANGPTL4,antipsychotics,negative,train
SERPINE1,corticosteroids,negative,train
SERPINE1,citalopram,positive,train
SERPINE1,dexamethasone,positive,test
SERPINE1,fluoxetine,positive,train
SERPINE1,methylprednisolone,positive,train
SERPINE1,antidepressants,positive,train
SERPINE1,antineoplastic agents,negative,validation
TYMS,pemetrexed,ambiguous,train
TYMS,fluorouracil,ambiguous,train
TYMS,bevacizumab,ambiguous,train
TYMS,oxaliplatin,ambiguous,train
TYMS,raltitrexed,positive,train
TYMS,platinum,positive,train
TYMS,dactinomycin,negative,train
TYMS,hydroxychloroquine,positive,test
TYMS,folfox,positive,train
TYMS,folfiri,positive,train
TYMS,xelox,positive,train
TYMS,asparaginase,positive,train
TYMS,azathioprine,positive,test
TYMS,capecitabine,ambiguous,train
TYMS,carboplatin,ambiguous,train
TYMS,cisplatin,ambiguous,test
TYMS,cyclophosphamide,ambiguous,train
TYMS,cytarabine,positive,train
TYMS,daunorubicin,positive,test
TYMS,docetaxel,ambiguous,test
TYMS,doxorubicin,ambiguous,train
TYMS,epirubicin,ambiguous,test
TYMS,etoposide,positive,train
TYMS,folic acid,positive,train
TYMS,gemcitabine,ambiguous,test
TYMS,irinotecan,positive,train
TYMS,leucovorin,ambiguous,test
TYMS,mercaptopurine,ambiguous,train
TYMS,methotrexate,ambiguous,test
TYMS,paclitaxel,ambiguous,train
TYMS,prednisone,positive,train
TYMS,risperidone,positive,validation
TYMS,sulfasalazine,positive,train
TYMS,trastuzumab,ambiguous,train
TYMS,vincristine,ambiguous,test
TYMS,vinorelbine,negative,train
TYMS,azacitidine,positive,train
TYMS,tegafur,ambiguous,train
TYMS,antineoplastic agents,positive,validation
IL4,"antiinflammatory agents, non-steroids",negative,train
IL4,aspirin,positive,test
FMO3,voriconazole,ambiguous,test
FMO3,anthracyclines and related substances,positive,validation
FMO3,rosuvastatin,positive,train
FMO3,itopride,positive,validation
FMO3,cotinine,negative,train
FMO3,olanzapine 10-n-glucuronide,positive,train
FMO3,teneligliptin,positive,test
FMO3,clopidogrel,positive,train
FMO3,daunorubicin,ambiguous,test
FMO3,doxorubicin,negative,train
FMO3,nicotine,ambiguous,train
FMO3,olanzapine,ambiguous,validation
FMO3,sulindac,positive,train
FMO3,tacrolimus,positive,validation
FMO3,tamoxifen,positive,train
CLNK,antihypertensives,positive,train
CYP2D7,endoxifen,positive,train
CYP2D7,dextromethorphan,negative,test
TF,adalimumab,positive,validation
RICTOR,platinum,positive,train
F8,desmopressin,positive,train
PTPRM,methotrexate,ambiguous,train
ORMDL3,fluticasone propionate,positive,train
NFATC1,mycophenolic acid,positive,validation
NFATC1,cyclosporine,positive,train
NFATC1,methotrexate,positive,train
NFATC1,prednisone,positive,train
IGHMBP2,pegaspargase,positive,train
IGHMBP2,cyclophosphamide,positive,test
IGHMBP2,cytarabine,positive,train
IGHMBP2,daunorubicin,positive,validation
IGHMBP2,doxorubicin,positive,train
IGHMBP2,mercaptopurine,positive,train
IGHMBP2,methotrexate,positive,train
IGHMBP2,thioguanine,positive,train
IGHMBP2,vincristine,positive,validation
CACNA1A,antiepileptics,negative,train
CACNA1A,celecoxib,positive,test
CACNA1A,antidepressants,positive,train
GEMIN4,asparaginase,negative,train
GEMIN4,cyclophosphamide,negative,test
GEMIN4,cytarabine,negative,train
GEMIN4,daunorubicin,negative,train
GEMIN4,mercaptopurine,negative,train
GEMIN4,methotrexate,negative,train
GEMIN4,prednisone,negative,test
GEMIN4,vincristine,negative,train
F2R,aspirin,positive,train
F2R,clopidogrel,positive,train
GGT1,cisplatin,positive,train
GGT1,paclitaxel,positive,validation
FGA,direct thrombin inhibitors,positive,train
FGA,direct factor xa inhibitors,positive,train
FGA,abciximab,positive,train
FGA,eptifibatide,positive,train
FGA,tirofiban,positive,validation
CELSR2,hmg-coa reductase inhibitors,positive,test
IDO1,peginterferon alfa-2a,ambiguous,validation
IDO1,"interferon alfa-2a, recombinant",positive,validation
IDO1,peginterferon alfa-2b,ambiguous,train
FGF2,bevacizumab,negative,train
FGF2,lenalidomide,positive,train
FGF2,fluvoxamine,positive,train
FGF2,thalidomide,positive,train
RFPL4B,o-desmethyltramadol,positive,train
RFPL4B,tramadol,positive,train
IVL,adalimumab,positive,validation
IVL,infliximab,positive,train
SLC24A4,salbutamol,positive,test
ABO,"ace inhibitors, plain",positive,train
ABO,enalapril,negative,train
ABO,hormonal contraceptives for systemic use,positive,train
TOP2B,doxorubicin,negative,train
DOT1L,candesartan,positive,test
DOT1L,hydrochlorothiazide,ambiguous,train
ABCG5,ezetimibe,positive,train
ABCG5,5'-deoxy-5-fluorouridine,positive,train
ABCG5,xelox,negative,train
NFE2L2,cisplatin,ambiguous,validation
NFE2L2,estradiol,positive,train
IFNGR1,tumor necrosis factor alpha (tnf-alpha) inhibitors,positive,validation
CNOT1,asparaginase,negative,train
CNOT1,cyclophosphamide,negative,train
CNOT1,cytarabine,negative,validation
CNOT1,daunorubicin,negative,train
CNOT1,mercaptopurine,negative,validation
CNOT1,methotrexate,negative,train
CNOT1,prednisone,negative,train
CNOT1,vincristine,negative,validation
HCG22,anthracyclines and related substances,positive,train
HCG22,triamcinolone,positive,train
ZNF215,fluorouracil,negative,train
ZNF215,cyclophosphamide,negative,validation
ZNF215,epirubicin,negative,train
ATG5,adalimumab,positive,test
ATG5,tildrakizumab,positive,train
FSIP1,aspirin,positive,train
IDH2,venetoclax,positive,train
IDH2,enasidenib,positive,validation
IDH2,vorasidenib,positive,train
ORM1,warfarin,ambiguous,train
STIM1,erythropoietin,positive,train
STIM1,gemcitabine,negative,test
STIM1,vincristine,positive,validation
COMT,duloxetine,positive,train
COMT,escitalopram,negative,train
COMT,analgesics,positive,train
COMT,"antiinflammatory agents, non-steroids",positive,train
COMT,drugs used in nicotine dependence,positive,train
COMT,ergot alkaloids,positive,train
COMT,selective serotonin reuptake inhibitors,positive,validation
COMT,butorphanol,ambiguous,train
COMT,entacapone,positive,train
COMT,pregabalin,positive,train
COMT,rasagiline,positive,train
COMT,dihydrocodeine,negative,train
COMT,piritramide,negative,train
COMT,tilidine,negative,train
COMT,levomethadone,positive,train
COMT,fremanezumab,positive,test
COMT,galcanezumab,positive,validation
COMT,erenumab,positive,train
COMT,acetaminophen,positive,test
COMT,alfentanil,positive,validation
COMT,buprenorphine,ambiguous,test
COMT,bupropion,positive,validation
COMT,cisplatin,ambiguous,train
COMT,clozapine,ambiguous,train
COMT,codeine,positive,train
COMT,dronabinol,negative,train
COMT,fentanyl,ambiguous,validation
COMT,fluoxetine,negative,train
COMT,fluvoxamine,positive,train
COMT,glucose,positive,validation
COMT,haloperidol,positive,train
COMT,hydrocodone,positive,validation
COMT,hydromorphone,ambiguous,train
COMT,ibuprofen,positive,train
COMT,levodopa,ambiguous,validation
COMT,lithium,negative,train
COMT,mercaptopurine,positive,test
COMT,methadone,ambiguous,train
COMT,methamphetamine,negative,validation
COMT,methylphenidate,ambiguous,train
COMT,modafinil,ambiguous,train
COMT,morphine,ambiguous,test
COMT,naloxone,positive,validation
COMT,naltrexone,positive,validation
COMT,nicotine,ambiguous,train
COMT,olanzapine,negative,validation
COMT,oxycodone,ambiguous,train
COMT,paroxetine,positive,train
COMT,propranolol,positive,train
COMT,quetiapine,positive,validation
COMT,raloxifene,positive,train
COMT,remifentanil,positive,train
COMT,risperidone,ambiguous,train
COMT,sufentanil,ambiguous,train
COMT,sumatriptan,positive,train
COMT,tacrolimus,negative,test
COMT,tolcapone,positive,train
COMT,tramadol,ambiguous,train
COMT,venlafaxine,ambiguous,train
COMT,antidepressants,negative,train
COMT,antipsychotics,ambiguous,test
COMT,opioids,ambiguous,validation
HLA-DQB3,irinotecan,positive,validation
PLCG2,methotrexate,ambiguous,validation
IBA57,antipsychotics,positive,test
NBAS,lithium,negative,train
ERBB3,gefitinib,positive,train
ERBB3,erlotinib,positive,test
ERBB3,lapatinib,positive,train
ERBB3,carboplatin,positive,test
ERBB3,docetaxel,positive,test
ERBB3,trastuzumab,positive,train
APBB1,pravastatin,negative,train
COL2A1,salbutamol,positive,train
HNRNPH2,migalastat,positive,train
MEX3C,bisphosphonates,positive,train
FMO1,metformin,negative,train
FMO1,nicotine,positive,train
FMO1,olanzapine,positive,train
FMO1,tamoxifen,positive,validation
TSHB,levothyroxine,positive,train
CHRM1,clozapine,positive,train
NPHS1,losartan,positive,test
PAPPA,vincristine,positive,train
PLEKHH2,atenolol,positive,train
PLEKHH2,verapamil,positive,train
HTR2A,aripiprazole,ambiguous,train
HTR2A,duloxetine,ambiguous,train
HTR2A,escitalopram,ambiguous,validation
HTR2A,analgesics,positive,test
HTR2A,"antiinflammatory agents, non-steroids",positive,validation
HTR2A,ergot alkaloids,positive,validation
HTR2A,selective serotonin reuptake inhibitors,ambiguous,train
HTR2A,milnacipran,ambiguous,validation
HTR2A,divalproex sodium,ambiguous,train
HTR2A,vilazodone,positive,train
HTR2A,desvenlafaxine,ambiguous,train
HTR2A,ustekinumab,positive,train
HTR2A,vortioxetine,positive,train
HTR2A,ivacaftor carboxylate,positive,train
HTR2A,levomilnacipran,positive,test
HTR2A,amitriptyline,ambiguous,train
HTR2A,atorvastatin,negative,test
HTR2A,buprenorphine,negative,validation
HTR2A,bupropion,ambiguous,train
HTR2A,buspirone,ambiguous,test
HTR2A,carbamazepine,ambiguous,test
HTR2A,citalopram,ambiguous,train
HTR2A,clomipramine,negative,train
HTR2A,clozapine,positive,train
HTR2A,diazepam,ambiguous,train
HTR2A,efavirenz,positive,train
HTR2A,fluoxetine,ambiguous,train
HTR2A,fluvoxamine,ambiguous,train
HTR2A,lamotrigine,ambiguous,train
HTR2A,lithium,negative,train
HTR2A,methadone,negative,validation
HTR2A,mirtazapine,ambiguous,validation
HTR2A,modafinil,ambiguous,test
HTR2A,morphine,negative,train
HTR2A,nicotine,negative,train
HTR2A,nortriptyline,ambiguous,train
HTR2A,olanzapine,ambiguous,validation
HTR2A,oxcarbazepine,ambiguous,validation
HTR2A,paroxetine,ambiguous,validation
HTR2A,phenytoin,ambiguous,validation
HTR2A,pravastatin,negative,train
HTR2A,propofol,positive,train
HTR2A,quetiapine,ambiguous,train
HTR2A,risperidone,ambiguous,test
HTR2A,sertraline,ambiguous,train
HTR2A,simvastatin,negative,train
HTR2A,sumatriptan,positive,validation
HTR2A,trazodone,ambiguous,train
HTR2A,valproic acid,ambiguous,train
HTR2A,venlafaxine,ambiguous,train
HTR2A,ziprasidone,ambiguous,train
HTR2A,antidepressants,ambiguous,train
HTR2A,antipsychotics,ambiguous,train
HTR2A,moclobemide,negative,train
HTR2A,opioids,ambiguous,train
STK24,tenofovir,negative,train
SRD5A2,dutasteride,negative,train
SRD5A2,abiraterone,ambiguous,train
ECT2L,anthracyclines and related substances,positive,test
ACYP2,oxaliplatin,negative,train
ACYP2,cisplatin,ambiguous,train
PPA2,risperidone,positive,train
BCL6,brentuximab vedotin,positive,train
BCL6,polatuzumab vedotin,positive,train
HCRTR1,nivasorexant,positive,train
ANKRD30B,corticosteroids,positive,train
MMADHC,betaine,positive,train
SCN5A,pilsicainide,positive,train
SCN5A,cisapride,positive,validation
SCN5A,lidocaine,positive,validation
SCN5A,propafenone,positive,train
PDGFRB,imatinib,positive,train
PDGFRB,fluorouracil,positive,validation
PDGFRB,bevacizumab,positive,test
PDGFRB,sunitinib,positive,test
PDGFRB,irinotecan,positive,train
PDGFRB,leucovorin,positive,train
PDGFRB,sorafenib,positive,train
TLR2,adalimumab,positive,test
TLR2,tumor necrosis factor alpha (tnf-alpha) inhibitors,positive,train
TLR2,fentanyl,negative,train
TLR2,morphine,positive,validation
TLR2,tacrolimus,negative,train
TLR2,infliximab,positive,train
TNFRSF8,brentuximab vedotin,positive,train
DYNC2H1,platinum compounds,positive,train
DYNC2H1,etoposide,positive,train
TRPM8,botulinum toxin type a,negative,train
SLC10A2,anthracyclines and related substances,positive,test
SLC10A2,daunorubicin,negative,train
SLC10A2,docetaxel,positive,train
SLC10A2,doxorubicin,negative,train
SLC10A2,thalidomide,positive,train
BTG4,oxaliplatin,negative,test
UST,nortriptyline,positive,train
GALR1,bupropion,positive,validation
GALR1,nicotine,ambiguous,validation
ALDH1L1,methionine,positive,train
ALDH1L1,methylphenidate,positive,validation
RAD52,cisplatin,ambiguous,train
RAD52,cyclophosphamide,ambiguous,train
RAD52,hydrochlorothiazide,positive,train
ALK,pemetrexed,positive,train
ALK,crizotinib,positive,train
ALK,brentuximab vedotin,positive,train
ALK,pembrolizumab,positive,train
ALK,ceritinib,positive,test
ALK,nivolumab,positive,test
ALK,atezolizumab,positive,train
ALK,alectinib,positive,test
ALK,brigatinib,positive,train
ALK,durvalumab,positive,train
ALK,ipilimumab,positive,train
ALK,lorlatinib,positive,train
ALK,ramucirumab,positive,train
ALK,tepotinib,positive,train
ALK,cemiplimab-rwlc,positive,train
ALK,tremelimumab,positive,train
ALK,ensartinib,positive,validation
ALK,carbamazepine,positive,train
MROH2A,acetaminophen glucuronide,positive,train
MROH2A,levothyroxine,negative,train
MROH2A,methotrexate,negative,train
PKD1L2,methotrexate,positive,test
VHL,belzutifan,positive,validation
SLC25A31,atenolol,positive,train
SLC25A31,hydrochlorothiazide,positive,validation
SLC25A31,metoprolol,positive,train
CXCL5,hmg-coa reductase inhibitors,positive,train
ADRA2B,brimonidine,positive,validation
ADRA2B,clonidine,ambiguous,train
ADRA2B,dexmedetomidine,positive,validation
ADRA2B,dopamine,positive,test
ADRA2B,epinephrine,positive,train
ADRA2B,isoproterenol,positive,train
ADRA2B,norepinephrine,positive,train
ADRA2B,yohimbine,positive,train
CDKAL1,"sulfonamides, urea derivatives",negative,train
CDKAL1,dipeptidyl peptidase 4 (dpp-4) inhibitors,positive,train
CDKAL1,tumor necrosis factor alpha (tnf-alpha) inhibitors,positive,test
CDKAL1,sitagliptin,positive,test
CDKAL1,glimepiride,negative,validation
CDKAL1,glipizide,negative,test
CDKAL1,glyburide,negative,train
BDNF-AS,escitalopram,negative,train
BDNF-AS,citalopram,negative,validation
BDNF-AS,lithium,negative,test
BDNF-AS,methadone,positive,train
BDNF-AS,sertraline,negative,validation
BDNF-AS,antidepressants,positive,train
BDNF-AS,antipsychotics,positive,train
BDNF-AS,opioids,positive,train
BDNF-AS,heroin,positive,validation
SOD1,tofersen,positive,train
H19,platinum compounds,positive,train
KL,corticosteroids,positive,train
KL,"antiinflammatory agents, non-steroids",positive,test
KL,beta blocking agents,positive,validation
ADH1C,abacavir,ambiguous,train
ADH1C,ethanol,ambiguous,validation
ADH1C,cisplatin,positive,train
ADH1C,cyclophosphamide,positive,train
ADH1C,naltrexone,positive,validation
CYP51A1,glyburide,positive,train
ADCY9,dalcetrapib,positive,train
ADCY9,salbutamol,positive,train
ADCY9,antidepressants,positive,test
EPAS1,bevacizumab,negative,train
EPAS1,anthracyclines and related substances,negative,train
EPAS1,taxanes,negative,train
EPAS1,ranibizumab,negative,train
EPAS1,cyclophosphamide,negative,train
EPAS1,docetaxel,negative,validation
EPAS1,epirubicin,negative,test
EPAS1,indomethacin,negative,validation
EPAS1,sorafenib,ambiguous,validation
VASP,hydrochlorothiazide,positive,test
F2RL1,dexamethasone,positive,train
TM6SF2,ethanol,negative,train
APEH,valproic acid,positive,train
TBXA2R,aspirin,ambiguous,train
GABRP,selective serotonin reuptake inhibitors,positive,train
GABRP,pembrolizumab,positive,train
GABRP,nivolumab,positive,train
GABRP,atezolizumab,positive,train
GABRP,avelumab,positive,validation
GABRP,durvalumab,positive,train
GABRP,ipilimumab,positive,train
GABRP,venlafaxine,positive,validation
GABRP,antidepressants,positive,train
MPZ,warfarin,negative,train
CRHR1,corticosteroids,ambiguous,train
CRHR1,bevacizumab,negative,validation
CRHR1,ranibizumab,negative,test
CRHR1,fluticasone / salmeterol,ambiguous,train
CRHR1,beclomethasone,ambiguous,train
CRHR1,budesonide,ambiguous,train
CRHR1,fluoxetine,positive,train
CRHR1,fluticasone propionate,ambiguous,train
CRHR1,antidepressants,positive,train
CRHR1,glucocorticoids,positive,test
IL7R,glatiramer acetate,negative,validation
ABCB5,talinolol,negative,train
ABCB5,cisplatin,negative,train
ABCB5,haloperidol,positive,validation
MPO,clozapine,negative,train
SLC1A1,selective serotonin reuptake inhibitors,positive,train
SLC1A1,clozapine,positive,validation
SLC1A1,irinotecan,negative,train
SLC1A1,olanzapine,positive,train
SLC1A1,risperidone,positive,test
CNIH3,opioids,positive,train
ALOX12,celecoxib,positive,train
MEGF11,fluorouracil,positive,train
CYP3A7,etonogestrel,positive,train
CYP3A7,atorvastatin,positive,train
CYP3A7,cortisone acetate,positive,train
CYP3A7,cyclosporine,positive,train
CYP3A7,donepezil,negative,train
CYP3A7,risperidone,negative,validation
CYP3A7,tacrolimus,positive,train
DGKH,lithium,negative,validation
RABEP1,aripiprazole,positive,train
RABEP1,amisulpride,positive,validation
RABEP1,paliperidone,positive,train
RABEP1,clozapine,positive,train
RABEP1,glucose,positive,train
RABEP1,lithium,positive,train
RABEP1,mirtazapine,positive,train
RABEP1,olanzapine,positive,train
RABEP1,quetiapine,positive,train
RABEP1,risperidone,positive,test
RABEP1,valproic acid,positive,test
ARRB1,albiglutide,positive,train
ARRB1,dulaglutide,positive,train
ARRB1,glp-1 receptor agonists,positive,test
ZNF134,methylphenidate,positive,validation
MIEF2,duloxetine,positive,train
PTH1R,dexamethasone,negative,train
RRP1B,atenolol,positive,train
ZFAND3,vincristine,positive,validation
EPHX1,fluindione,negative,train
EPHX1,radiotherapy,positive,train
EPHX1,acetylcysteine,positive,test
EPHX1,carbamazepine,ambiguous,train
EPHX1,cisplatin,ambiguous,validation
EPHX1,cyclophosphamide,ambiguous,train
EPHX1,docetaxel,positive,train
EPHX1,phenprocoumon,positive,train
EPHX1,phenytoin,positive,train
EPHX1,warfarin,ambiguous,train
SLCO1C1,adalimumab,negative,test
SLCO1C1,tumor necrosis factor alpha (tnf-alpha) inhibitors,ambiguous,train
SLCO1C1,etanercept,positive,train
SLCO1C1,infliximab,positive,train
RABGAP1L,ethanol,positive,validation
NME2,adefovir dipivoxil,positive,train
NME2,tenofovir,positive,test
NME2,lamivudine,positive,test
NME2,zidovudine,positive,test
NUDT1,8-oxo-dgtp,positive,train
XPO1,drugs for treatment of tuberculosis,ambiguous,train
XPO1,isoniazid,ambiguous,train
XPO1,rifampin,positive,train
KCNK2,sevoflurane,positive,test
SREBF2,endoxifen,positive,train
SREBF2,n-desmethyltamoxifen,positive,train
SREBF2,simvastatin,negative,test
UGT2B10,cotinine,ambiguous,validation
UGT2B10,n-desmethylclozapine,positive,train
UGT2B10,clozapine,positive,train
UGT2B10,dexmedetomidine,positive,test
UGT2B10,nicotine,ambiguous,train
UGT2B10,olanzapine,positive,train
IKBKB,gefitinib,ambiguous,train
IKBKB,aspirin,negative,train
MS4A2,gemcitabine,positive,train
GALNT2,atenolol,positive,train
DUSP1,salbutamol,ambiguous,test
NR1I3,fluorouracil,negative,test
NR1I3,taxanes,positive,train
NR1I3,sunitinib,positive,train
NR1I3,varenicline,negative,train
NR1I3,levomethadone,positive,train
NR1I3,carbamazepine,positive,train
NR1I3,docetaxel,positive,train
NR1I3,efavirenz,ambiguous,train
NR1I3,irinotecan,negative,train
NR1I3,leucovorin,negative,train
NR1I3,nevirapine,positive,validation
NR1I3,tacrolimus,negative,train
NR1I3,warfarin,ambiguous,train
GLDC,escitalopram,positive,train
GLDC,citalopram,positive,train
SLC5A2,empagliflozin,negative,train
MS4A1,tositumomab,positive,train
MS4A1,ibritumomab,positive,test
MS4A1,ofatumumab,positive,train
MS4A1,obinutuzumab,positive,train
MS4A1,rituximab,positive,train
GLP1R,sunitinib,positive,validation
GLP1R,dipeptidyl peptidase 4 (dpp-4) inhibitors,positive,train
GLP1R,sitagliptin,ambiguous,train
GLP1R,exenatide,positive,test
GLP1R,vildagliptin,ambiguous,train
GLP1R,saxagliptin,positive,train
GLP1R,liraglutide,ambiguous,train
GLP1R,albiglutide,ambiguous,train
GLP1R,dulaglutide,ambiguous,test
GLP1R,semaglutide,ambiguous,test
GLP1R,glp-1 receptor agonists,ambiguous,train
GLP1R,linagliptin,positive,train
GLP1R,gemigliptin,positive,train
GLP1R,clozapine,positive,train
GLP1R,olanzapine,positive,train
GLT1D1,leukotriene receptor antagonists,positive,train
FAIM2,escitalopram,positive,train
FAIM2,citalopram,positive,train
FAIM2,fluoxetine,positive,validation
FAIM2,fluvoxamine,positive,train
FAIM2,paroxetine,positive,train
FAIM2,sertraline,positive,test
DDO,topotecan,positive,test
PPARG,fluorouracil,negative,train
PPARG,varenicline,negative,train
PPARG,aspirin,positive,train
PPARG,celecoxib,positive,train
PPARG,clozapine,negative,test
PPARG,diclofenac,positive,train
PPARG,irinotecan,negative,train
PPARG,leucovorin,negative,train
PPARG,metformin,positive,train
PPARG,olanzapine,positive,train
PPARG,pioglitazone,ambiguous,train
PPARG,rosiglitazone,ambiguous,train
PPARG,antipsychotics,negative,validation
GRK4,nebivolol,positive,train
GRK4,labetalol,positive,validation
GRK4,acebutolol,positive,test
GRK4,atenolol,positive,test
GRK4,betaxolol,positive,train
GRK4,bisoprolol,positive,validation
GRK4,carvedilol,positive,train
GRK4,esmolol,positive,train
GRK4,metoprolol,ambiguous,train
GRK4,nadolol,positive,train
GRK4,pindolol,positive,train
GRK4,propranolol,positive,train
GRK4,sotalol,positive,train
GRK4,verapamil,positive,train
ACTN1,vincristine,positive,train
VEGFA,adalimumab,positive,train
VEGFA,cetuximab,ambiguous,train
VEGFA,imatinib,negative,test
VEGFA,pemetrexed,positive,train
VEGFA,fluorouracil,ambiguous,validation
VEGFA,bevacizumab,ambiguous,train
VEGFA,anthracyclines and related substances,negative,test
VEGFA,oxaliplatin,ambiguous,train
VEGFA,taxanes,ambiguous,train
VEGFA,lenalidomide,ambiguous,train
VEGFA,sunitinib,positive,train
VEGFA,panitumumab,negative,train
VEGFA,ranibizumab,ambiguous,train
VEGFA,pegaptanib,positive,train
VEGFA,pazopanib,positive,test
VEGFA,aflibercept,positive,train
VEGFA,carfilzomib,positive,train
VEGFA,vegf/vegfr (vascular endothelial growth factor) inhibitors,positive,train
VEGFA,salbutamol,positive,train
VEGFA,capecitabine,ambiguous,train
VEGFA,carboplatin,positive,train
VEGFA,celecoxib,positive,train
VEGFA,cisplatin,ambiguous,train
VEGFA,cyclophosphamide,ambiguous,test
VEGFA,dexamethasone,positive,train
VEGFA,docetaxel,ambiguous,train
VEGFA,enalapril,ambiguous,train
VEGFA,epirubicin,negative,train
VEGFA,irinotecan,ambiguous,train
VEGFA,leucovorin,ambiguous,test
VEGFA,paclitaxel,positive,validation
VEGFA,sildenafil,positive,validation
VEGFA,thalidomide,negative,train
VEGFA,warfarin,positive,validation
VEGFA,sorafenib,positive,train
ADCK1,paliperidone,positive,validation
PDK1,celecoxib,positive,train
CRP,adalimumab,positive,train
CRP,rosuvastatin,positive,train
CRP,"antiinflammatory agents, non-steroids",positive,train
CRP,fenofibrate,ambiguous,validation
CRP,tacrolimus,negative,train
CRP,warfarin,positive,train
SELE,fluorouracil,positive,test
SELE,oxaliplatin,positive,train
SELE,capecitabine,positive,train
SELE,leucovorin,positive,train
GRIA1,almotriptan,negative,train
GRIA1,eletriptan,negative,train
GRIA1,selective serotonin reuptake inhibitors,positive,train
GRIA1,frovatriptan,negative,train
GRIA1,pegaspargase,negative,train
GRIA1,l-asparagine,positive,train
GRIA1,asparaginase,positive,train
GRIA1,haloperidol,positive,validation
GRIA1,rizatriptan,negative,train
GRIA1,sumatriptan,negative,train
GRIA1,zolmitriptan,negative,validation
SLC14A2,clopidogrel,positive,train
SLC14A2,nifedipine,positive,train
ALDH2,acetaldehyde,positive,train
ALDH2,ethanol,ambiguous,train
ALDH2,cisplatin,positive,test
ALDH2,disulfiram,positive,validation
ALDH2,docetaxel,positive,train
ALDH2,naltrexone,positive,train
ALDH2,nitroglycerin,positive,validation
ALDH2,heroin,positive,train
FAM201A,warfarin,positive,train
SERPINA5,carboplatin,positive,train
SERPINA5,gemcitabine,positive,validation
PON2,antidepressants,positive,train
HFE,adalimumab,positive,train
HFE,erythropoietin,positive,validation
HFE,pazopanib,positive,test
HFE,atenolol,negative,test
HFE,daunorubicin,positive,validation
HFE,doxorubicin,positive,train
HFE,iron,positive,test
PER2,lithium,negative,train
GSTP1,imatinib,negative,train
GSTP1,corticosteroids,negative,train
GSTP1,fluorouracil,ambiguous,train
GSTP1,bevacizumab,negative,train
GSTP1,anthracyclines and related substances,positive,test
GSTP1,oxaliplatin,ambiguous,train
GSTP1,taxanes,positive,train
GSTP1,platinum,positive,train
GSTP1,lenalidomide,positive,validation
GSTP1,"antivirals for treatment of hiv infections, combinations",negative,train
GSTP1,platinum compounds,ambiguous,train
GSTP1,ethambutol,negative,train
GSTP1,nilotinib,positive,train
GSTP1,radiotherapy,ambiguous,train
GSTP1,dimethyl fumarate,positive,train
GSTP1,folfox,positive,train
GSTP1,xelox,positive,validation
GSTP1,asparaginase,negative,validation
GSTP1,aspirin,positive,train
GSTP1,azathioprine,negative,train
GSTP1,bleomycin,ambiguous,train
GSTP1,busulfan,positive,train
GSTP1,capecitabine,ambiguous,validation
GSTP1,carboplatin,positive,validation
GSTP1,cisplatin,ambiguous,train
GSTP1,clozapine,negative,validation
GSTP1,cyclophosphamide,ambiguous,train
GSTP1,cytarabine,negative,train
GSTP1,daunorubicin,positive,train
GSTP1,dexamethasone,negative,validation
GSTP1,diphenhydramine,negative,train
GSTP1,docetaxel,negative,train
GSTP1,doxorubicin,ambiguous,train
GSTP1,epirubicin,ambiguous,train
GSTP1,etoposide,ambiguous,test
GSTP1,gemcitabine,ambiguous,train
GSTP1,irinotecan,ambiguous,train
GSTP1,isoniazid,ambiguous,test
GSTP1,leucovorin,ambiguous,test
GSTP1,levamisole,positive,test
GSTP1,mercaptopurine,ambiguous,train
GSTP1,methotrexate,ambiguous,train
GSTP1,olanzapine,positive,train
GSTP1,paclitaxel,ambiguous,train
GSTP1,prednisone,negative,train
GSTP1,pyrazinamide,negative,train
GSTP1,ranitidine,negative,train
GSTP1,rifampin,ambiguous,validation
GSTP1,sevoflurane,positive,train
GSTP1,streptomycin,negative,train
GSTP1,temozolomide,positive,train
GSTP1,thiotepa,positive,train
GSTP1,trastuzumab,negative,test
GSTP1,vincristine,negative,train
GSTP1,antineoplastic agents,negative,train
PRKCE,radiotherapy,positive,train
PRKCE,donepezil,positive,train
PRKCE,galantamine,positive,train
PRKCE,perphenazine,positive,train
PRKCE,rivastigmine,positive,validation
PRKCE,sorafenib,positive,validation
SOD2,"antiinflammatory and antirheumatic products, non-steroids",positive,test
SOD2,fluorouracil,negative,train
SOD2,anthracyclines and related substances,negative,train
SOD2,oxaliplatin,negative,train
SOD2,antiepileptics,positive,test
SOD2,analgesics and anesthetics,positive,train
SOD2,antibiotics,positive,validation
SOD2,antifungals for systemic use,positive,test
SOD2,antimycobacterials,positive,train
SOD2,antithyroid preparations,positive,validation
SOD2,drugs for treatment of tuberculosis,positive,validation
SOD2,bilirubin,positive,train
SOD2,asparaginase,positive,train
SOD2,cisplatin,negative,train
SOD2,clozapine,negative,validation
SOD2,cyclophosphamide,positive,train
SOD2,daunorubicin,positive,train
SOD2,docetaxel,positive,validation
SOD2,doxorubicin,positive,train
SOD2,epirubicin,ambiguous,train
SOD2,isoniazid,negative,train
SOD2,methotrexate,positive,train
SOD2,paclitaxel,positive,train
SOD2,valproic acid,positive,train
SOD2,heroin,ambiguous,validation
NCOA7,capecitabine,positive,train
SLC1A2,botulinum toxin type a,negative,validation
MAP3K14,adalimumab,negative,train
MAP3K14,infliximab,negative,train
DROSHA,asparaginase,negative,train
DROSHA,cyclophosphamide,ambiguous,test
DROSHA,cytarabine,ambiguous,train
DROSHA,daunorubicin,ambiguous,train
DROSHA,mercaptopurine,ambiguous,train
DROSHA,methotrexate,ambiguous,validation
DROSHA,prednisone,ambiguous,test
DROSHA,vincristine,ambiguous,train
CYP2A7,mercaptopurine,positive,train
PARP11,antidepressants,positive,train
LINC00478,selective serotonin reuptake inhibitors,negative,train
ZNF536,nicotine,negative,train
APC,nirogacestat,positive,validation
SLCO4C1,daunorubicin,positive,train
SLCO4C1,doxorubicin,positive,test
CDKL5,ganaxolone,positive,train
SH2D5,gemcitabine,positive,train
RIPOR2,drugs for treatment of tuberculosis,positive,train
RIPOR2,rifampin,positive,train
RASSF1,cetuximab,ambiguous,validation
PDGFRA,imatinib,ambiguous,train
PDGFRA,sunitinib,negative,train
PDGFRA,olaratumab,positive,train
PDGFRA,avapritinib,positive,train
PDGFRA,mepolizumab,positive,train
INHBA,bevacizumab,negative,train
INHBA,ranibizumab,negative,train
GRM7,methylphenidate,ambiguous,train
GRM7,risperidone,positive,train
TK1,fluorouracil,negative,train
TK1,capecitabine,negative,test
TK1,zidovudine,positive,train
CD33,gemtuzumab ozogamicin,positive,test
BAZ2B,gemcitabine,positive,train
XRCC5,platinum,positive,train
XRCC5,thalidomide,positive,validation
TUBB3,vincristine,negative,train
CACNA1C,calcium channel blockers,positive,train
CACNA1C,antiepileptics,negative,validation
CACNA1C,nitrendipine,ambiguous,validation
CACNA1C,diuretics,ambiguous,train
CACNA1C,antibiotics,ambiguous,train
CACNA1C,lacidipine,ambiguous,train
CACNA1C,ethanol,positive,train
CACNA1C,amiodarone,ambiguous,train
CACNA1C,amlodipine,positive,train
CACNA1C,atenolol,positive,validation
CACNA1C,celecoxib,positive,train
CACNA1C,citalopram,positive,test
CACNA1C,felodipine,positive,train
CACNA1C,haloperidol,positive,train
CACNA1C,nifedipine,ambiguous,train
CACNA1C,nimodipine,ambiguous,test
CACNA1C,olanzapine,negative,train
CACNA1C,quetiapine,negative,test
CACNA1C,quinidine,ambiguous,test
CACNA1C,risperidone,negative,train
CACNA1C,ritodrine,ambiguous,test
CACNA1C,sotalol,ambiguous,train
CACNA1C,valproic acid,positive,test
CACNA1C,verapamil,ambiguous,train
CACNA1C,warfarin,negative,train
CACNA1C,antipsychotics,ambiguous,train
NOS3,fluorouracil,ambiguous,train
NOS3,anthracyclines and related substances,positive,validation
NOS3,oxaliplatin,ambiguous,validation
NOS3,hmg-coa reductase inhibitors,positive,train
NOS3,diuretics,positive,train
NOS3,sunitinib,positive,train
NOS3,"ace inhibitors, plain",positive,validation
NOS3,angiotensin ii antagonists,positive,train
NOS3,antihypertensives,positive,test
NOS3,antihypertensives and diuretics in combination,positive,test
NOS3,beta blocking agents,positive,train
NOS3,platinum compounds,positive,test
NOS3,salvianolic acid b,positive,train
NOS3,hydralazine / isosorbide dinitrate,positive,train
NOS3,salbutamol,negative,validation
NOS3,l-arginine,positive,train
NOS3,aspirin,positive,train
NOS3,atorvastatin,positive,test
NOS3,clopidogrel,ambiguous,test
NOS3,cyclophosphamide,ambiguous,test
NOS3,cytarabine,positive,validation
NOS3,daunorubicin,positive,train
NOS3,digoxin,positive,train
NOS3,doxorubicin,ambiguous,train
NOS3,enalapril,ambiguous,train
NOS3,epirubicin,ambiguous,validation
NOS3,hydrochlorothiazide,positive,train
NOS3,ibuprofen,positive,train
NOS3,leucovorin,positive,test
NOS3,methotrexate,positive,train
NOS3,nortriptyline,positive,train
NOS3,prednisone,positive,train
NOS3,sildenafil,positive,train
NOS3,spironolactone,positive,train
NOS3,vincristine,positive,train
NOS3,antipsychotics,negative,validation
NOS3,sorafenib,positive,train
COL6A3,fluorouracil,positive,test
COL6A3,capecitabine,positive,train
UGT2B7,fluorouracil,negative,train
UGT2B7,cannabinoids,positive,train
UGT2B7,hmg-coa reductase inhibitors,positive,train
UGT2B7,taxanes,positive,validation
UGT2B7,drugs for treatment of tuberculosis,positive,train
UGT2B7,labetalol,negative,train
UGT2B7,aprepitant,positive,test
UGT2B7,mycophenolic acid,ambiguous,train
UGT2B7,silodosin,positive,validation
UGT2B7,ticagrelor,ambiguous,validation
UGT2B7,abt-751,negative,train
UGT2B7,tamoxifen-n-glucuronide,negative,train
UGT2B7,morphine-3-glucuronide,ambiguous,train
UGT2B7,mycophenolic acid acyl glucuronide,positive,train
UGT2B7,ar-c124910xx,negative,train
UGT2B7,n-desmethylclozapine,positive,validation
UGT2B7,diclofenac acyl glucuronide,positive,train
UGT2B7,s-eddp,positive,train
UGT2B7,buprenorphine / naloxone,positive,test
UGT2B7,levomethadone,positive,train
UGT2B7,letrozole carbinol,negative,train
UGT2B7,letrozole carbinol glucuronide,negative,train
UGT2B7,buprenorphine,ambiguous,validation
UGT2B7,carbamazepine,ambiguous,train
UGT2B7,carvedilol,positive,validation
UGT2B7,ciprofloxacin,positive,train
UGT2B7,cisplatin,negative,train
UGT2B7,clopidogrel,positive,train
UGT2B7,clozapine,positive,test
UGT2B7,codeine,ambiguous,train
UGT2B7,cyclophosphamide,negative,test
UGT2B7,diclofenac,positive,train
UGT2B7,efavirenz,ambiguous,test
UGT2B7,epirubicin,negative,validation
UGT2B7,fentanyl,ambiguous,validation
UGT2B7,flurbiprofen,positive,validation
UGT2B7,haloperidol,positive,train
UGT2B7,hydromorphone,negative,validation
UGT2B7,ibuprofen,positive,test
UGT2B7,lamotrigine,ambiguous,train
UGT2B7,leucovorin,negative,validation
UGT2B7,lorazepam,positive,train
UGT2B7,losartan,positive,train
UGT2B7,methadone,ambiguous,train
UGT2B7,morphine,ambiguous,train
UGT2B7,mycophenolate mofetil,ambiguous,test
UGT2B7,naloxone,positive,test
UGT2B7,oxazepam,positive,validation
UGT2B7,oxcarbazepine,ambiguous,train
UGT2B7,oxycodone,ambiguous,train
UGT2B7,tamoxifen,negative,validation
UGT2B7,tramadol,positive,train
UGT2B7,valproic acid,ambiguous,train
UGT2B7,zidovudine,ambiguous,train
UGT2B7,opioids,negative,train
UGT2B7,morphine-6-glucuronide,negative,train
CBR3,fluorouracil,positive,train
CBR3,anthracyclines and related substances,ambiguous,test
CBR3,chop,positive,validation
CBR3,cyclophosphamide,positive,train
CBR3,cytarabine,positive,train
CBR3,daunorubicin,ambiguous,test
CBR3,doxorubicin,ambiguous,test
CBR3,epirubicin,positive,validation
CBR3,idarubicin,positive,train
CBR3,paclitaxel,positive,train
CBR3,rituximab,positive,train
CBR3,trastuzumab,positive,train
HLA-G,fluorouracil,ambiguous,train
HLA-G,hmg-coa reductase inhibitors,positive,test
HLA-G,capecitabine,ambiguous,train
HLA-G,methotrexate,ambiguous,validation
HLA-G,simvastatin,positive,train
KCNQ3,celecoxib,positive,train
OR2B11,axitinib,positive,train
ABCG8,ezetimibe,positive,train
ABCG8,atorvastatin,ambiguous,train
ABCG8,simvastatin,positive,train
NUBPL,iloperidone,positive,train
TJP1,risperidone,positive,train
TNFRSF11A,zoledronate,positive,train
TNFRSF11A,pyrazolones,positive,train
TNFRSF11A,acetaminophen,positive,validation
TNFRSF11A,alendronate,negative,train
TNFRSF11A,anastrozole,negative,train
TNFRSF11A,aspirin,positive,train
TNFRSF11A,diclofenac,positive,test
TNFRSF11A,letrozole,negative,train
TNFRSF11A,pamidronate,positive,train
TNFRSF11A,propionic acid derivatives,positive,test
TNFRSF11A,risperidone,positive,train
TBC1D1,clozapine,positive,validation
TBC1D1,olanzapine,positive,train
TBC1D1,antipsychotics,negative,train
GCKR,fluorouracil,positive,test
GCKR,oxaliplatin,positive,train
GCKR,ethanol,positive,train
GCKR,epirubicin,positive,train
GCKR,fenofibrate,positive,validation
TRAC,clozapine,positive,train
SLC29A1,valganciclovir,negative,train
SLC29A1,peginterferon alfa-2a,positive,train
SLC29A1,peginterferon alfa-2b,positive,train
SLC29A1,tipiracil hydrochloride,positive,test
SLC29A1,azathioprine,positive,train
SLC29A1,cyclosporine,positive,train
SLC29A1,cytarabine,ambiguous,train
SLC29A1,gemcitabine,ambiguous,validation
SLC29A1,mercaptopurine,positive,train
SLC29A1,methotrexate,positive,train
SLC29A1,paclitaxel,positive,train
SLC29A1,ribavirin,positive,train
SLC29A1,trifluridine,positive,train
GABRB1,antipsychotics,positive,validation
DUX1,cisplatin,negative,train
DUX1,cyclophosphamide,negative,validation
DUX1,isoniazid,positive,test
DUX1,rifampin,positive,validation
DUX1,sevoflurane,positive,train
DUX1,tacrolimus,negative,test
PPP1R14C,anastrozole,negative,train
PPP1R14C,exemestane,negative,test
PPP1R14C,letrozole,negative,train
NECAB1,aspirin,positive,train
NECAB1,clopidogrel,positive,test
PRKAA1,metformin,ambiguous,validation
VKORC1L1,warfarin,positive,train
RNF8,carboplatin,positive,validation
RNF8,docetaxel,positive,test
RNF8,trastuzumab,positive,test
RIGI,radiotherapy,positive,train
PSMD14,risperidone,positive,test
FGF5,beta blocking agents,negative,train
FGF5,"thiazides, plain",negative,test
FGF5,atenolol,negative,train
FGF5,diltiazem,negative,train
FGF5,hydrochlorothiazide,negative,train
TRPA1,cisplatin,positive,train
DPT,gefitinib,negative,train
IL1A,almotriptan,negative,train
IL1A,eletriptan,negative,test
IL1A,frovatriptan,negative,train
IL1A,aspirin,negative,validation
IL1A,diclofenac,negative,validation
IL1A,ibuprofen,negative,train
IL1A,indomethacin,negative,test
IL1A,ketorolac,negative,train
IL1A,naproxen,negative,test
IL1A,olanzapine,positive,train
IL1A,rizatriptan,negative,train
IL1A,sufentanil,negative,train
IL1A,sumatriptan,negative,train
IL1A,zolmitriptan,negative,train
KLKB1,ecallantide,positive,validation
IFNL4,tenofovir,ambiguous,train
IFNL4,interferon alfa-n1,positive,train
IFNL4,peginterferon alfa-2a,ambiguous,train
IFNL4,"interferon alfa-2a, recombinant",positive,train
IFNL4,"interferon alfa-2b, recombinant",positive,train
IFNL4,peginterferon alfa-2b,ambiguous,validation
IFNL4,boceprevir,positive,train
IFNL4,telaprevir,ambiguous,train
IFNL4,simeprevir,positive,train
IFNL4,sofosbuvir,ambiguous,train
IFNL4,deleobuvir,positive,train
IFNL4,faldaprevir,positive,train
IFNL4,ledipasvir,positive,train
IFNL4,daclatasvir,positive,train
IFNL4,asunaprevir,positive,test
IFNL4,ombitasvir / paritaprevir / ritonavir,positive,train
IFNL4,velpatasvir,positive,train
IFNL4,ledipasvir / sofosbuvir,positive,validation
IFNL4,elbasvir / grazoprevir,positive,test
IFNL4,voxilaprevir,positive,train
IFNL4,highly active antiretroviral therapy (haart),positive,test
IFNL4,direct acting antivirals,positive,train
IFNL4,atorvastatin,positive,train
IFNL4,hydroxyurea,negative,test
IFNL4,ribavirin,ambiguous,train
IFNL4,interferons,ambiguous,validation
OXNAD1,chop,positive,train
OXNAD1,rituximab,positive,train
ULK3,imatinib,positive,train
MIR23A,fluorouracil,positive,train
MIR23A,capecitabine,positive,train
CDK9,methotrexate,positive,train
GSTZ1,dichloroacetic acid,positive,test
PTPN22,adalimumab,negative,train
PTPN22,tumor necrosis factor alpha (tnf-alpha) inhibitors,negative,train
PTPN22,clavulanate,positive,train
PTPN22,amoxicillin,positive,test
PTPN22,etanercept,negative,validation
PTPN22,leflunomide,negative,train
PTPN22,methotrexate,ambiguous,train
PTPN22,rituximab,negative,train
PTPN22,infliximab,negative,train
NKX2-5,levothyroxine,positive,test
HLA-DPA1,peginterferon alfa-2b,positive,train
GGCX,phenprocoumon,negative,validation
GGCX,warfarin,ambiguous,train
GGCX,acenocoumarol,ambiguous,train
GNL3,fluorouracil,positive,train
GNL3,cyclophosphamide,positive,validation
GNL3,epirubicin,positive,train
DLEU7,oxaliplatin,negative,test
NFKBIA,adalimumab,positive,train
NFKBIA,gefitinib,ambiguous,train
NFKBIA,ustekinumab,positive,validation
NFKBIA,etanercept,positive,train
NFKBIA,sufentanil,ambiguous,train
NFKBIA,infliximab,positive,train
EHMT2,antithyroid preparations,positive,train
PPM1A,nortriptyline,positive,train
USP24,rosuvastatin,positive,train
ESR1,lapatinib,positive,validation
ESR1,alkylating agents,positive,validation
ESR1,everolimus,positive,train
ESR1,fulvestrant,positive,train
ESR1,goserelin,positive,validation
ESR1,conjugated estrogens,positive,train
ESR1,varenicline,negative,test
ESR1,olaparib,positive,train
ESR1,ixabepilone,positive,train
ESR1,pertuzumab,positive,train
ESR1,neratinib,positive,train
ESR1,palbociclib,positive,test
ESR1,ribociclib,positive,test
ESR1,abemaciclib,positive,train
ESR1,eribulin,positive,train
ESR1,alpelisib,positive,train
ESR1,trastuzumab deruxtecan,positive,validation
ESR1,sacituzumab govitecan,positive,train
ESR1,elacestrant,positive,train
ESR1,capivasertib,positive,test
ESR1,inavolisib,positive,test
ESR1,imlunestrant,positive,train
ESR1,anastrozole,ambiguous,train
ESR1,atorvastatin,negative,train
ESR1,cisplatin,positive,validation
ESR1,dexamethasone,negative,train
ESR1,docetaxel,positive,train
ESR1,doxycycline,positive,train
ESR1,exemestane,positive,train
ESR1,glyburide,positive,train
ESR1,leflunomide,positive,train
ESR1,letrozole,ambiguous,train
ESR1,medroxyprogesterone,positive,train
ESR1,methamphetamine,positive,train
ESR1,morphine,negative,train
ESR1,raloxifene,ambiguous,validation
ESR1,tamoxifen,ambiguous,train
ESR1,toremifene,positive,train
ESR1,trastuzumab,positive,test
TOR1A,haloperidol,positive,train
TOLLIP,pirfenidone,positive,train
TOLLIP,acetylcysteine,ambiguous,train
TFAP2B,indomethacin,negative,train
SSTR5,lutetium (177lu) dotatate,positive,train
GAD1,methadone,ambiguous,validation
PLEKHN1,vancomycin,negative,test
SOX10,carboplatin,ambiguous,validation
SOX10,docetaxel,ambiguous,train
SOX10,paclitaxel,ambiguous,train
SKIC3,duloxetine,positive,train
RAF1,carboplatin,positive,train
RAF1,cisplatin,positive,train
RAF1,docetaxel,positive,train
RAF1,gemcitabine,positive,train
RAF1,paclitaxel,positive,validation
RAF1,sorafenib,positive,train
TNIP3,chop,positive,train
TNIP3,rituximab,positive,train
MAD1L1,carboplatin,positive,train
MAD1L1,paclitaxel,positive,train
SLC15A1,hmg-coa reductase inhibitors,positive,train
SLC15A1,cannabidiol,positive,train
SLC15A1,daunorubicin,positive,train
SLC15A1,doxorubicin,positive,train
PPP2R5E,pravastatin,negative,validation
ARFGEF3,gefitinib,negative,validation
ARFGEF3,metformin,positive,validation
WNT7B,corticosteroids,positive,train
PEAR1,prasugrel,ambiguous,train
PEAR1,platelet aggregation inhibitors excl. heparin,ambiguous,train
PEAR1,ticagrelor,positive,train
PEAR1,aspirin,ambiguous,test
PEAR1,clopidogrel,ambiguous,validation
GABRG3,antipsychotics,positive,train
HEATR4,darapladib,negative,train
PADI4,tumor necrosis factor alpha (tnf-alpha) inhibitors,negative,validation
PADI4,uric acid,positive,train
CES1,"ace inhibitors, plain",negative,train
CES1,mycophenolic acid,positive,train
CES1,dabigatran,ambiguous,train
CES1,sn-38,positive,train
CES1,rivaroxaban,positive,train
CES1,fesoterodine,positive,validation
CES1,sofosbuvir,positive,train
CES1,edoxaban,positive,validation
CES1,2-oxo-clopidogrel,positive,train
CES1,sacubitril,ambiguous,train
CES1,apixaban,positive,test
CES1,6-oxo-ritalinic acid,positive,validation
CES1,folfiri,positive,train
CES1,remimazolam,positive,test
CES1,aspirin,negative,train
CES1,capecitabine,positive,train
CES1,clopidogrel,ambiguous,train
CES1,enalapril,ambiguous,train
CES1,irinotecan,positive,train
CES1,isoniazid,ambiguous,validation
CES1,methylphenidate,ambiguous,train
CES1,mycophenolate mofetil,positive,train
CES1,oseltamivir,ambiguous,train
CES1,quinapril,negative,train
CES1,trandolapril,positive,train
CES1,heroin,positive,train
F12,enzymes,positive,validation
SSTR1,lutetium (177lu) dotatate,positive,train
BRD10,cytarabine,positive,train
BRD10,idarubicin,positive,train
GABRE,botulinum toxin type a,negative,train
